payment_id,customer_id,amount,failure_reason,payment_method,retry_count,customer_lifetime_value,previous_success_rate,previous_recovery_rate,hour,day_of_week,recovered
PAY_000001,CUS_0285,16256.71,expired_method,card,1,237779.02,0.939,0.8334,16,1,0
PAY_000002,CUS_0301,53659.85,expired_method,netbanking,0,306650.48,0.9175,0.656,22,3,1
PAY_000003,CUS_0719,43698.71,expired_method,card,2,22297.21,0.9168,0.5418,13,1,0
PAY_000004,CUS_0323,16005.67,card_declined,card,1,92223.72,0.9303,0.8256,20,4,0
PAY_000005,CUS_0395,6077.91,network_error,card,1,84947.78,0.8077,0.8596,19,3,0
PAY_000006,CUS_0655,53186.91,insufficient_funds,upi,2,175534.74,0.9067,0.7175,20,6,0
PAY_000007,CUS_0836,13536.27,expired_method,card,1,250931.46,0.869,0.9475,21,0,0
PAY_000008,CUS_0022,20304.12,network_error,card,1,280199.11,0.8038,0.6761,7,1,1
PAY_000009,CUS_0675,15637.42,card_declined,upi,0,204904.12,0.8614,0.6669,19,1,1
PAY_000010,CUS_0078,11337.12,network_error,upi,2,315059.55,0.8041,0.6873,10,1,0
PAY_000011,CUS_0400,7608.99,renewal_failed,upi,0,319776.13,0.6729,0.759,5,3,1
PAY_000012,CUS_0521,3003.87,network_error,netbanking,1,306683.1,0.8915,0.7133,19,1,1
PAY_000013,CUS_0322,6582.77,renewal_failed,upi,2,81383.62,0.8399,0.7222,21,1,0
PAY_000014,CUS_0557,7379.39,expired_method,wallet,1,242581.72,0.8989,0.4559,13,1,0
PAY_000015,CUS_0501,27429.05,renewal_failed,upi,2,181035.91,0.7285,0.7567,18,6,0
PAY_000016,CUS_0374,10272.12,expired_method,card,2,180124.29,0.9313,0.6976,7,1,1
PAY_000017,CUS_0802,7862.05,insufficient_funds,netbanking,2,283850.03,0.9027,0.6919,2,5,0
PAY_000018,CUS_0792,2965.54,insufficient_funds,wallet,2,275881.09,0.7975,0.9523,11,6,1
PAY_000019,CUS_0533,5735.8,network_error,netbanking,3,43986.63,0.6667,0.7861,9,5,0
PAY_000020,CUS_0431,47356.35,card_declined,netbanking,1,304048.84,0.8467,0.7752,18,4,1
PAY_000021,CUS_0675,19236.84,card_declined,netbanking,1,268122.25,0.6899,0.6132,19,6,0
PAY_000022,CUS_0507,4121.55,renewal_failed,netbanking,0,305023.89,0.935,0.7645,17,5,0
PAY_000023,CUS_0628,11366.66,insufficient_funds,upi,2,76278.43,0.8671,0.6087,11,6,0
PAY_000024,CUS_0554,4539.55,network_error,card,2,156098.42,0.7475,0.808,10,2,0
PAY_000025,CUS_0361,11053.71,card_declined,upi,1,111234.99,0.6891,0.9545,17,3,1
PAY_000026,CUS_0679,8492.29,network_error,card,1,93155.82,0.7712,0.5351,16,3,0
PAY_000027,CUS_0668,5277.46,insufficient_funds,netbanking,1,74038.01,0.8351,0.7897,12,5,1
PAY_000028,CUS_0385,1544.85,renewal_failed,card,1,155751.05,0.7702,0.7681,20,4,0
PAY_000029,CUS_0431,8121.84,insufficient_funds,card,0,249014.04,0.9405,0.8085,16,2,1
PAY_000030,CUS_0089,21907.2,expired_method,wallet,2,143871.99,0.8985,0.757,10,6,1
PAY_000031,CUS_0738,7689.04,network_error,wallet,1,162223.63,0.8412,0.4613,16,1,1
PAY_000032,CUS_0361,10009.61,card_declined,wallet,1,161136.26,0.9138,0.6937,14,5,0
PAY_000033,CUS_0199,19571.95,expired_method,card,0,68086.3,0.6537,0.5538,16,2,0
PAY_000034,CUS_0842,8625.4,expired_method,upi,2,47493.88,0.7534,0.7384,9,6,0
PAY_000035,CUS_0313,4131.14,renewal_failed,upi,0,261076.33,0.8144,0.7898,10,4,0
PAY_000036,CUS_0465,14768.11,insufficient_funds,card,1,90569.59,0.7271,0.7189,10,2,0
PAY_000037,CUS_0279,6199.79,expired_method,card,1,177903.46,0.9153,0.8411,18,5,0
PAY_000038,CUS_0775,13376.84,insufficient_funds,upi,2,237174.58,0.897,0.9599,19,4,1
PAY_000039,CUS_0038,5288.56,network_error,netbanking,1,190622.84,0.9355,0.6074,21,6,0
PAY_000040,CUS_0274,12204.45,expired_method,upi,3,134102.62,0.779,0.7584,17,6,1
PAY_000041,CUS_0299,33994.41,network_error,wallet,0,311621.81,0.9147,0.751,19,3,0
PAY_000042,CUS_0003,13585.5,network_error,wallet,1,179994.7,0.8076,0.7039,21,4,1
PAY_000043,CUS_0723,8735.15,renewal_failed,wallet,2,147322.79,0.7322,0.8669,14,2,0
PAY_000044,CUS_0666,33422.46,card_declined,wallet,3,47388.84,0.8911,0.9308,10,4,0
PAY_000045,CUS_0721,5665.54,renewal_failed,wallet,3,203561.34,0.8658,0.7469,6,0,0
PAY_000046,CUS_0510,33494.54,expired_method,upi,0,256396.76,0.8969,0.853,20,4,0
PAY_000047,CUS_0303,12438.22,expired_method,upi,2,153159.02,0.9239,0.8684,12,2,0
PAY_000048,CUS_0317,11566.1,insufficient_funds,wallet,2,289715.69,0.9189,0.7178,6,5,0
PAY_000049,CUS_0480,10791.05,expired_method,netbanking,2,62799.7,0.531,0.6768,18,2,0
PAY_000050,CUS_0120,5541.03,insufficient_funds,netbanking,1,149893.24,0.8215,0.8676,20,2,0
PAY_000051,CUS_0287,7870.03,insufficient_funds,card,2,50327.18,0.7368,0.8398,6,3,0
PAY_000052,CUS_0218,4823.18,network_error,wallet,3,274900.46,0.7382,0.8145,19,3,1
PAY_000053,CUS_0134,21649.8,insufficient_funds,upi,2,83993.5,0.9117,0.8051,0,6,0
PAY_000054,CUS_0112,17569.64,insufficient_funds,upi,0,119771.59,0.9745,0.8024,15,2,0
PAY_000055,CUS_0068,12275.79,renewal_failed,upi,2,291530.53,0.8027,0.6221,20,2,0
PAY_000056,CUS_0234,3409.85,renewal_failed,netbanking,1,194386.26,0.8173,0.3944,20,3,0
PAY_000057,CUS_0576,6731.92,network_error,wallet,2,105515.09,0.8076,0.4725,7,0,0
PAY_000058,CUS_0570,17266.83,network_error,netbanking,2,301632.52,0.9418,0.6822,15,6,1
PAY_000059,CUS_0186,6212.66,renewal_failed,card,2,271688.41,0.9625,0.8876,11,2,0
PAY_000060,CUS_0160,43065.14,network_error,upi,0,205549.67,0.8107,0.595,17,0,0
PAY_000061,CUS_0405,3903.73,insufficient_funds,netbanking,1,140292.61,0.9004,0.6182,16,2,1
PAY_000062,CUS_0080,63309.54,expired_method,netbanking,0,163184.22,0.8066,0.7876,18,3,1
PAY_000063,CUS_0227,43106.48,renewal_failed,wallet,2,138320.52,0.7657,0.7785,14,2,0
PAY_000064,CUS_0476,10143.57,renewal_failed,upi,1,68497.96,0.9285,0.8132,6,6,0
PAY_000065,CUS_0294,57198.63,network_error,netbanking,2,203691.83,0.7878,0.6719,15,0,0
PAY_000066,CUS_0352,47408.35,renewal_failed,wallet,1,180946.71,0.8685,0.7661,5,0,0
PAY_000067,CUS_0291,16460.48,network_error,wallet,1,198259.29,0.8372,0.718,11,4,0
PAY_000068,CUS_0521,6265.29,network_error,card,1,300656.69,0.6876,0.6679,16,5,0
PAY_000069,CUS_0785,9921.86,card_declined,card,1,247040.74,0.8831,0.7771,16,5,0
PAY_000070,CUS_0199,19974.34,card_declined,card,1,224167.84,0.8685,0.8579,21,6,0
PAY_000071,CUS_0292,45938.42,expired_method,wallet,1,138622.18,0.7377,0.6149,18,4,0
PAY_000072,CUS_0850,11580.43,network_error,upi,3,77275.86,0.8174,0.338,19,1,1
PAY_000073,CUS_0114,10680.39,network_error,wallet,1,290627.54,0.7326,0.8989,17,4,0
PAY_000074,CUS_0568,33652.41,renewal_failed,upi,1,187414.81,0.8311,0.805,16,6,0
PAY_000075,CUS_0798,4808.95,expired_method,netbanking,2,119413.29,0.678,0.8702,12,5,1
PAY_000076,CUS_0800,12886.92,card_declined,upi,2,302404.81,0.895,0.7154,18,2,0
PAY_000077,CUS_0106,2832.42,network_error,wallet,2,287126.9,0.8113,0.9198,19,4,0
PAY_000078,CUS_0032,6847.89,network_error,card,2,117682.66,0.7707,0.6171,19,5,1
PAY_000079,CUS_0256,3830.32,network_error,upi,0,81630.56,0.9183,0.8761,13,2,0
PAY_000080,CUS_0830,5467.31,renewal_failed,upi,1,89210.41,0.8709,0.5464,20,3,0
PAY_000081,CUS_0810,67258.46,expired_method,netbanking,2,179599.11,0.8927,0.8107,22,6,1
PAY_000082,CUS_0658,13189.32,renewal_failed,netbanking,1,314699.73,0.9138,0.7993,17,1,0
PAY_000083,CUS_0532,4473.44,renewal_failed,netbanking,0,266664.76,0.8285,0.8536,21,1,0
PAY_000084,CUS_0030,5229.73,renewal_failed,netbanking,0,102481.28,0.9072,0.5294,19,4,1
PAY_000085,CUS_0496,22155.2,card_declined,wallet,1,17449.2,0.8429,0.7027,18,1,0
PAY_000086,CUS_0429,12407.28,card_declined,netbanking,2,107626.71,0.8076,0.6848,5,3,0
PAY_000087,CUS_0670,6671.43,renewal_failed,netbanking,1,57714.83,0.9506,0.687,10,4,0
PAY_000088,CUS_0846,18610.76,insufficient_funds,upi,1,283326.19,0.8782,0.7228,16,6,0
PAY_000089,CUS_0327,6568.68,expired_method,netbanking,2,70106.06,0.9484,0.7065,16,2,0
PAY_000090,CUS_0672,21347.66,expired_method,wallet,2,101534.66,0.8179,0.6534,2,3,0
PAY_000091,CUS_0429,75703.14,renewal_failed,card,2,190059.26,0.7345,0.8869,7,0,0
PAY_000092,CUS_0271,2847.89,network_error,wallet,2,237581.23,0.7274,0.7402,18,5,0
PAY_000093,CUS_0405,16107.35,card_declined,netbanking,1,78158.52,0.7266,0.5529,7,5,0
PAY_000094,CUS_0544,24081.39,expired_method,upi,1,146021.35,0.8754,0.9229,17,1,1
PAY_000095,CUS_0788,8178.29,insufficient_funds,wallet,1,155390.02,0.5522,0.5673,10,2,0
PAY_000096,CUS_0344,3558.07,renewal_failed,upi,3,62620.21,0.8999,0.6332,0,4,0
PAY_000097,CUS_0528,15024.29,card_declined,wallet,1,260349.93,0.7561,0.8014,17,3,0
PAY_000098,CUS_0315,9007.9,insufficient_funds,card,3,156965.68,0.87,0.8221,9,5,1
PAY_000099,CUS_0254,3018.0,expired_method,upi,1,301478.31,0.8201,0.4495,19,6,1
PAY_000100,CUS_0523,24645.65,insufficient_funds,wallet,1,120876.88,0.9211,0.6606,18,3,1
PAY_000101,CUS_0062,12342.1,card_declined,wallet,1,26013.88,0.7468,0.7729,12,0,0
PAY_000102,CUS_0131,7774.65,network_error,netbanking,3,127333.64,0.8941,0.7048,8,4,0
PAY_000103,CUS_0430,19976.41,insufficient_funds,upi,3,152457.22,0.8745,0.831,19,0,0
PAY_000104,CUS_0592,158517.54,insufficient_funds,card,1,39479.77,0.6046,0.6611,19,5,0
PAY_000105,CUS_0805,20138.2,expired_method,card,1,52697.26,0.8856,0.8658,22,5,0
PAY_000106,CUS_0249,14921.4,network_error,card,1,65370.24,0.893,0.8546,14,4,1
PAY_000107,CUS_0214,8086.39,insufficient_funds,wallet,2,36848.77,0.898,0.851,18,4,1
PAY_000108,CUS_0369,28572.23,insufficient_funds,card,3,308168.2,0.7667,0.6308,16,2,0
PAY_000109,CUS_0252,13835.44,insufficient_funds,wallet,2,107912.78,0.9332,0.6488,8,1,0
PAY_000110,CUS_0537,13322.7,expired_method,netbanking,2,160449.78,0.8576,0.677,20,5,0
PAY_000111,CUS_0740,24770.09,card_declined,upi,2,10852.14,0.7908,0.7549,16,0,1
PAY_000112,CUS_0033,45808.9,card_declined,upi,3,171608.25,0.8588,0.744,6,6,0
PAY_000113,CUS_0709,5438.43,renewal_failed,wallet,0,10948.45,0.7951,0.8865,4,1,0
PAY_000114,CUS_0399,36830.69,insufficient_funds,upi,2,95476.38,0.905,0.4601,10,4,1
PAY_000115,CUS_0650,22670.85,network_error,card,2,223064.89,0.7943,0.618,17,6,0
PAY_000116,CUS_0110,13094.94,network_error,wallet,1,190793.04,0.8624,0.6331,8,3,0
PAY_000117,CUS_0087,9722.45,insufficient_funds,card,0,142465.61,0.9276,0.6129,1,3,0
PAY_000118,CUS_0609,26918.84,card_declined,card,2,60884.54,0.8946,0.5396,21,5,0
PAY_000119,CUS_0408,17950.03,card_declined,netbanking,0,131455.9,0.8794,0.8205,18,3,1
PAY_000120,CUS_0248,33120.0,network_error,card,1,95453.65,0.7945,0.4676,18,1,0
PAY_000121,CUS_0088,8943.84,network_error,wallet,0,317098.59,0.8194,0.6445,20,4,0
PAY_000122,CUS_0155,6547.7,expired_method,card,1,21820.57,0.8089,0.7617,19,4,0
PAY_000123,CUS_0069,10741.52,insufficient_funds,netbanking,1,308059.09,0.876,0.7241,15,5,0
PAY_000124,CUS_0406,3152.15,insufficient_funds,upi,2,210166.61,0.9151,0.829,8,5,0
PAY_000125,CUS_0398,4824.0,network_error,upi,2,72204.76,0.951,0.7783,16,5,0
PAY_000126,CUS_0398,19339.18,expired_method,netbanking,2,200617.16,0.901,0.7802,8,5,1
PAY_000127,CUS_0394,11729.3,network_error,wallet,1,206276.51,0.8476,0.8873,0,1,1
PAY_000128,CUS_0524,48394.32,network_error,wallet,2,137676.7,0.7927,0.8093,18,6,0
PAY_000129,CUS_0756,4769.22,insufficient_funds,wallet,1,316810.03,0.6521,0.7169,19,1,1
PAY_000130,CUS_0527,16087.93,renewal_failed,wallet,0,51441.31,0.9253,0.7442,10,2,0
PAY_000131,CUS_0651,4062.79,card_declined,wallet,1,188156.77,0.8075,0.9754,18,5,0
PAY_000132,CUS_0642,18977.64,insufficient_funds,wallet,1,142048.65,0.6419,0.748,18,0,1
PAY_000133,CUS_0744,27472.86,insufficient_funds,card,1,8210.89,0.8048,0.7991,8,3,0
PAY_000134,CUS_0307,19099.19,insufficient_funds,upi,0,156763.69,0.692,0.67,7,2,0
PAY_000135,CUS_0127,19946.42,card_declined,upi,1,10644.12,0.7741,0.5461,6,0,1
PAY_000136,CUS_0522,16310.71,network_error,netbanking,2,85309.35,0.8133,0.9129,20,1,0
PAY_000137,CUS_0789,6617.53,insufficient_funds,card,1,43176.02,0.816,0.5918,18,6,0
PAY_000138,CUS_0209,3228.52,insufficient_funds,netbanking,1,295844.74,0.6967,0.6923,6,0,0
PAY_000139,CUS_0509,7518.07,insufficient_funds,netbanking,2,235747.01,0.7631,0.5754,18,5,1
PAY_000140,CUS_0467,49189.27,expired_method,card,1,241930.23,0.9433,0.6816,22,5,1
PAY_000141,CUS_0823,13570.67,renewal_failed,card,1,87596.22,0.6671,0.7389,7,6,1
PAY_000142,CUS_0758,11348.41,network_error,netbanking,1,32300.77,0.6917,0.7004,8,4,0
PAY_000143,CUS_0244,18291.17,renewal_failed,wallet,3,250076.42,0.8402,0.7369,11,1,0
PAY_000144,CUS_0323,784.34,card_declined,netbanking,0,295437.61,0.8288,0.5692,21,1,1
PAY_000145,CUS_0123,35003.47,expired_method,netbanking,1,80886.7,0.9387,0.7388,15,3,1
PAY_000146,CUS_0144,5377.96,renewal_failed,upi,1,275250.86,0.9263,0.7811,6,0,0
PAY_000147,CUS_0473,21934.32,card_declined,wallet,1,204652.84,0.8934,0.9176,19,2,1
PAY_000148,CUS_0090,9576.79,network_error,upi,1,141119.17,0.8651,0.5786,16,4,0
PAY_000149,CUS_0831,9411.46,card_declined,card,1,258276.44,0.7738,0.7738,11,1,1
PAY_000150,CUS_0577,17917.15,insufficient_funds,card,1,314591.37,0.8784,0.747,12,4,0
PAY_000151,CUS_0601,14330.18,insufficient_funds,upi,0,195718.79,0.751,0.8844,20,0,1
PAY_000152,CUS_0229,18532.69,insufficient_funds,netbanking,3,124560.32,0.8749,0.9191,18,4,0
PAY_000153,CUS_0509,45450.74,network_error,netbanking,2,99889.39,0.7165,0.8009,17,5,0
PAY_000154,CUS_0777,71990.08,network_error,upi,1,85856.75,0.7762,0.7091,15,6,0
PAY_000155,CUS_0445,18156.06,insufficient_funds,upi,1,107439.68,0.687,0.7521,21,1,0
PAY_000156,CUS_0299,8112.08,renewal_failed,netbanking,2,100789.0,0.7349,0.5367,6,1,0
PAY_000157,CUS_0771,46337.57,insufficient_funds,netbanking,2,154934.67,0.8686,0.6702,19,4,1
PAY_000158,CUS_0732,18006.85,expired_method,wallet,3,191994.65,0.7127,0.7432,15,0,0
PAY_000159,CUS_0566,14099.04,renewal_failed,card,0,244242.89,0.8913,0.5887,5,3,0
PAY_000160,CUS_0549,9607.63,network_error,upi,2,202394.07,0.8471,0.4613,17,0,0
PAY_000161,CUS_0713,5230.72,renewal_failed,wallet,0,93929.21,0.848,0.9661,11,2,0
PAY_000162,CUS_0727,7834.29,network_error,netbanking,1,138033.09,0.9042,0.6018,16,1,1
PAY_000163,CUS_0609,13504.65,renewal_failed,upi,0,281056.33,0.8222,0.7366,18,1,0
PAY_000164,CUS_0021,2051.66,network_error,netbanking,1,269347.98,0.9345,0.8664,8,5,0
PAY_000165,CUS_0534,21492.89,card_declined,card,1,10640.68,0.8454,0.7955,9,3,0
PAY_000166,CUS_0672,27953.99,insufficient_funds,upi,1,214654.9,0.831,0.8767,17,6,1
PAY_000167,CUS_0586,9654.24,card_declined,upi,2,258337.49,0.7824,0.8342,13,0,0
PAY_000168,CUS_0697,25856.01,card_declined,wallet,2,217622.96,0.6905,0.8099,19,6,0
PAY_000169,CUS_0200,65315.66,card_declined,netbanking,1,279886.86,0.8473,0.9026,17,4,1
PAY_000170,CUS_0647,13425.95,network_error,netbanking,1,279704.93,0.8174,0.9112,8,0,0
PAY_000171,CUS_0039,35339.25,insufficient_funds,upi,1,73327.3,0.9258,0.8064,14,3,0
PAY_000172,CUS_0346,15869.25,insufficient_funds,netbanking,2,173682.54,0.9373,0.8936,15,4,0
PAY_000173,CUS_0262,9990.04,card_declined,netbanking,3,160935.75,0.6757,0.7064,19,3,0
PAY_000174,CUS_0104,35875.3,renewal_failed,upi,2,211913.1,0.7189,0.8575,17,2,0
PAY_000175,CUS_0303,18132.54,renewal_failed,card,1,288370.04,0.8772,0.603,22,2,0
PAY_000176,CUS_0468,4762.2,card_declined,wallet,1,8854.26,0.7216,0.6249,7,2,0
PAY_000177,CUS_0096,12651.58,card_declined,upi,2,120386.98,0.9303,0.6959,21,2,0
PAY_000178,CUS_0186,10239.72,insufficient_funds,wallet,1,150440.07,0.869,0.8116,15,4,0
PAY_000179,CUS_0786,26684.48,renewal_failed,upi,2,282544.48,0.8531,0.9381,1,6,0
PAY_000180,CUS_0659,44821.22,card_declined,netbanking,1,222731.39,0.7678,0.874,20,4,1
PAY_000181,CUS_0324,44609.75,network_error,wallet,2,31357.96,0.8902,0.7217,15,6,0
PAY_000182,CUS_0056,4716.77,insufficient_funds,upi,1,19179.56,0.7273,0.7339,15,2,0
PAY_000183,CUS_0735,4956.77,renewal_failed,wallet,2,121347.9,0.8545,0.8277,20,3,1
PAY_000184,CUS_0469,23467.24,expired_method,card,1,298227.47,0.7083,0.332,17,6,0
PAY_000185,CUS_0624,4912.2,renewal_failed,upi,1,143036.84,0.7384,0.7105,11,3,0
PAY_000186,CUS_0689,43483.2,card_declined,card,1,226404.46,0.7971,0.7254,17,2,0
PAY_000187,CUS_0687,2343.13,card_declined,netbanking,2,245361.81,0.7796,0.7606,7,3,1
PAY_000188,CUS_0575,5824.57,card_declined,netbanking,2,53685.66,0.8357,0.65,17,1,0
PAY_000189,CUS_0377,9781.03,expired_method,upi,3,128917.05,0.9233,0.564,20,5,0
PAY_000190,CUS_0262,28918.18,renewal_failed,card,2,308858.42,0.7368,0.6905,17,1,1
PAY_000191,CUS_0219,57484.25,renewal_failed,netbanking,1,186675.22,0.8544,0.6426,16,0,0
PAY_000192,CUS_0699,18678.09,expired_method,card,3,200903.55,0.7359,0.7247,20,1,0
PAY_000193,CUS_0172,31432.11,insufficient_funds,wallet,1,233880.39,0.5723,0.7984,11,0,0
PAY_000194,CUS_0183,15095.56,card_declined,card,2,140353.35,0.6772,0.8873,11,0,1
PAY_000195,CUS_0784,33313.54,renewal_failed,card,3,135181.43,0.8638,0.7721,18,4,1
PAY_000196,CUS_0569,34429.69,insufficient_funds,wallet,0,76598.11,0.818,0.6624,21,0,0
PAY_000197,CUS_0770,15751.8,renewal_failed,upi,1,241468.54,0.81,0.7844,19,6,1
PAY_000198,CUS_0314,11872.18,expired_method,upi,1,69594.29,0.866,0.8622,16,2,0
PAY_000199,CUS_0368,18274.15,renewal_failed,netbanking,2,307101.58,0.6576,0.8004,11,3,0
PAY_000200,CUS_0605,27862.57,insufficient_funds,card,1,33575.79,0.7123,0.613,19,4,0
PAY_000201,CUS_0457,15636.12,card_declined,netbanking,1,286128.51,0.9202,0.2526,18,6,0
PAY_000202,CUS_0048,4543.64,renewal_failed,card,2,158853.07,0.8101,0.8091,12,3,0
PAY_000203,CUS_0143,17194.04,expired_method,card,1,126097.78,0.9379,0.763,20,0,0
PAY_000204,CUS_0421,12002.6,renewal_failed,netbanking,1,66314.57,0.9113,0.8006,8,1,0
PAY_000205,CUS_0494,15066.46,renewal_failed,upi,2,53821.91,0.7686,0.692,9,4,0
PAY_000206,CUS_0630,26208.19,card_declined,netbanking,0,221904.44,0.9601,0.6589,17,1,0
PAY_000207,CUS_0822,40968.94,renewal_failed,upi,0,213730.49,0.9931,0.7887,18,3,1
PAY_000208,CUS_0008,12015.37,expired_method,upi,1,87409.62,0.9447,0.9662,0,4,1
PAY_000209,CUS_0496,10766.0,expired_method,wallet,1,56290.92,0.8707,0.7913,15,2,0
PAY_000210,CUS_0054,8206.02,expired_method,wallet,2,274759.66,0.8536,0.6762,16,5,0
PAY_000211,CUS_0531,12151.87,card_declined,netbanking,0,19779.67,0.776,0.7224,8,5,0
PAY_000212,CUS_0093,17713.36,card_declined,card,2,120238.88,0.938,0.7401,1,5,1
PAY_000213,CUS_0551,17128.99,renewal_failed,netbanking,1,262440.64,0.7998,0.7274,7,4,0
PAY_000214,CUS_0236,36716.15,network_error,wallet,1,248229.76,0.8622,0.8785,17,1,0
PAY_000215,CUS_0700,26932.8,expired_method,upi,2,90165.1,0.7062,0.8001,17,1,0
PAY_000216,CUS_0494,27699.04,card_declined,card,2,280295.66,0.8549,0.5601,19,4,0
PAY_000217,CUS_0124,10319.4,renewal_failed,netbanking,1,315131.14,0.9295,0.7219,18,1,0
PAY_000218,CUS_0185,22112.73,insufficient_funds,upi,2,126381.54,0.8293,0.6775,13,3,0
PAY_000219,CUS_0576,52781.63,expired_method,card,1,275168.33,0.6909,0.5648,11,3,0
PAY_000220,CUS_0292,6920.02,card_declined,netbanking,1,204517.01,0.8529,0.8898,18,1,0
PAY_000221,CUS_0352,7270.15,network_error,wallet,2,126894.15,0.8965,0.7523,19,0,1
PAY_000222,CUS_0082,7738.61,expired_method,netbanking,1,131382.06,0.87,0.8079,9,5,0
PAY_000223,CUS_0291,6913.38,insufficient_funds,upi,3,155633.97,0.7203,0.8163,13,1,0
PAY_000224,CUS_0468,12218.47,renewal_failed,card,0,215027.33,0.8736,0.7543,18,1,0
PAY_000225,CUS_0140,21892.48,renewal_failed,wallet,1,207532.81,0.7884,0.8004,0,6,0
PAY_000226,CUS_0226,8922.71,insufficient_funds,wallet,3,156844.93,0.9727,0.7465,18,3,0
PAY_000227,CUS_0023,7608.18,card_declined,netbanking,1,239793.19,0.902,0.7069,1,0,0
PAY_000228,CUS_0795,8265.7,expired_method,card,2,234857.41,0.7896,0.5448,19,1,1
PAY_000229,CUS_0485,9670.11,card_declined,card,2,86024.79,0.8399,0.7884,6,5,0
PAY_000230,CUS_0596,45572.4,renewal_failed,upi,1,207218.24,0.8997,0.7725,19,0,0
PAY_000231,CUS_0572,28041.07,renewal_failed,card,1,35917.73,0.7314,0.4719,7,1,0
PAY_000232,CUS_0282,68031.18,network_error,card,0,125863.91,0.9591,0.7427,16,2,0
PAY_000233,CUS_0552,46972.56,renewal_failed,card,0,56367.95,0.754,0.4498,9,5,1
PAY_000234,CUS_0605,22936.72,network_error,card,1,108651.21,0.8335,0.698,18,4,0
PAY_000235,CUS_0844,7874.49,renewal_failed,upi,0,295362.99,0.7209,0.6575,19,6,0
PAY_000236,CUS_0109,18783.63,insufficient_funds,netbanking,0,75360.82,0.8902,0.6191,17,4,0
PAY_000237,CUS_0247,31668.11,network_error,wallet,2,60044.51,0.825,0.7424,14,5,0
PAY_000238,CUS_0142,14916.84,renewal_failed,netbanking,1,149149.88,0.7769,0.8292,6,3,0
PAY_000239,CUS_0749,8420.47,expired_method,upi,1,185548.26,0.835,0.6419,6,5,0
PAY_000240,CUS_0335,26482.66,insufficient_funds,netbanking,1,262948.21,0.7673,0.5109,4,4,0
PAY_000241,CUS_0514,13416.36,insufficient_funds,wallet,3,242886.14,0.8483,0.6393,16,2,1
PAY_000242,CUS_0424,9921.17,card_declined,wallet,1,160212.66,0.81,0.5335,20,0,1
PAY_000243,CUS_0746,11372.82,expired_method,netbanking,1,15552.53,0.7631,0.9079,8,2,1
PAY_000244,CUS_0769,23050.27,insufficient_funds,card,3,297139.66,0.9785,0.8934,16,1,0
PAY_000245,CUS_0676,7039.58,card_declined,upi,1,290684.57,0.9422,0.7787,5,5,1
PAY_000246,CUS_0019,10774.75,expired_method,wallet,1,126778.78,0.7916,0.8144,12,3,0
PAY_000247,CUS_0392,9657.92,expired_method,card,3,313319.4,0.8615,0.9057,13,1,1
PAY_000248,CUS_0537,14593.07,card_declined,wallet,1,55657.74,0.9263,0.6363,20,2,0
PAY_000249,CUS_0281,35819.2,card_declined,card,1,181890.17,0.7221,0.8397,21,5,0
PAY_000250,CUS_0730,7418.96,card_declined,card,0,315618.15,0.8065,0.8539,7,6,0
PAY_000251,CUS_0795,17180.85,network_error,wallet,1,59101.35,0.728,0.6027,20,1,0
PAY_000252,CUS_0171,10520.27,renewal_failed,upi,1,148902.19,0.795,0.8201,11,6,0
PAY_000253,CUS_0730,10146.98,insufficient_funds,card,1,209583.67,0.8551,0.849,2,3,0
PAY_000254,CUS_0154,5813.2,card_declined,upi,0,228342.73,0.7776,0.8733,12,6,0
PAY_000255,CUS_0082,7769.02,insufficient_funds,wallet,1,235810.47,0.778,0.7962,18,3,0
PAY_000256,CUS_0717,27627.36,renewal_failed,card,0,54255.92,0.7054,0.8257,18,4,0
PAY_000257,CUS_0538,24656.56,card_declined,wallet,2,120378.86,0.7752,0.8061,20,2,0
PAY_000258,CUS_0363,8075.06,insufficient_funds,upi,1,313557.18,0.7561,0.8102,9,4,0
PAY_000259,CUS_0826,61066.21,network_error,wallet,1,64131.06,0.9639,0.4607,14,2,0
PAY_000260,CUS_0662,7548.7,insufficient_funds,netbanking,1,179598.0,0.8889,0.582,15,3,0
PAY_000261,CUS_0288,7391.84,network_error,netbanking,1,262019.99,0.7726,0.5675,19,0,0
PAY_000262,CUS_0310,27109.34,network_error,card,1,129544.68,0.7539,0.7181,9,3,0
PAY_000263,CUS_0529,7643.52,insufficient_funds,netbanking,2,250670.6,0.9743,0.7188,7,6,1
PAY_000264,CUS_0215,17670.37,insufficient_funds,wallet,1,277820.78,0.9259,0.7201,2,6,1
PAY_000265,CUS_0588,9853.21,expired_method,netbanking,2,217390.7,0.9061,0.7244,10,5,0
PAY_000266,CUS_0632,9163.0,renewal_failed,netbanking,1,23826.57,0.8982,0.4955,17,5,0
PAY_000267,CUS_0148,9929.14,card_declined,upi,3,243791.8,0.7021,0.646,15,1,0
PAY_000268,CUS_0131,48714.79,expired_method,wallet,1,294186.5,0.8496,0.5823,10,2,0
PAY_000269,CUS_0804,13607.25,insufficient_funds,netbanking,1,30128.28,0.7713,0.6726,8,5,0
PAY_000270,CUS_0507,6581.09,card_declined,upi,2,230115.55,0.9315,0.6442,17,6,0
PAY_000271,CUS_0446,16514.96,card_declined,card,2,289815.87,0.7587,0.673,17,5,0
PAY_000272,CUS_0559,18261.32,card_declined,netbanking,0,289135.62,0.9258,0.4826,18,3,0
PAY_000273,CUS_0658,8271.08,card_declined,card,1,271118.23,0.8622,0.5564,22,1,1
PAY_000274,CUS_0039,64056.93,network_error,wallet,1,148414.28,0.7749,0.8052,16,2,1
PAY_000275,CUS_0685,18341.56,insufficient_funds,wallet,3,32979.69,0.7156,0.6669,9,5,0
PAY_000276,CUS_0612,2749.7,renewal_failed,netbanking,1,289918.61,0.8389,0.7907,10,1,1
PAY_000277,CUS_0619,46806.52,renewal_failed,netbanking,0,155626.09,0.7324,0.7684,19,0,0
PAY_000278,CUS_0244,4474.23,card_declined,wallet,1,62724.6,0.9215,0.3603,18,3,0
PAY_000279,CUS_0013,29874.31,card_declined,card,1,270651.91,0.7418,0.6484,9,4,0
PAY_000280,CUS_0692,3196.82,network_error,netbanking,3,221057.41,0.6641,0.796,18,3,0
PAY_000281,CUS_0673,48372.96,renewal_failed,card,1,219448.07,0.7293,0.7874,17,0,0
PAY_000282,CUS_0284,26645.63,renewal_failed,upi,2,45432.86,0.8244,0.8829,21,5,0
PAY_000283,CUS_0629,44404.92,expired_method,netbanking,0,31087.08,0.8901,0.8323,7,6,0
PAY_000284,CUS_0790,126885.96,expired_method,upi,0,29968.65,0.9707,0.7141,13,0,0
PAY_000285,CUS_0349,13060.1,insufficient_funds,card,0,305696.47,0.8467,0.7333,21,0,1
PAY_000286,CUS_0026,4602.86,expired_method,card,0,20271.33,0.7464,0.8987,18,1,1
PAY_000287,CUS_0695,28025.51,network_error,wallet,0,176652.24,0.6596,0.8377,19,5,0
PAY_000288,CUS_0100,39986.87,renewal_failed,card,3,19505.83,0.7765,0.7398,4,2,0
PAY_000289,CUS_0813,12425.3,renewal_failed,upi,2,41175.33,0.8912,0.7743,17,1,0
PAY_000290,CUS_0812,3714.84,card_declined,netbanking,1,144862.3,0.7136,0.7212,20,3,0
PAY_000291,CUS_0543,45068.16,card_declined,card,1,171203.1,0.7809,0.5041,0,1,1
PAY_000292,CUS_0107,13620.29,card_declined,netbanking,0,43155.89,0.8752,0.6975,17,6,0
PAY_000293,CUS_0600,13053.43,card_declined,wallet,1,109703.36,0.8317,0.582,13,1,1
PAY_000294,CUS_0779,10988.38,card_declined,card,3,149957.15,0.737,0.8477,19,3,0
PAY_000295,CUS_0253,2018.41,renewal_failed,card,2,207055.75,0.936,0.6908,10,5,0
PAY_000296,CUS_0013,7246.54,card_declined,card,3,288254.56,0.8129,0.622,16,0,0
PAY_000297,CUS_0380,20884.36,card_declined,card,1,82587.47,0.8518,0.7564,18,1,0
PAY_000298,CUS_0057,24047.16,insufficient_funds,upi,1,223514.2,0.7438,0.8454,17,2,0
PAY_000299,CUS_0756,16726.15,expired_method,upi,0,122064.35,0.9111,0.7125,9,0,0
PAY_000300,CUS_0300,56128.52,card_declined,card,1,288155.11,0.9437,0.5557,16,6,0
PAY_000301,CUS_0024,12036.44,insufficient_funds,card,2,150856.73,0.8138,0.5166,20,4,0
PAY_000302,CUS_0581,14264.31,expired_method,wallet,1,209141.55,0.8219,0.7246,19,3,0
PAY_000303,CUS_0814,7267.66,network_error,netbanking,3,248161.92,0.7392,0.8846,19,5,0
PAY_000304,CUS_0470,7157.93,insufficient_funds,netbanking,1,145557.25,0.7395,0.7041,2,3,0
PAY_000305,CUS_0042,55364.8,renewal_failed,netbanking,1,100213.74,0.8105,0.6723,12,0,0
PAY_000306,CUS_0525,4437.97,expired_method,upi,1,270353.6,0.941,0.9401,15,5,0
PAY_000307,CUS_0296,10053.06,renewal_failed,upi,2,120652.24,0.8088,0.857,15,3,0
PAY_000308,CUS_0391,2449.39,network_error,wallet,0,191200.18,0.7561,0.5691,18,1,1
PAY_000309,CUS_0705,7576.37,expired_method,netbanking,1,238835.08,0.8873,0.8812,10,1,0
PAY_000310,CUS_0266,16391.6,expired_method,wallet,3,28818.15,0.8361,0.679,16,4,1
PAY_000311,CUS_0172,1748.02,card_declined,netbanking,0,93073.15,0.8511,0.7284,8,0,0
PAY_000312,CUS_0539,21382.2,expired_method,netbanking,2,222764.15,0.7457,0.8488,8,4,0
PAY_000313,CUS_0312,69722.9,insufficient_funds,wallet,1,31836.9,0.8662,0.4754,19,2,1
PAY_000314,CUS_0309,7082.46,card_declined,card,0,32524.75,0.9427,0.6013,7,2,1
PAY_000315,CUS_0584,34100.0,insufficient_funds,card,1,70407.62,0.9219,0.7323,19,4,1
PAY_000316,CUS_0527,28761.43,card_declined,netbanking,0,243253.58,0.7758,0.7055,19,3,0
PAY_000317,CUS_0455,8765.06,expired_method,upi,1,170155.01,0.8745,0.6383,18,5,0
PAY_000318,CUS_0411,7081.69,network_error,card,2,287163.45,0.8863,0.7952,18,0,1
PAY_000319,CUS_0683,6538.51,card_declined,netbanking,1,271337.2,0.8322,0.7532,19,3,0
PAY_000320,CUS_0696,16945.17,network_error,netbanking,0,149846.04,0.8454,0.3477,2,1,0
PAY_000321,CUS_0033,9503.26,renewal_failed,upi,2,214257.15,0.8343,0.7115,16,0,0
PAY_000322,CUS_0568,5163.76,network_error,wallet,1,18252.26,0.8762,0.6362,7,5,0
PAY_000323,CUS_0251,24214.62,network_error,card,1,130112.06,0.7897,0.9168,12,2,1
PAY_000324,CUS_0023,4992.71,renewal_failed,upi,3,28436.07,0.9581,0.6938,10,5,0
PAY_000325,CUS_0807,39002.14,network_error,netbanking,1,260197.89,0.8057,0.7458,15,3,0
PAY_000326,CUS_0444,7832.26,expired_method,wallet,2,202866.55,0.8848,0.785,19,4,0
PAY_000327,CUS_0654,18521.84,network_error,wallet,1,168795.2,0.6864,0.7309,19,3,0
PAY_000328,CUS_0704,15009.84,network_error,upi,1,121653.7,0.7016,0.8211,19,5,1
PAY_000329,CUS_0564,16879.28,insufficient_funds,card,1,84623.02,0.85,0.8677,9,6,1
PAY_000330,CUS_0124,46072.36,insufficient_funds,upi,2,34186.02,0.8665,0.4882,7,5,0
PAY_000331,CUS_0282,15933.98,renewal_failed,netbanking,1,36157.62,0.8775,0.6836,9,0,1
PAY_000332,CUS_0808,11951.44,renewal_failed,upi,1,124907.96,0.7443,0.4496,18,0,0
PAY_000333,CUS_0832,18311.08,network_error,netbanking,1,226592.44,0.8707,0.7868,8,3,0
PAY_000334,CUS_0561,24750.43,insufficient_funds,netbanking,2,264837.71,0.742,0.7305,12,4,0
PAY_000335,CUS_0703,24267.4,insufficient_funds,upi,1,65326.76,0.8657,0.5087,18,1,0
PAY_000336,CUS_0024,1751.63,network_error,wallet,2,49655.06,0.8266,0.6362,19,4,1
PAY_000337,CUS_0122,86297.43,network_error,card,1,273771.23,0.688,0.7319,20,6,0
PAY_000338,CUS_0462,8312.19,expired_method,netbanking,2,127206.94,0.8874,0.8711,2,2,1
PAY_000339,CUS_0483,32429.81,network_error,upi,0,49559.94,0.7402,0.8438,5,2,0
PAY_000340,CUS_0325,22822.39,insufficient_funds,upi,1,201333.26,0.8342,0.819,21,3,1
PAY_000341,CUS_0169,22222.49,expired_method,upi,1,313297.18,0.8765,0.7971,20,4,1
PAY_000342,CUS_0505,20462.89,network_error,upi,1,25024.96,0.879,0.6143,22,4,0
PAY_000343,CUS_0337,6357.22,card_declined,netbanking,1,60508.04,0.8016,0.7611,19,5,1
PAY_000344,CUS_0817,20114.84,renewal_failed,upi,2,55977.95,0.6851,0.3461,11,5,0
PAY_000345,CUS_0306,15068.37,insufficient_funds,netbanking,1,25326.93,0.7792,0.5053,18,5,1
PAY_000346,CUS_0437,13067.27,expired_method,card,1,37986.79,0.8226,0.8526,13,1,0
PAY_000347,CUS_0255,4238.96,network_error,card,1,230654.27,0.8543,0.5802,22,5,0
PAY_000348,CUS_0184,13974.42,insufficient_funds,upi,3,168185.33,0.8337,0.7695,1,5,0
PAY_000349,CUS_0405,4586.54,expired_method,netbanking,1,149959.42,0.8941,0.6009,7,4,1
PAY_000350,CUS_0809,7078.67,network_error,wallet,2,279059.52,0.7696,0.8123,18,3,0
PAY_000351,CUS_0342,14156.65,network_error,card,1,14806.85,0.6996,0.6894,17,6,0
PAY_000352,CUS_0662,82432.78,renewal_failed,netbanking,0,132700.28,0.5881,0.8191,20,0,0
PAY_000353,CUS_0400,6665.8,insufficient_funds,card,1,67966.8,0.879,0.5147,7,2,0
PAY_000354,CUS_0019,32699.38,network_error,card,1,96126.65,0.9312,0.7762,11,1,0
PAY_000355,CUS_0707,10278.57,card_declined,card,2,287070.73,0.9149,0.726,20,2,0
PAY_000356,CUS_0371,48828.49,insufficient_funds,upi,3,144601.93,0.9197,0.9238,17,6,1
PAY_000357,CUS_0176,6870.96,network_error,wallet,2,38979.8,0.9225,0.5938,19,2,0
PAY_000358,CUS_0011,5393.48,network_error,netbanking,1,84580.8,0.868,0.8196,21,3,1
PAY_000359,CUS_0312,24805.49,insufficient_funds,upi,1,133315.07,0.8776,0.5461,14,5,0
PAY_000360,CUS_0415,20806.93,expired_method,upi,2,288865.06,0.8583,0.7856,12,6,0
PAY_000361,CUS_0114,3891.59,network_error,card,1,176726.55,0.8379,0.8314,11,3,0
PAY_000362,CUS_0359,99686.28,expired_method,netbanking,0,244046.7,0.8694,0.7002,18,6,0
PAY_000363,CUS_0134,5840.81,renewal_failed,card,2,170135.99,0.7646,0.6058,6,0,0
PAY_000364,CUS_0497,12596.25,expired_method,wallet,1,169910.84,0.8116,0.7186,19,1,0
PAY_000365,CUS_0311,18636.07,renewal_failed,upi,2,150094.9,0.9229,0.6991,7,2,0
PAY_000366,CUS_0621,2441.47,expired_method,netbanking,1,263567.02,0.8595,0.6849,19,3,0
PAY_000367,CUS_0662,7442.99,network_error,wallet,2,54482.57,0.8178,0.7615,18,3,0
PAY_000368,CUS_0545,6789.97,insufficient_funds,netbanking,1,46619.86,0.7974,0.7081,20,0,0
PAY_000369,CUS_0102,22504.23,renewal_failed,wallet,0,174465.69,0.8039,0.9217,13,0,1
PAY_000370,CUS_0848,14475.8,card_declined,netbanking,2,56118.94,0.9663,0.7261,7,2,1
PAY_000371,CUS_0312,5504.23,card_declined,wallet,1,165379.43,0.7593,0.4505,19,5,0
PAY_000372,CUS_0257,15820.46,renewal_failed,card,2,52418.51,0.8884,0.4723,5,3,0
PAY_000373,CUS_0517,28329.84,expired_method,card,1,167222.47,0.6987,0.8435,10,3,1
PAY_000374,CUS_0552,33553.4,expired_method,netbanking,3,228819.28,0.8437,0.9103,18,3,0
PAY_000375,CUS_0727,20951.93,network_error,upi,1,261587.75,0.9261,0.7392,1,2,0
PAY_000376,CUS_0583,10781.42,renewal_failed,netbanking,2,76998.08,0.977,0.9681,17,0,0
PAY_000377,CUS_0630,13366.93,card_declined,card,0,48012.88,0.7113,0.8386,23,5,0
PAY_000378,CUS_0828,6180.3,network_error,upi,3,207981.48,0.8744,0.6955,8,0,0
PAY_000379,CUS_0342,41722.35,insufficient_funds,card,1,110718.09,0.9314,0.6277,21,6,1
PAY_000380,CUS_0054,13840.83,insufficient_funds,wallet,2,203108.81,0.8757,0.6611,5,5,1
PAY_000381,CUS_0013,8475.74,insufficient_funds,wallet,1,195067.67,0.6361,0.5586,11,1,1
PAY_000382,CUS_0618,15368.61,card_declined,card,1,87961.26,0.829,0.7561,19,1,0
PAY_000383,CUS_0479,9493.86,insufficient_funds,card,0,166217.65,0.8801,0.5109,18,5,0
PAY_000384,CUS_0410,16394.52,renewal_failed,netbanking,1,138632.93,0.856,0.6584,11,5,0
PAY_000385,CUS_0183,10902.43,insufficient_funds,upi,0,145407.33,0.8701,0.7668,8,6,0
PAY_000386,CUS_0445,8051.4,expired_method,upi,0,219365.14,0.915,0.5303,21,6,0
PAY_000387,CUS_0521,22041.88,network_error,netbanking,1,142016.53,0.7549,0.9019,17,2,0
PAY_000388,CUS_0411,8652.35,network_error,upi,0,129092.14,0.8964,0.6323,21,3,1
PAY_000389,CUS_0532,33032.91,insufficient_funds,card,1,71336.15,0.9056,0.7833,7,0,1
PAY_000390,CUS_0560,8187.6,network_error,netbanking,1,153875.91,0.8597,0.5795,6,6,0
PAY_000391,CUS_0268,33548.17,card_declined,upi,0,120393.91,0.7771,0.7444,19,5,0
PAY_000392,CUS_0349,10698.39,renewal_failed,upi,1,167945.86,0.8754,0.7747,19,5,0
PAY_000393,CUS_0771,23938.01,card_declined,wallet,2,225757.68,0.7649,0.6015,12,3,0
PAY_000394,CUS_0401,7338.44,renewal_failed,netbanking,1,15250.83,0.9278,0.6482,20,3,1
PAY_000395,CUS_0239,5034.69,network_error,upi,1,308124.7,0.9133,0.5981,8,3,1
PAY_000396,CUS_0211,7311.52,network_error,upi,1,11446.69,0.8319,0.5032,20,1,1
PAY_000397,CUS_0590,3185.1,network_error,card,1,301016.13,0.7793,0.4126,20,3,0
PAY_000398,CUS_0246,158837.1,expired_method,netbanking,1,264910.04,0.9278,0.6492,6,5,0
PAY_000399,CUS_0075,25043.39,renewal_failed,netbanking,2,28824.09,0.8775,0.7591,8,0,0
PAY_000400,CUS_0449,24041.48,network_error,wallet,1,132594.65,0.8528,0.6384,6,5,1
PAY_000401,CUS_0734,23510.02,insufficient_funds,upi,0,46735.23,0.8985,0.6659,17,4,0
PAY_000402,CUS_0099,17065.39,expired_method,wallet,0,9455.71,0.9084,0.7688,18,1,0
PAY_000403,CUS_0068,7729.38,network_error,upi,2,108676.03,0.8545,0.909,1,1,0
PAY_000404,CUS_0695,18041.93,renewal_failed,netbanking,0,284263.54,0.8134,0.8458,11,5,0
PAY_000405,CUS_0384,7252.64,expired_method,wallet,0,13506.43,0.8777,0.8189,9,0,1
PAY_000406,CUS_0751,13330.5,network_error,card,1,82275.96,0.8616,0.4756,19,6,1
PAY_000407,CUS_0054,9841.86,renewal_failed,upi,2,215481.88,0.7122,0.723,20,0,0
PAY_000408,CUS_0591,16561.08,card_declined,card,0,192900.76,0.9147,0.691,8,1,1
PAY_000409,CUS_0086,10994.76,expired_method,wallet,0,311437.22,0.8273,0.6381,1,3,0
PAY_000410,CUS_0405,15586.99,card_declined,netbanking,1,103424.35,0.8016,0.5987,13,3,0
PAY_000411,CUS_0395,37424.69,network_error,netbanking,1,191552.41,0.7944,0.7104,18,5,1
PAY_000412,CUS_0170,42807.23,insufficient_funds,card,1,150106.88,0.8177,0.7574,16,1,0
PAY_000413,CUS_0836,24482.81,expired_method,wallet,1,236987.23,0.8353,0.8761,18,0,0
PAY_000414,CUS_0829,13192.75,network_error,wallet,1,236709.18,0.7003,0.664,8,0,0
PAY_000415,CUS_0682,21595.34,network_error,wallet,1,202819.49,0.8582,0.6787,5,6,0
PAY_000416,CUS_0388,4195.01,insufficient_funds,wallet,1,315911.81,0.8596,0.4929,19,2,0
PAY_000417,CUS_0833,5891.0,card_declined,upi,1,279129.65,0.6671,0.7595,8,5,0
PAY_000418,CUS_0301,6861.16,insufficient_funds,netbanking,2,80870.3,0.7161,0.8494,18,0,0
PAY_000419,CUS_0676,22261.6,renewal_failed,upi,0,256608.08,0.7843,0.8142,9,1,1
PAY_000420,CUS_0590,18155.12,insufficient_funds,card,3,109868.25,0.7366,0.7137,19,2,0
PAY_000421,CUS_0193,33368.69,expired_method,wallet,3,239805.96,0.7591,0.7998,7,2,0
PAY_000422,CUS_0680,19532.17,expired_method,card,2,305669.41,0.9435,0.8533,18,6,1
PAY_000423,CUS_0328,15983.15,network_error,upi,1,151708.06,0.6145,0.8488,19,5,1
PAY_000424,CUS_0500,23000.58,card_declined,wallet,1,309546.66,0.8548,0.8784,20,6,1
PAY_000425,CUS_0332,20853.16,card_declined,upi,1,113271.97,0.7638,0.6544,19,3,1
PAY_000426,CUS_0438,30487.68,insufficient_funds,netbanking,1,59072.67,0.8299,0.5537,18,6,1
PAY_000427,CUS_0669,17963.24,insufficient_funds,upi,1,155849.24,0.8418,0.8932,10,4,0
PAY_000428,CUS_0492,59952.45,insufficient_funds,wallet,2,210897.01,0.8316,0.5113,2,4,0
PAY_000429,CUS_0550,3946.0,renewal_failed,card,1,319985.71,0.9293,0.7594,18,3,0
PAY_000430,CUS_0036,30574.25,insufficient_funds,upi,2,72728.7,0.7001,0.6557,6,2,0
PAY_000431,CUS_0146,17832.45,insufficient_funds,netbanking,1,146815.13,0.8263,0.8048,19,1,1
PAY_000432,CUS_0209,2585.44,card_declined,card,1,94547.46,0.8377,0.7719,18,5,1
PAY_000433,CUS_0150,6823.45,renewal_failed,card,1,55889.32,0.8754,0.8357,12,2,0
PAY_000434,CUS_0102,25689.55,insufficient_funds,upi,1,310257.33,0.7319,0.7897,20,4,1
PAY_000435,CUS_0380,25753.56,network_error,card,1,239284.71,0.8396,0.6825,5,5,0
PAY_000436,CUS_0093,19521.25,renewal_failed,wallet,2,65128.61,0.8419,0.8661,21,3,0
PAY_000437,CUS_0416,16320.65,card_declined,upi,0,25912.39,0.853,0.7362,23,4,0
PAY_000438,CUS_0527,10709.65,expired_method,card,3,214286.32,0.9679,0.511,8,2,0
PAY_000439,CUS_0223,10805.97,network_error,wallet,0,310555.26,0.6674,0.8138,0,5,0
PAY_000440,CUS_0158,49052.66,insufficient_funds,wallet,2,272685.76,0.9211,0.9657,8,4,0
PAY_000441,CUS_0727,3261.12,insufficient_funds,card,2,86042.04,0.854,0.7554,18,0,0
PAY_000442,CUS_0410,8017.38,insufficient_funds,card,1,240104.28,0.7242,0.5693,11,6,0
PAY_000443,CUS_0440,13813.06,network_error,card,0,41658.43,0.8874,0.5867,10,3,1
PAY_000444,CUS_0606,8879.58,renewal_failed,card,1,247219.01,0.9164,0.493,16,1,1
PAY_000445,CUS_0491,16445.79,insufficient_funds,card,1,93444.83,0.9553,0.8044,22,1,1
PAY_000446,CUS_0504,4671.48,insufficient_funds,netbanking,0,121435.76,0.9295,0.8268,17,3,1
PAY_000447,CUS_0134,10207.34,insufficient_funds,upi,2,248384.66,0.6287,0.8311,17,0,0
PAY_000448,CUS_0259,20880.51,insufficient_funds,card,1,147080.18,0.7105,0.7097,7,3,0
PAY_000449,CUS_0195,39353.78,expired_method,netbanking,1,231805.67,0.8132,0.8742,17,6,0
PAY_000450,CUS_0516,23116.79,renewal_failed,upi,0,242227.07,0.8361,0.7628,20,6,0
PAY_000451,CUS_0255,24351.73,expired_method,card,1,91776.57,0.7494,0.8258,20,0,0
PAY_000452,CUS_0551,2983.29,renewal_failed,netbanking,1,303285.48,0.8279,0.799,10,2,0
PAY_000453,CUS_0744,68557.56,renewal_failed,upi,2,222692.0,0.904,0.635,14,3,0
PAY_000454,CUS_0072,12009.92,network_error,upi,1,151329.72,0.8457,0.7206,19,5,0
PAY_000455,CUS_0275,5693.51,network_error,wallet,0,172354.91,0.8236,0.3685,4,1,0
PAY_000456,CUS_0557,3582.27,insufficient_funds,upi,3,41177.75,0.793,0.7428,11,1,0
PAY_000457,CUS_0230,27106.29,insufficient_funds,upi,2,40078.38,0.8184,0.5591,7,1,0
PAY_000458,CUS_0107,8025.82,insufficient_funds,netbanking,3,295000.56,0.9333,0.8653,10,6,0
PAY_000459,CUS_0331,7134.0,expired_method,netbanking,2,229927.68,0.8657,0.9236,21,2,1
PAY_000460,CUS_0086,10595.32,network_error,wallet,2,137150.64,0.7638,0.6675,16,6,0
PAY_000461,CUS_0143,16190.67,renewal_failed,card,2,81380.24,0.9024,0.9535,19,6,0
PAY_000462,CUS_0427,9612.17,renewal_failed,wallet,1,266280.4,0.7431,0.6398,6,4,0
PAY_000463,CUS_0850,7420.47,card_declined,netbanking,1,233437.92,0.9386,0.8618,14,3,0
PAY_000464,CUS_0415,6149.1,expired_method,card,1,56921.8,0.8649,0.6252,15,2,0
PAY_000465,CUS_0247,22874.26,expired_method,wallet,1,41821.08,0.8149,0.4469,16,5,0
PAY_000466,CUS_0418,16380.43,network_error,upi,0,37081.81,0.7089,0.7649,7,5,1
PAY_000467,CUS_0670,39982.89,renewal_failed,card,0,256373.62,0.9514,0.7207,9,1,0
PAY_000468,CUS_0016,2318.62,renewal_failed,netbanking,1,48933.64,0.7236,0.6196,17,3,1
PAY_000469,CUS_0127,107284.42,insufficient_funds,wallet,0,105880.23,0.9167,0.7931,20,5,0
PAY_000470,CUS_0717,47334.07,expired_method,netbanking,1,275384.3,0.7491,0.592,17,5,0
PAY_000471,CUS_0205,26452.24,card_declined,wallet,2,77592.0,0.8996,0.8761,7,3,0
PAY_000472,CUS_0371,11562.59,expired_method,wallet,1,239280.85,0.7438,0.5989,19,0,0
PAY_000473,CUS_0772,8112.81,insufficient_funds,wallet,1,206334.44,0.7429,0.8139,6,3,0
PAY_000474,CUS_0149,9435.09,network_error,wallet,1,222915.11,0.8161,0.5721,6,5,0
PAY_000475,CUS_0193,21489.66,card_declined,wallet,3,163827.05,0.7441,0.7274,17,0,0
PAY_000476,CUS_0361,10494.96,card_declined,wallet,1,73446.08,0.8195,0.8378,23,3,0
PAY_000477,CUS_0090,29274.72,expired_method,upi,3,151152.95,0.8978,0.6001,18,6,1
PAY_000478,CUS_0128,21343.79,insufficient_funds,wallet,0,241982.43,0.8011,0.6879,7,6,0
PAY_000479,CUS_0425,4944.11,network_error,wallet,2,209196.14,0.8552,0.5385,18,0,0
PAY_000480,CUS_0102,14773.35,expired_method,netbanking,0,186522.48,0.8434,0.6055,11,1,0
PAY_000481,CUS_0026,18581.5,insufficient_funds,wallet,2,203723.34,0.9135,0.9374,20,0,0
PAY_000482,CUS_0654,19585.23,network_error,netbanking,1,211587.09,0.6355,0.8602,6,1,0
PAY_000483,CUS_0183,7306.92,expired_method,card,0,162204.46,0.8361,0.8227,19,1,1
PAY_000484,CUS_0222,24202.01,insufficient_funds,upi,3,318046.75,0.8092,0.8691,2,4,0
PAY_000485,CUS_0735,7497.61,card_declined,upi,2,301232.61,0.778,0.7747,8,1,1
PAY_000486,CUS_0648,8145.1,renewal_failed,netbanking,0,72219.52,0.8607,0.8419,8,2,0
PAY_000487,CUS_0322,29613.75,insufficient_funds,netbanking,1,99563.75,0.9676,0.741,18,2,1
PAY_000488,CUS_0077,6243.43,insufficient_funds,netbanking,1,185050.41,0.9296,0.6301,21,6,0
PAY_000489,CUS_0660,17799.21,network_error,netbanking,2,69822.93,0.9105,0.5697,9,0,0
PAY_000490,CUS_0794,33406.14,insufficient_funds,wallet,1,270592.57,0.7682,0.4924,18,3,1
PAY_000491,CUS_0091,6895.47,network_error,netbanking,2,149829.5,0.9403,0.8872,18,3,1
PAY_000492,CUS_0327,2094.56,insufficient_funds,upi,1,252902.54,0.9058,0.8241,7,3,1
PAY_000493,CUS_0077,10774.1,insufficient_funds,card,1,214315.92,0.8995,0.3771,18,1,0
PAY_000494,CUS_0464,22886.11,insufficient_funds,netbanking,1,192243.21,0.7398,0.7161,9,2,0
PAY_000495,CUS_0272,37709.12,network_error,card,0,140005.32,0.8252,0.7331,15,4,0
PAY_000496,CUS_0444,4167.92,expired_method,wallet,1,131841.54,0.8309,0.7039,10,4,0
PAY_000497,CUS_0211,9066.93,insufficient_funds,upi,2,187471.92,0.8519,0.8012,19,5,1
PAY_000498,CUS_0439,7578.78,expired_method,netbanking,2,37403.68,0.8298,0.8079,7,0,0
PAY_000499,CUS_0464,10128.39,expired_method,upi,0,245201.35,0.7655,0.5407,6,6,0
PAY_000500,CUS_0746,13098.59,renewal_failed,netbanking,2,87103.5,0.8682,0.5419,15,2,0
PAY_000501,CUS_0696,16733.49,network_error,card,1,52189.54,0.7443,0.8129,17,2,0
PAY_000502,CUS_0581,27000.89,renewal_failed,card,1,219868.71,0.8898,0.6764,17,3,0
PAY_000503,CUS_0441,13297.31,network_error,card,1,98411.91,0.8333,0.7906,7,3,0
PAY_000504,CUS_0653,3935.12,insufficient_funds,netbanking,0,282161.29,0.9303,0.7873,21,1,0
PAY_000505,CUS_0581,10302.84,insufficient_funds,netbanking,3,194276.1,0.5904,0.7314,8,2,1
PAY_000506,CUS_0573,39650.44,card_declined,wallet,2,268161.93,0.6775,0.81,21,3,1
PAY_000507,CUS_0100,15928.2,renewal_failed,netbanking,0,271673.49,0.7746,0.8874,22,0,0
PAY_000508,CUS_0319,36929.11,expired_method,upi,0,190400.66,0.7625,0.8665,17,1,1
PAY_000509,CUS_0840,40721.98,card_declined,upi,0,55742.89,0.9185,0.5572,10,3,0
PAY_000510,CUS_0684,5712.29,network_error,upi,1,206493.52,0.7238,0.7851,18,4,0
PAY_000511,CUS_0480,8083.89,insufficient_funds,wallet,1,140547.88,0.6775,0.454,4,2,0
PAY_000512,CUS_0144,35206.26,insufficient_funds,card,1,275021.95,0.7596,0.6355,12,5,0
PAY_000513,CUS_0357,3709.05,expired_method,wallet,0,269869.55,0.7918,0.7142,18,4,0
PAY_000514,CUS_0179,26414.38,insufficient_funds,upi,0,236657.78,0.7876,0.5611,19,0,0
PAY_000515,CUS_0588,22212.42,network_error,upi,0,86150.96,0.7351,0.8601,15,1,0
PAY_000516,CUS_0746,14711.09,network_error,wallet,2,78354.92,0.8446,0.3783,12,5,0
PAY_000517,CUS_0237,19681.65,card_declined,wallet,1,119223.38,0.7922,0.7288,16,0,1
PAY_000518,CUS_0409,3499.09,insufficient_funds,card,2,98447.7,0.8913,0.6194,16,4,0
PAY_000519,CUS_0075,19122.33,insufficient_funds,wallet,3,315299.39,0.8586,0.7205,20,0,0
PAY_000520,CUS_0442,34955.56,renewal_failed,upi,1,30078.09,0.58,0.6293,16,1,0
PAY_000521,CUS_0449,11605.45,card_declined,upi,3,16222.39,0.8305,0.7661,18,4,1
PAY_000522,CUS_0256,3414.99,expired_method,netbanking,1,144195.75,0.6992,0.6592,23,0,0
PAY_000523,CUS_0226,7149.43,insufficient_funds,netbanking,1,212425.19,0.7559,0.7237,16,5,0
PAY_000524,CUS_0760,11954.66,expired_method,netbanking,2,84192.21,0.867,0.872,19,4,1
PAY_000525,CUS_0394,14513.91,card_declined,upi,3,225882.69,0.9293,0.5807,6,2,0
PAY_000526,CUS_0830,12753.61,network_error,wallet,0,72187.8,0.9276,0.9337,20,6,0
PAY_000527,CUS_0582,20821.71,insufficient_funds,netbanking,2,201917.52,0.7787,0.8967,16,3,0
PAY_000528,CUS_0669,22004.12,network_error,wallet,2,296494.28,0.9462,0.7715,12,5,1
PAY_000529,CUS_0082,39586.37,insufficient_funds,netbanking,1,108148.69,0.8038,0.7274,9,0,0
PAY_000530,CUS_0451,6079.28,expired_method,upi,1,88498.17,0.8582,0.5722,18,1,0
PAY_000531,CUS_0381,14979.61,card_declined,upi,3,317494.99,0.8574,0.66,6,1,0
PAY_000532,CUS_0624,55056.22,insufficient_funds,wallet,2,52640.8,0.8466,0.868,21,4,1
PAY_000533,CUS_0752,7506.56,renewal_failed,netbanking,3,126197.98,0.9153,0.434,17,4,0
PAY_000534,CUS_0751,8767.85,renewal_failed,upi,1,213669.7,0.8994,0.8671,22,5,1
PAY_000535,CUS_0267,38728.36,insufficient_funds,netbanking,1,31850.46,0.8777,0.7635,18,5,1
PAY_000536,CUS_0035,24752.45,insufficient_funds,upi,1,165568.09,0.8679,0.5091,15,0,1
PAY_000537,CUS_0460,13952.81,network_error,wallet,1,133523.06,0.9227,0.791,4,5,0
PAY_000538,CUS_0450,61495.92,network_error,netbanking,2,226435.47,0.8283,0.9592,18,3,0
PAY_000539,CUS_0356,2699.94,expired_method,upi,1,161907.56,0.7154,0.6015,10,4,0
PAY_000540,CUS_0200,9555.94,expired_method,wallet,1,284228.94,0.898,0.9527,21,4,0
PAY_000541,CUS_0823,54936.56,network_error,card,2,100021.77,0.5938,0.5204,18,0,0
PAY_000542,CUS_0650,21241.86,renewal_failed,netbanking,1,204754.67,0.7608,0.8808,18,5,1
PAY_000543,CUS_0004,16842.43,renewal_failed,wallet,2,76705.38,0.7852,0.6749,16,5,0
PAY_000544,CUS_0402,11192.63,renewal_failed,card,2,20109.57,0.8104,0.5189,18,3,0
PAY_000545,CUS_0722,17927.6,expired_method,upi,1,308430.71,0.8911,0.7995,18,2,0
PAY_000546,CUS_0746,20815.03,insufficient_funds,netbanking,1,75113.13,0.8537,0.6281,9,0,1
PAY_000547,CUS_0532,4626.47,insufficient_funds,netbanking,1,77048.73,0.941,0.762,19,0,0
PAY_000548,CUS_0647,5679.28,card_declined,wallet,2,79552.35,0.8931,0.8065,8,2,1
PAY_000549,CUS_0620,21953.96,expired_method,upi,2,125891.3,0.6425,0.4879,1,5,0
PAY_000550,CUS_0547,16297.97,renewal_failed,netbanking,2,140647.64,0.8604,0.8039,10,2,0
PAY_000551,CUS_0086,13556.92,network_error,wallet,3,245962.52,0.8287,0.7918,11,1,0
PAY_000552,CUS_0579,6847.01,network_error,card,0,133796.86,0.7533,0.6046,19,0,0
PAY_000553,CUS_0080,38325.8,expired_method,card,2,255945.09,0.785,0.5996,6,0,0
PAY_000554,CUS_0693,6622.47,card_declined,upi,0,144531.59,0.7012,0.8093,15,2,0
PAY_000555,CUS_0169,8403.53,expired_method,card,0,171254.39,0.7045,0.377,18,6,0
PAY_000556,CUS_0652,16254.52,insufficient_funds,netbanking,1,54908.91,0.8002,0.8186,15,1,1
PAY_000557,CUS_0222,14837.26,insufficient_funds,card,1,264075.38,0.9063,0.6913,6,1,1
PAY_000558,CUS_0238,8869.11,insufficient_funds,card,2,191242.92,0.7727,0.4695,15,1,1
PAY_000559,CUS_0535,21759.07,card_declined,wallet,2,108881.42,0.7761,0.7054,13,3,0
PAY_000560,CUS_0375,10173.06,renewal_failed,card,3,302992.86,0.752,0.6508,15,2,0
PAY_000561,CUS_0713,9255.73,renewal_failed,card,1,63849.75,0.9247,0.6244,10,3,0
PAY_000562,CUS_0123,19657.84,insufficient_funds,upi,2,297403.35,0.6599,0.6979,20,1,1
PAY_000563,CUS_0624,4503.7,insufficient_funds,netbanking,2,272647.77,0.6589,0.5719,6,3,1
PAY_000564,CUS_0698,5789.44,card_declined,upi,1,182894.53,0.9009,0.7029,20,1,1
PAY_000565,CUS_0502,97005.3,card_declined,card,1,126344.86,0.777,0.8831,9,3,0
PAY_000566,CUS_0717,9775.41,renewal_failed,wallet,2,222356.44,0.7469,0.7634,18,2,1
PAY_000567,CUS_0009,21087.56,renewal_failed,card,1,153918.72,0.9227,0.6651,18,5,0
PAY_000568,CUS_0383,5470.27,expired_method,upi,1,119697.41,0.6746,0.6762,15,1,1
PAY_000569,CUS_0537,17461.09,network_error,netbanking,0,297844.74,0.8094,0.8569,10,4,0
PAY_000570,CUS_0795,19875.5,expired_method,upi,3,104493.34,0.8632,0.7236,9,5,0
PAY_000571,CUS_0335,9602.88,expired_method,upi,1,222277.37,0.8004,0.9012,19,1,0
PAY_000572,CUS_0446,23143.46,network_error,upi,1,217001.52,0.7877,0.8997,16,0,1
PAY_000573,CUS_0104,5392.64,card_declined,wallet,0,105060.73,0.8954,0.6359,19,2,0
PAY_000574,CUS_0462,19133.72,insufficient_funds,card,1,187300.85,0.8137,0.7774,17,4,0
PAY_000575,CUS_0289,13533.45,expired_method,netbanking,0,63797.94,0.9759,0.7654,20,3,1
PAY_000576,CUS_0545,12614.11,renewal_failed,netbanking,1,113288.06,0.7854,0.7607,17,2,0
PAY_000577,CUS_0079,20660.15,insufficient_funds,upi,0,53129.03,0.8607,0.5259,19,4,0
PAY_000578,CUS_0120,10430.94,renewal_failed,upi,1,313843.14,0.6405,0.6179,20,6,0
PAY_000579,CUS_0020,34172.45,expired_method,card,2,23235.34,0.7759,0.7625,10,0,0
PAY_000580,CUS_0337,41326.12,expired_method,netbanking,1,254560.56,0.9003,0.5535,15,3,0
PAY_000581,CUS_0647,14890.84,renewal_failed,upi,1,107728.56,0.7397,0.771,18,4,0
PAY_000582,CUS_0291,3915.37,insufficient_funds,card,2,173232.63,0.8128,0.5788,14,6,1
PAY_000583,CUS_0223,15554.51,card_declined,wallet,3,49089.59,0.9323,0.5068,14,3,0
PAY_000584,CUS_0182,10095.02,expired_method,netbanking,1,215241.19,0.8087,0.7665,10,3,1
PAY_000585,CUS_0380,90189.55,card_declined,upi,1,211768.52,0.9217,0.8274,17,3,0
PAY_000586,CUS_0248,25629.19,renewal_failed,card,2,58350.33,0.8938,0.7948,9,4,0
PAY_000587,CUS_0267,13364.16,renewal_failed,netbanking,2,291570.13,0.9228,0.7581,13,6,0
PAY_000588,CUS_0846,41655.29,renewal_failed,upi,1,266259.2,0.576,0.5665,7,6,0
PAY_000589,CUS_0462,22598.76,card_declined,netbanking,1,114028.4,0.9299,0.8369,10,3,0
PAY_000590,CUS_0159,25193.15,renewal_failed,upi,2,54183.48,0.8324,0.8173,15,3,0
PAY_000591,CUS_0602,40015.97,card_declined,netbanking,2,88279.4,0.7605,0.723,20,2,0
PAY_000592,CUS_0747,27058.13,expired_method,wallet,2,159396.68,0.8728,0.5445,9,2,0
PAY_000593,CUS_0520,41535.06,expired_method,wallet,1,292763.18,0.7714,0.8346,14,0,0
PAY_000594,CUS_0273,3534.48,renewal_failed,upi,3,25464.14,0.8879,0.8442,15,0,0
PAY_000595,CUS_0221,14450.79,card_declined,upi,2,49355.27,0.8683,0.7303,15,0,0
PAY_000596,CUS_0337,16198.99,insufficient_funds,wallet,2,42795.46,0.929,0.9891,17,3,0
PAY_000597,CUS_0454,13637.84,expired_method,netbanking,2,85694.86,0.8474,0.8454,14,2,1
PAY_000598,CUS_0406,6695.53,card_declined,card,2,246010.03,0.8357,0.5554,8,1,1
PAY_000599,CUS_0414,15983.48,renewal_failed,wallet,1,254089.57,0.9294,0.7142,13,3,1
PAY_000600,CUS_0633,4758.58,card_declined,wallet,2,14077.64,0.7846,0.5627,17,1,0
PAY_000601,CUS_0601,13740.9,insufficient_funds,upi,1,109550.71,0.829,0.4613,16,2,0
PAY_000602,CUS_0267,11038.11,expired_method,netbanking,1,144694.8,0.6618,0.7238,11,4,0
PAY_000603,CUS_0024,20450.35,insufficient_funds,card,2,29217.22,0.8948,0.7788,18,2,0
PAY_000604,CUS_0545,3361.09,network_error,wallet,2,257006.26,0.8715,0.8718,6,4,0
PAY_000605,CUS_0465,5094.13,insufficient_funds,wallet,1,317800.31,0.8674,0.6142,6,5,0
PAY_000606,CUS_0789,15119.29,network_error,upi,1,99669.9,0.9773,0.5943,16,5,0
PAY_000607,CUS_0435,15214.98,card_declined,card,1,39479.71,0.9523,0.4917,18,1,0
PAY_000608,CUS_0093,12025.14,network_error,upi,0,62630.2,0.9467,0.5688,11,1,1
PAY_000609,CUS_0400,25405.81,expired_method,upi,3,13037.38,0.8459,0.5032,18,5,0
PAY_000610,CUS_0156,23851.35,insufficient_funds,card,1,51748.75,0.793,0.7382,14,1,0
PAY_000611,CUS_0418,76936.63,card_declined,netbanking,2,42130.17,0.8307,0.7504,3,6,1
PAY_000612,CUS_0673,4919.26,renewal_failed,card,0,12660.8,0.6735,0.5619,15,2,1
PAY_000613,CUS_0232,47735.23,insufficient_funds,wallet,1,267299.88,0.8277,0.5106,10,4,1
PAY_000614,CUS_0187,3761.25,expired_method,netbanking,2,152190.54,0.8629,0.6813,17,6,1
PAY_000615,CUS_0346,24438.35,network_error,netbanking,0,158002.23,0.8886,0.7389,18,4,0
PAY_000616,CUS_0730,2429.39,renewal_failed,wallet,2,216419.96,0.9322,0.8805,15,0,1
PAY_000617,CUS_0763,1461.24,expired_method,wallet,1,315105.25,0.7445,0.9115,9,0,1
PAY_000618,CUS_0554,8084.24,card_declined,upi,2,121148.72,0.7778,0.5418,19,6,0
PAY_000619,CUS_0069,26409.19,network_error,netbanking,1,170785.55,0.8597,0.5903,8,5,0
PAY_000620,CUS_0412,4788.81,card_declined,wallet,2,246552.99,0.9109,0.8551,5,2,1
PAY_000621,CUS_0350,10539.9,expired_method,upi,1,170433.53,0.7991,0.699,8,6,0
PAY_000622,CUS_0654,5434.12,network_error,card,2,223728.32,0.9133,0.5589,19,3,0
PAY_000623,CUS_0580,77337.87,expired_method,netbanking,1,268924.43,0.836,0.8849,18,4,0
PAY_000624,CUS_0041,9374.16,network_error,upi,1,192187.03,0.8407,0.7236,14,3,0
PAY_000625,CUS_0361,4968.44,network_error,upi,3,261706.13,0.8207,0.7633,9,6,0
PAY_000626,CUS_0758,12359.48,network_error,netbanking,2,58104.74,0.7879,0.8778,6,2,0
PAY_000627,CUS_0195,9295.38,insufficient_funds,wallet,1,163124.12,0.8473,0.465,21,2,1
PAY_000628,CUS_0137,45801.9,renewal_failed,netbanking,2,175935.36,0.8894,0.7783,18,4,0
PAY_000629,CUS_0425,28370.03,renewal_failed,upi,1,78145.36,0.9308,0.8291,19,3,0
PAY_000630,CUS_0720,7951.15,renewal_failed,wallet,1,285244.49,0.7465,0.7515,7,6,0
PAY_000631,CUS_0589,6296.04,card_declined,upi,3,252676.21,0.8695,0.6622,16,1,0
PAY_000632,CUS_0221,31441.66,network_error,wallet,1,28173.22,0.8543,0.6353,19,1,0
PAY_000633,CUS_0543,18430.15,expired_method,netbanking,1,257105.9,0.7341,0.6386,19,0,0
PAY_000634,CUS_0142,11600.64,card_declined,card,3,249405.07,0.605,0.5039,19,3,0
PAY_000635,CUS_0621,23940.82,expired_method,netbanking,0,142272.6,0.8579,0.8705,6,2,1
PAY_000636,CUS_0549,3426.41,expired_method,upi,0,308643.12,0.8548,0.68,8,4,0
PAY_000637,CUS_0605,7403.33,card_declined,netbanking,1,286128.27,0.9165,0.3802,10,2,0
PAY_000638,CUS_0814,17228.69,network_error,card,1,319170.67,0.9014,0.6808,9,6,0
PAY_000639,CUS_0642,10886.56,network_error,upi,2,36377.48,0.825,0.6769,7,6,1
PAY_000640,CUS_0602,11169.93,insufficient_funds,wallet,0,40547.37,0.8759,0.7145,4,0,1
PAY_000641,CUS_0698,29537.46,card_declined,netbanking,2,174699.15,0.8342,0.3472,16,1,0
PAY_000642,CUS_0146,6400.22,card_declined,upi,0,127024.48,0.7451,0.7309,20,3,1
PAY_000643,CUS_0405,19116.71,expired_method,wallet,2,229573.8,0.9839,0.8178,9,0,0
PAY_000644,CUS_0405,2590.68,insufficient_funds,upi,0,289491.75,0.8646,0.655,17,0,0
PAY_000645,CUS_0679,53514.5,network_error,card,0,318614.24,0.887,0.5956,7,4,0
PAY_000646,CUS_0739,7780.45,expired_method,upi,1,303959.9,0.8841,0.7796,8,1,0
PAY_000647,CUS_0147,6960.13,insufficient_funds,card,1,97795.64,0.8271,0.8904,18,2,0
PAY_000648,CUS_0503,4966.68,renewal_failed,upi,2,245798.99,0.9339,0.762,13,5,1
PAY_000649,CUS_0421,16915.77,network_error,wallet,3,55779.03,0.9141,0.6945,19,1,1
PAY_000650,CUS_0196,25100.45,card_declined,wallet,0,203467.97,0.7972,0.6538,16,1,1
PAY_000651,CUS_0423,81233.5,renewal_failed,netbanking,2,179040.12,0.8178,0.5582,19,6,0
PAY_000652,CUS_0422,6079.18,renewal_failed,card,1,300382.06,0.9588,0.6254,17,6,1
PAY_000653,CUS_0155,9567.35,card_declined,wallet,1,299102.31,0.6801,0.7405,11,2,1
PAY_000654,CUS_0634,33112.84,insufficient_funds,netbanking,1,106436.01,0.9066,0.8188,8,0,0
PAY_000655,CUS_0459,10068.93,network_error,netbanking,2,289939.3,0.8051,0.5544,21,4,0
PAY_000656,CUS_0819,54985.91,expired_method,upi,2,29493.68,0.7984,0.8173,21,0,0
PAY_000657,CUS_0768,13107.57,renewal_failed,wallet,3,121947.39,0.9526,0.5463,23,2,1
PAY_000658,CUS_0725,18545.16,insufficient_funds,card,2,297082.09,0.8074,0.8057,16,6,0
PAY_000659,CUS_0243,26155.81,network_error,netbanking,1,292967.49,0.8399,0.9093,13,1,0
PAY_000660,CUS_0641,16172.33,network_error,netbanking,2,41019.81,0.8559,0.4396,4,0,0
PAY_000661,CUS_0234,14426.68,card_declined,wallet,1,66052.24,0.8867,0.5338,8,2,0
PAY_000662,CUS_0441,3750.55,renewal_failed,netbanking,1,166076.19,0.662,0.9021,18,4,0
PAY_000663,CUS_0044,19296.54,renewal_failed,netbanking,2,196918.14,0.8797,0.7034,18,1,0
PAY_000664,CUS_0375,20822.23,network_error,netbanking,3,272102.26,0.9408,0.847,22,5,1
PAY_000665,CUS_0164,17472.66,renewal_failed,card,1,13113.48,0.8952,0.7682,16,3,0
PAY_000666,CUS_0634,12683.04,expired_method,upi,0,108864.14,0.8859,0.9638,8,5,1
PAY_000667,CUS_0488,11956.54,card_declined,netbanking,1,124486.66,0.8286,0.5836,20,5,0
PAY_000668,CUS_0152,32355.16,renewal_failed,netbanking,2,289379.01,0.7686,0.7768,11,0,0
PAY_000669,CUS_0636,16069.12,network_error,wallet,1,285964.1,0.7121,0.8528,17,2,0
PAY_000670,CUS_0012,12990.3,expired_method,netbanking,1,106020.5,0.901,0.8175,13,5,0
PAY_000671,CUS_0203,9432.55,expired_method,upi,0,208924.34,0.7159,0.8425,11,2,0
PAY_000672,CUS_0779,22424.6,card_declined,card,1,13290.34,0.7358,0.9536,11,1,0
PAY_000673,CUS_0064,5481.62,renewal_failed,upi,2,25428.07,0.9234,0.828,18,3,0
PAY_000674,CUS_0239,14684.71,network_error,card,1,35915.8,0.6813,0.5992,15,0,1
PAY_000675,CUS_0377,6433.72,network_error,wallet,0,246847.44,0.7616,0.6807,0,5,1
PAY_000676,CUS_0667,14377.81,network_error,card,0,10293.18,0.8905,0.5896,8,2,0
PAY_000677,CUS_0642,20069.66,renewal_failed,wallet,1,43160.37,0.7186,0.7927,11,3,1
PAY_000678,CUS_0110,24392.66,insufficient_funds,netbanking,0,266831.2,0.7716,0.7994,19,1,1
PAY_000679,CUS_0270,42027.18,expired_method,upi,1,127003.33,0.9467,0.6806,19,0,1
PAY_000680,CUS_0221,5583.29,card_declined,upi,3,240209.29,0.9016,0.8189,15,5,0
PAY_000681,CUS_0002,3700.63,network_error,wallet,0,12139.95,0.826,0.5764,8,5,0
PAY_000682,CUS_0753,24505.68,renewal_failed,wallet,2,231257.63,0.942,0.8328,18,4,1
PAY_000683,CUS_0772,18442.73,renewal_failed,wallet,1,314855.99,0.8097,0.8394,20,5,0
PAY_000684,CUS_0844,15809.24,insufficient_funds,netbanking,1,276230.0,0.8273,0.7966,8,5,0
PAY_000685,CUS_0403,11787.47,renewal_failed,upi,1,187544.95,0.7288,0.5596,21,4,0
PAY_000686,CUS_0248,7374.66,network_error,upi,1,208897.51,0.6717,0.7129,20,5,0
PAY_000687,CUS_0439,22105.44,card_declined,upi,3,67594.05,0.7199,0.9508,12,2,0
PAY_000688,CUS_0702,102191.15,renewal_failed,upi,2,312828.2,0.8827,0.689,17,2,0
PAY_000689,CUS_0318,13178.28,insufficient_funds,wallet,2,35090.53,0.8622,0.7923,17,3,1
PAY_000690,CUS_0600,17052.22,network_error,card,1,37625.57,0.8426,0.6164,16,5,1
PAY_000691,CUS_0181,4510.74,card_declined,wallet,1,58776.81,0.9093,0.8067,19,6,0
PAY_000692,CUS_0726,6905.55,renewal_failed,wallet,1,146735.92,0.9358,0.7574,13,5,0
PAY_000693,CUS_0166,14955.62,renewal_failed,upi,1,18463.5,0.9352,0.8228,9,1,1
PAY_000694,CUS_0808,6647.16,card_declined,wallet,1,178326.69,0.8079,0.6311,13,2,1
PAY_000695,CUS_0131,6738.71,expired_method,card,1,84026.96,0.7722,0.6341,20,0,1
PAY_000696,CUS_0405,23734.25,insufficient_funds,wallet,1,316056.86,0.7488,0.7852,14,6,0
PAY_000697,CUS_0428,35257.55,renewal_failed,card,2,47725.82,0.6685,0.7489,19,3,0
PAY_000698,CUS_0705,25061.33,insufficient_funds,netbanking,1,95620.05,0.8758,0.5735,16,6,0
PAY_000699,CUS_0332,17667.34,renewal_failed,card,1,36388.16,0.8179,0.7579,16,2,0
PAY_000700,CUS_0371,48425.1,expired_method,netbanking,1,112519.53,0.8183,0.5049,18,1,0
PAY_000701,CUS_0735,25659.47,card_declined,wallet,1,62105.67,0.8134,0.8799,16,1,0
PAY_000702,CUS_0431,6446.84,renewal_failed,netbanking,0,197066.93,0.6624,0.8515,17,2,0
PAY_000703,CUS_0041,17149.16,network_error,netbanking,0,64504.68,0.9374,0.7653,20,5,0
PAY_000704,CUS_0781,46122.21,insufficient_funds,upi,1,202800.33,0.8693,0.7231,8,4,0
PAY_000705,CUS_0004,1846.85,network_error,card,1,13441.46,0.7338,0.769,20,1,0
PAY_000706,CUS_0537,7954.89,renewal_failed,wallet,1,80440.39,0.8777,0.7286,18,3,0
PAY_000707,CUS_0237,10710.45,renewal_failed,wallet,2,197244.83,0.7786,0.8103,14,1,0
PAY_000708,CUS_0173,3452.35,insufficient_funds,card,1,28184.83,0.9653,0.7382,10,2,0
PAY_000709,CUS_0320,5271.47,renewal_failed,card,2,313498.39,0.9219,0.6866,10,1,0
PAY_000710,CUS_0474,51338.17,renewal_failed,card,1,154717.49,0.9641,0.632,19,4,1
PAY_000711,CUS_0377,15006.16,card_declined,card,1,66283.69,0.9238,0.8889,19,1,0
PAY_000712,CUS_0363,15377.41,card_declined,wallet,0,42281.37,0.8018,0.7499,16,5,0
PAY_000713,CUS_0769,33867.53,network_error,netbanking,1,135195.63,0.7961,0.7147,13,2,0
PAY_000714,CUS_0053,4118.79,card_declined,wallet,2,254643.58,0.8934,0.7267,20,3,1
PAY_000715,CUS_0104,8875.16,insufficient_funds,netbanking,1,117373.19,0.915,0.9009,11,4,1
PAY_000716,CUS_0777,2484.93,expired_method,upi,0,76232.46,0.8496,0.7943,16,0,0
PAY_000717,CUS_0043,12425.63,insufficient_funds,upi,3,55838.96,0.8067,0.6464,17,2,0
PAY_000718,CUS_0632,5618.82,card_declined,wallet,2,283547.98,0.9496,0.7303,18,6,0
PAY_000719,CUS_0252,21986.62,network_error,netbanking,1,178952.71,0.8488,0.5323,10,4,0
PAY_000720,CUS_0157,12914.19,renewal_failed,netbanking,1,233974.36,0.8635,0.7287,20,1,0
PAY_000721,CUS_0122,13543.4,network_error,wallet,1,101314.37,0.6831,0.5934,22,2,0
PAY_000722,CUS_0154,7997.19,network_error,wallet,1,134459.12,0.8419,0.6848,6,6,0
PAY_000723,CUS_0085,14901.32,insufficient_funds,card,3,8651.23,0.7103,0.9043,11,0,0
PAY_000724,CUS_0706,23066.34,card_declined,wallet,2,160992.35,0.7579,0.8445,16,3,0
PAY_000725,CUS_0473,8189.63,expired_method,card,2,260804.49,0.8607,0.803,11,2,1
PAY_000726,CUS_0685,7550.1,insufficient_funds,upi,1,44728.06,0.8712,0.7596,15,0,0
PAY_000727,CUS_0332,51853.54,renewal_failed,netbanking,3,73448.83,0.9066,0.8903,18,3,0
PAY_000728,CUS_0647,9178.45,network_error,netbanking,3,242472.4,0.9387,0.8055,8,0,0
PAY_000729,CUS_0628,9987.47,renewal_failed,netbanking,1,40634.34,0.9161,0.6679,13,4,0
PAY_000730,CUS_0323,27688.3,insufficient_funds,wallet,3,192384.25,0.8094,0.3185,15,4,0
PAY_000731,CUS_0751,24131.85,expired_method,netbanking,2,273875.39,0.8435,0.5069,20,3,1
PAY_000732,CUS_0133,41079.87,expired_method,upi,1,189014.99,0.7314,0.7956,9,3,1
PAY_000733,CUS_0789,7031.32,expired_method,wallet,0,141052.21,0.7691,0.8682,21,1,1
PAY_000734,CUS_0813,12380.91,renewal_failed,wallet,1,158147.46,0.8693,0.6229,1,4,0
PAY_000735,CUS_0793,6604.58,renewal_failed,card,1,296510.73,0.7018,0.5879,8,4,0
PAY_000736,CUS_0475,19763.58,card_declined,wallet,1,150850.19,0.8861,0.542,18,0,0
PAY_000737,CUS_0057,17964.86,insufficient_funds,card,1,180718.54,0.9222,0.8603,14,0,0
PAY_000738,CUS_0218,1802.16,insufficient_funds,netbanking,0,104216.16,0.7257,0.9198,12,0,1
PAY_000739,CUS_0771,15100.91,insufficient_funds,netbanking,1,245317.94,0.9454,0.8303,18,0,0
PAY_000740,CUS_0190,31545.93,network_error,upi,1,91943.04,0.7662,0.7026,19,0,0
PAY_000741,CUS_0193,21436.19,insufficient_funds,upi,1,235369.58,0.6187,0.5845,17,5,0
PAY_000742,CUS_0664,13184.12,network_error,card,1,129193.64,0.9349,0.7916,20,5,0
PAY_000743,CUS_0668,3668.85,expired_method,card,1,262107.22,0.8906,0.7029,10,0,0
PAY_000744,CUS_0150,8541.85,insufficient_funds,wallet,0,72376.04,0.6496,0.6217,15,1,0
PAY_000745,CUS_0781,7171.36,card_declined,wallet,1,93456.0,0.8301,0.8455,14,0,0
PAY_000746,CUS_0149,14738.44,expired_method,netbanking,1,148195.04,0.85,0.747,9,4,0
PAY_000747,CUS_0188,14727.82,expired_method,netbanking,2,14333.46,0.8914,0.7391,17,6,0
PAY_000748,CUS_0366,6227.06,renewal_failed,wallet,1,8455.68,0.8363,0.6325,18,4,0
PAY_000749,CUS_0045,4677.0,card_declined,card,1,275632.49,0.7972,0.6345,20,1,0
PAY_000750,CUS_0096,6707.21,insufficient_funds,upi,2,312489.31,0.7373,0.3706,6,1,0
PAY_000751,CUS_0590,15313.79,card_declined,upi,1,94449.43,0.6877,0.5895,6,4,0
PAY_000752,CUS_0472,7843.08,expired_method,netbanking,2,181561.5,0.7143,0.9394,19,1,1
PAY_000753,CUS_0384,4475.19,renewal_failed,card,0,234432.08,0.7719,0.7399,8,3,1
PAY_000754,CUS_0162,30088.64,insufficient_funds,card,1,55966.79,0.75,0.5002,20,2,0
PAY_000755,CUS_0119,40624.03,renewal_failed,card,3,140564.53,0.8861,0.6933,16,0,0
PAY_000756,CUS_0052,21293.61,insufficient_funds,card,2,174465.38,0.8886,0.9246,20,6,1
PAY_000757,CUS_0640,13758.09,insufficient_funds,card,1,34073.18,0.8834,0.8562,18,0,0
PAY_000758,CUS_0828,11650.21,renewal_failed,upi,2,108414.83,0.6679,0.6173,6,1,0
PAY_000759,CUS_0517,16393.93,card_declined,wallet,3,38657.31,0.8832,0.6988,11,5,1
PAY_000760,CUS_0446,29956.67,expired_method,card,0,261582.95,0.8403,0.6409,11,3,1
PAY_000761,CUS_0234,12747.21,insufficient_funds,upi,2,284367.34,0.9232,0.7219,14,6,1
PAY_000762,CUS_0806,38877.01,insufficient_funds,netbanking,1,61113.53,0.8184,0.8122,17,3,0
PAY_000763,CUS_0561,37452.53,card_declined,upi,0,258222.04,0.9254,0.7421,18,6,0
PAY_000764,CUS_0683,45574.4,card_declined,card,1,246322.08,0.8821,0.5194,8,4,0
PAY_000765,CUS_0364,22791.89,card_declined,upi,1,138977.51,0.7834,0.4454,10,5,0
PAY_000766,CUS_0287,35510.49,expired_method,upi,1,254061.61,0.8383,0.5414,15,2,0
PAY_000767,CUS_0222,37166.81,renewal_failed,upi,2,236003.38,0.8077,0.6972,19,1,1
PAY_000768,CUS_0127,2440.19,expired_method,card,2,88407.73,0.8295,0.8213,16,5,0
PAY_000769,CUS_0518,15595.87,card_declined,card,1,204832.56,0.809,0.4675,21,6,0
PAY_000770,CUS_0342,11855.44,network_error,upi,1,164213.25,0.655,0.903,20,1,0
PAY_000771,CUS_0073,11753.95,expired_method,netbanking,2,193974.5,0.7468,0.7263,20,0,0
PAY_000772,CUS_0246,20948.54,insufficient_funds,netbanking,1,131864.67,0.7968,0.6118,17,4,1
PAY_000773,CUS_0405,12081.71,network_error,upi,0,299338.7,0.89,0.5439,19,2,1
PAY_000774,CUS_0838,732.26,insufficient_funds,upi,0,48181.37,0.8849,0.8544,9,2,1
PAY_000775,CUS_0306,10783.19,network_error,upi,1,272398.7,0.8678,0.5886,22,6,1
PAY_000776,CUS_0293,14274.94,card_declined,card,1,199726.67,0.8024,0.484,17,0,0
PAY_000777,CUS_0778,63791.39,network_error,netbanking,1,59667.52,0.8223,0.8198,10,4,0
PAY_000778,CUS_0180,22235.1,network_error,upi,2,100210.83,0.8555,0.6668,17,6,1
PAY_000779,CUS_0768,2363.77,network_error,wallet,1,307715.95,0.9352,0.6502,20,5,0
PAY_000780,CUS_0580,5489.09,card_declined,card,1,214713.52,0.8442,0.5568,18,1,0
PAY_000781,CUS_0494,16801.39,renewal_failed,card,1,246088.84,0.7818,0.7893,20,1,1
PAY_000782,CUS_0642,21373.2,card_declined,card,2,105872.74,0.9089,0.8892,19,6,0
PAY_000783,CUS_0844,23064.72,card_declined,upi,0,273888.82,0.9405,0.9173,19,2,0
PAY_000784,CUS_0052,3786.58,renewal_failed,netbanking,0,204516.95,0.9113,0.7713,15,3,0
PAY_000785,CUS_0020,20028.51,expired_method,netbanking,0,162523.86,0.9029,0.7509,18,4,1
PAY_000786,CUS_0176,14528.1,network_error,wallet,3,296004.1,0.9255,0.8402,21,2,0
PAY_000787,CUS_0195,10360.93,insufficient_funds,wallet,0,273058.19,0.6523,0.8624,17,2,0
PAY_000788,CUS_0243,8797.94,renewal_failed,netbanking,1,192877.17,0.83,0.9451,14,2,0
PAY_000789,CUS_0105,10847.41,insufficient_funds,wallet,1,41784.18,0.6454,0.8312,19,4,0
PAY_000790,CUS_0182,16953.65,network_error,card,1,114122.92,0.8167,0.8596,9,0,0
PAY_000791,CUS_0415,11048.13,renewal_failed,wallet,3,15150.63,0.7973,0.779,14,3,0
PAY_000792,CUS_0344,15220.21,insufficient_funds,netbanking,2,125348.45,0.8702,0.8672,20,2,1
PAY_000793,CUS_0241,14720.9,insufficient_funds,netbanking,1,54906.24,0.7158,0.6689,17,6,0
PAY_000794,CUS_0520,10448.21,expired_method,upi,3,47584.71,0.8008,0.6088,18,5,0
PAY_000795,CUS_0400,6618.13,renewal_failed,upi,1,96472.57,0.829,0.8446,8,4,0
PAY_000796,CUS_0447,12497.44,card_declined,upi,3,149026.0,0.7754,0.7222,16,6,0
PAY_000797,CUS_0370,13743.32,card_declined,card,1,187962.93,0.7195,0.6305,18,0,0
PAY_000798,CUS_0191,23745.28,renewal_failed,netbanking,2,185588.37,0.6892,0.6635,12,6,0
PAY_000799,CUS_0780,22438.38,card_declined,netbanking,2,267056.21,0.7714,0.7736,18,2,1
PAY_000800,CUS_0270,10236.17,expired_method,wallet,0,187538.43,0.8041,0.6761,13,5,0
PAY_000801,CUS_0535,14498.78,expired_method,wallet,2,97639.08,0.8463,0.6842,17,1,1
PAY_000802,CUS_0838,26525.59,card_declined,netbanking,2,34835.17,0.9226,0.7404,8,4,0
PAY_000803,CUS_0125,8901.52,renewal_failed,upi,1,140990.03,0.8328,0.9617,15,4,0
PAY_000804,CUS_0427,23506.01,renewal_failed,upi,1,268492.59,0.803,0.5872,17,6,0
PAY_000805,CUS_0433,5446.85,renewal_failed,wallet,2,148331.26,0.9014,0.5836,16,2,0
PAY_000806,CUS_0075,5582.83,renewal_failed,netbanking,0,48215.81,0.9065,0.4698,9,5,0
PAY_000807,CUS_0707,4778.96,insufficient_funds,card,1,140813.04,0.896,0.7702,18,1,0
PAY_000808,CUS_0109,11015.14,network_error,netbanking,1,54707.86,0.9062,0.6436,8,4,0
PAY_000809,CUS_0546,19967.26,insufficient_funds,card,1,52682.33,0.8329,0.6996,18,3,0
PAY_000810,CUS_0524,5596.81,renewal_failed,upi,2,63205.64,0.7881,0.8142,3,1,0
PAY_000811,CUS_0579,22869.54,renewal_failed,card,2,130458.62,0.8439,0.6447,19,5,0
PAY_000812,CUS_0373,10007.69,renewal_failed,card,2,283046.32,0.8193,0.8312,9,1,0
PAY_000813,CUS_0268,19299.08,renewal_failed,card,1,301185.19,0.7136,0.88,9,0,0
PAY_000814,CUS_0510,43798.55,network_error,upi,1,147409.94,0.8753,0.8638,20,3,0
PAY_000815,CUS_0501,19576.73,expired_method,card,1,182193.42,0.6466,0.7752,20,2,0
PAY_000816,CUS_0834,151271.55,network_error,wallet,1,73702.75,0.8782,0.6877,19,6,0
PAY_000817,CUS_0096,21202.81,expired_method,netbanking,1,129009.55,0.6157,0.5206,20,4,0
PAY_000818,CUS_0050,21586.5,renewal_failed,netbanking,2,36852.22,0.606,0.4759,17,0,0
PAY_000819,CUS_0133,26422.11,insufficient_funds,card,0,278420.04,0.8988,0.4919,7,3,0
PAY_000820,CUS_0682,15781.4,card_declined,netbanking,2,296765.56,0.9159,0.7954,18,3,0
PAY_000821,CUS_0018,90453.28,insufficient_funds,card,2,95998.04,0.6287,0.6914,7,2,0
PAY_000822,CUS_0795,41855.57,expired_method,netbanking,2,269969.57,0.6778,0.6158,18,3,0
PAY_000823,CUS_0433,6487.59,network_error,netbanking,1,176367.47,0.909,0.5587,7,3,0
PAY_000824,CUS_0666,3495.06,network_error,card,1,94714.4,0.7912,0.5509,7,6,0
PAY_000825,CUS_0381,105630.5,insufficient_funds,card,0,13260.36,0.7101,0.6629,17,6,0
PAY_000826,CUS_0755,2028.16,card_declined,netbanking,1,41204.61,0.878,0.6048,3,0,0
PAY_000827,CUS_0111,32854.73,insufficient_funds,wallet,1,246194.6,0.7438,0.664,7,0,0
PAY_000828,CUS_0358,12552.29,insufficient_funds,wallet,1,84908.94,0.8109,0.8109,2,4,0
PAY_000829,CUS_0362,14649.67,expired_method,wallet,1,141999.29,0.8761,0.7958,13,6,1
PAY_000830,CUS_0128,17082.64,card_declined,wallet,0,25965.24,0.9111,0.9078,15,3,0
PAY_000831,CUS_0514,21237.66,card_declined,upi,2,183631.28,0.7912,0.595,8,2,0
PAY_000832,CUS_0392,22034.24,network_error,wallet,2,173106.63,0.9386,0.7449,18,0,0
PAY_000833,CUS_0457,8646.34,network_error,wallet,1,85451.44,0.8766,0.7353,17,0,0
PAY_000834,CUS_0559,24380.67,network_error,card,0,153787.76,0.8145,0.8952,17,0,0
PAY_000835,CUS_0560,4224.81,renewal_failed,wallet,2,288003.41,0.9409,0.7999,3,6,0
PAY_000836,CUS_0390,9779.42,insufficient_funds,wallet,3,283633.7,0.8899,0.7956,19,1,0
PAY_000837,CUS_0687,15127.66,network_error,upi,2,216410.93,0.8791,0.7606,18,4,0
PAY_000838,CUS_0691,41325.5,insufficient_funds,netbanking,0,118648.07,0.7544,0.907,17,1,0
PAY_000839,CUS_0386,15059.77,network_error,netbanking,0,298475.17,0.7874,0.4209,18,2,0
PAY_000840,CUS_0001,10803.44,expired_method,wallet,0,149354.65,0.9669,0.4761,14,4,0
PAY_000841,CUS_0850,13469.15,card_declined,netbanking,1,174203.47,0.8822,0.7426,5,2,1
PAY_000842,CUS_0170,16810.91,card_declined,wallet,0,74563.26,0.8824,0.5209,11,6,0
PAY_000843,CUS_0529,26410.33,expired_method,upi,1,141822.33,0.7837,0.6366,18,5,1
PAY_000844,CUS_0335,6694.45,renewal_failed,upi,1,306404.94,0.8581,0.7,23,6,1
PAY_000845,CUS_0093,106871.06,network_error,netbanking,1,200338.07,0.8873,0.7269,13,2,0
PAY_000846,CUS_0486,7512.41,expired_method,upi,0,199473.5,0.951,0.6423,18,2,1
PAY_000847,CUS_0544,16763.08,network_error,card,1,85548.5,0.8083,0.9239,17,6,1
PAY_000848,CUS_0802,48219.28,network_error,wallet,1,109984.84,0.6925,0.6895,16,0,0
PAY_000849,CUS_0623,13663.98,network_error,card,1,252055.93,0.8255,0.8062,7,5,0
PAY_000850,CUS_0516,6581.43,insufficient_funds,card,0,64485.71,0.8137,0.8317,22,0,1
PAY_000851,CUS_0805,23810.1,renewal_failed,wallet,3,9909.22,0.9486,0.833,17,2,0
PAY_000852,CUS_0603,9322.52,network_error,netbanking,2,207241.34,0.9178,0.5429,12,3,0
PAY_000853,CUS_0261,14505.01,expired_method,card,1,90594.86,0.9189,0.6833,4,5,0
PAY_000854,CUS_0087,8760.62,network_error,netbanking,2,279399.54,0.5003,0.5536,16,4,0
PAY_000855,CUS_0013,6741.78,network_error,card,1,99562.59,0.8418,0.8437,6,3,0
PAY_000856,CUS_0650,16757.0,insufficient_funds,wallet,3,265930.89,0.8776,0.7915,3,6,0
PAY_000857,CUS_0705,26359.56,network_error,wallet,1,97420.99,0.9055,0.6971,8,4,0
PAY_000858,CUS_0262,2982.15,card_declined,wallet,2,180370.97,0.5591,0.729,15,4,0
PAY_000859,CUS_0747,35075.23,network_error,card,2,246472.26,0.7742,0.5218,9,6,1
PAY_000860,CUS_0528,7990.91,card_declined,card,1,58773.02,0.9073,0.5774,17,1,0
PAY_000861,CUS_0822,14755.42,card_declined,upi,0,44495.57,0.7713,0.9177,17,6,0
PAY_000862,CUS_0774,31278.05,insufficient_funds,upi,1,263162.92,0.9072,0.8365,9,0,0
PAY_000863,CUS_0603,4021.45,network_error,card,1,104510.97,0.7658,0.8881,19,2,0
PAY_000864,CUS_0231,4917.9,expired_method,upi,2,22376.09,0.844,0.6277,20,5,1
PAY_000865,CUS_0415,11997.49,network_error,netbanking,2,154463.34,0.733,0.7857,16,4,0
PAY_000866,CUS_0080,4066.1,insufficient_funds,card,1,182105.38,0.9209,0.9384,14,2,0
PAY_000867,CUS_0081,33596.88,insufficient_funds,card,0,302299.62,0.6579,0.7838,8,0,1
PAY_000868,CUS_0617,14379.73,renewal_failed,netbanking,3,301512.49,0.8544,0.7026,18,3,0
PAY_000869,CUS_0271,17729.7,renewal_failed,card,1,197868.12,0.8491,0.6947,15,6,0
PAY_000870,CUS_0055,21563.26,card_declined,upi,2,116142.77,0.6594,0.7602,20,2,0
PAY_000871,CUS_0269,12447.58,card_declined,netbanking,2,154640.84,0.7573,0.7667,19,1,1
PAY_000872,CUS_0191,19775.37,card_declined,wallet,0,301778.42,0.9404,0.6275,22,5,1
PAY_000873,CUS_0588,9003.47,insufficient_funds,netbanking,1,262885.42,0.8481,0.5918,22,0,0
PAY_000874,CUS_0424,32637.09,expired_method,netbanking,1,209508.23,0.8766,0.7174,10,3,0
PAY_000875,CUS_0188,24633.19,card_declined,wallet,1,104986.64,0.7366,0.7091,18,3,1
PAY_000876,CUS_0307,24915.75,expired_method,card,1,294539.63,0.6591,0.7325,9,5,0
PAY_000877,CUS_0284,43955.72,renewal_failed,netbanking,3,107190.88,0.6664,0.9045,12,3,0
PAY_000878,CUS_0317,21229.76,network_error,netbanking,1,121637.29,0.8938,0.8005,7,3,0
PAY_000879,CUS_0056,34470.6,renewal_failed,upi,2,39115.72,0.6262,0.8966,10,3,0
PAY_000880,CUS_0011,18241.54,insufficient_funds,wallet,2,123736.1,0.9157,0.7009,17,6,0
PAY_000881,CUS_0722,5965.52,insufficient_funds,upi,1,113225.31,0.7825,0.7657,19,0,0
PAY_000882,CUS_0312,8212.82,renewal_failed,upi,3,228988.66,0.9607,0.9656,21,4,1
PAY_000883,CUS_0632,24821.03,insufficient_funds,netbanking,1,300558.56,0.8709,0.4978,23,2,0
PAY_000884,CUS_0560,5971.87,card_declined,netbanking,2,114225.89,0.9215,0.6983,20,4,1
PAY_000885,CUS_0161,10128.36,expired_method,upi,2,287376.85,0.9118,0.9241,15,6,0
PAY_000886,CUS_0154,6540.82,insufficient_funds,upi,1,315434.88,0.8302,0.6879,18,4,0
PAY_000887,CUS_0120,8139.19,expired_method,upi,0,238015.38,0.8351,0.3943,16,1,1
PAY_000888,CUS_0608,5271.05,card_declined,card,1,10026.51,0.9059,0.7248,17,1,1
PAY_000889,CUS_0130,55296.06,expired_method,card,1,80054.89,0.9819,0.8314,22,0,0
PAY_000890,CUS_0703,5674.01,card_declined,card,2,179828.0,0.6554,0.3861,16,3,0
PAY_000891,CUS_0530,10904.98,insufficient_funds,upi,1,73968.03,0.9257,0.6033,18,0,0
PAY_000892,CUS_0674,37176.39,card_declined,wallet,1,260188.3,0.8229,0.6072,21,2,0
PAY_000893,CUS_0286,4269.57,card_declined,wallet,0,24839.99,0.8197,0.7512,9,2,1
PAY_000894,CUS_0225,29447.68,renewal_failed,upi,0,311868.68,0.8006,0.7307,10,5,0
PAY_000895,CUS_0202,23300.84,network_error,wallet,1,298274.7,0.8734,0.8232,20,3,1
PAY_000896,CUS_0388,98728.25,network_error,wallet,1,132139.7,0.8967,0.6979,22,0,0
PAY_000897,CUS_0430,57575.48,renewal_failed,card,0,252969.36,0.7049,0.7378,19,1,0
PAY_000898,CUS_0798,12885.02,expired_method,wallet,1,122995.21,0.7962,0.6977,12,2,0
PAY_000899,CUS_0173,21686.48,insufficient_funds,wallet,3,130153.07,0.6744,0.8061,8,1,1
PAY_000900,CUS_0526,10117.83,insufficient_funds,upi,1,53819.71,0.8923,0.6093,7,5,0
PAY_000901,CUS_0138,14639.75,renewal_failed,upi,2,298255.21,0.8261,0.5059,8,2,0
PAY_000902,CUS_0416,7664.16,card_declined,netbanking,2,121777.2,0.5011,0.7738,13,5,0
PAY_000903,CUS_0278,25001.58,renewal_failed,netbanking,1,256372.6,0.7388,0.864,15,4,0
PAY_000904,CUS_0835,1581.8,renewal_failed,wallet,3,27837.63,0.9154,0.4299,20,2,0
PAY_000905,CUS_0834,5394.53,renewal_failed,card,1,301264.83,0.8433,0.5221,10,3,1
PAY_000906,CUS_0544,15558.94,card_declined,wallet,2,101911.2,0.7812,0.9561,18,0,0
PAY_000907,CUS_0697,7643.84,expired_method,wallet,0,298949.98,0.8336,0.702,19,2,1
PAY_000908,CUS_0699,25408.14,insufficient_funds,upi,1,208558.53,0.7639,0.8853,15,4,0
PAY_000909,CUS_0496,9919.65,network_error,upi,0,292240.34,0.7563,0.7482,4,0,0
PAY_000910,CUS_0507,24223.36,card_declined,upi,1,107774.05,0.8856,0.5268,16,5,0
PAY_000911,CUS_0631,7973.78,renewal_failed,netbanking,1,56102.51,0.7949,0.451,12,5,0
PAY_000912,CUS_0801,1999.05,card_declined,card,0,55042.2,0.9043,0.9026,19,5,0
PAY_000913,CUS_0850,8208.05,network_error,upi,1,311261.78,0.945,0.5002,7,4,0
PAY_000914,CUS_0505,29261.37,insufficient_funds,upi,1,56662.93,0.4451,0.5805,8,0,0
PAY_000915,CUS_0730,56507.89,network_error,netbanking,1,88580.44,0.8274,0.279,22,1,0
PAY_000916,CUS_0387,13785.95,renewal_failed,netbanking,1,56038.22,0.7536,0.7548,18,2,0
PAY_000917,CUS_0848,37091.39,expired_method,upi,2,83579.87,0.8803,0.5604,18,3,0
PAY_000918,CUS_0409,6611.27,expired_method,card,2,304330.7,0.8913,0.7959,5,6,0
PAY_000919,CUS_0785,12616.36,insufficient_funds,netbanking,2,254715.3,0.6961,0.8719,18,0,1
PAY_000920,CUS_0019,31977.46,network_error,netbanking,0,299203.71,0.7173,0.7406,15,0,0
PAY_000921,CUS_0545,7346.33,card_declined,upi,0,278465.69,0.7751,0.6968,20,4,0
PAY_000922,CUS_0544,15791.05,insufficient_funds,wallet,1,59471.79,0.9325,0.7335,2,2,0
PAY_000923,CUS_0032,14631.14,renewal_failed,wallet,1,270285.94,0.8468,0.8918,19,2,0
PAY_000924,CUS_0144,39329.76,card_declined,card,0,22252.37,0.6011,0.7399,15,5,1
PAY_000925,CUS_0035,10430.15,network_error,netbanking,1,215598.96,0.7957,0.9348,13,2,0
PAY_000926,CUS_0367,8116.34,insufficient_funds,wallet,1,106197.23,0.7571,0.7999,6,5,0
PAY_000927,CUS_0629,2599.59,card_declined,netbanking,1,224753.11,0.9084,0.6708,10,0,0
PAY_000928,CUS_0627,7286.67,renewal_failed,netbanking,1,116788.45,0.8649,0.862,19,6,0
PAY_000929,CUS_0230,3996.1,renewal_failed,card,2,83646.91,0.8948,0.6496,18,4,1
PAY_000930,CUS_0133,5303.39,network_error,card,1,156832.75,0.8506,0.8565,0,6,0
PAY_000931,CUS_0626,12818.06,renewal_failed,netbanking,1,204652.74,0.8627,0.7532,11,0,1
PAY_000932,CUS_0071,21605.24,network_error,netbanking,2,277667.57,0.9012,0.7758,20,4,1
PAY_000933,CUS_0759,8000.7,expired_method,card,1,110103.9,0.882,0.7739,19,1,0
PAY_000934,CUS_0667,6174.2,card_declined,netbanking,1,212679.26,0.8168,0.6587,3,6,0
PAY_000935,CUS_0234,5570.67,card_declined,netbanking,1,189760.81,0.6659,0.8019,8,2,1
PAY_000936,CUS_0157,16992.32,expired_method,upi,0,262300.82,0.8611,0.6827,8,1,0
PAY_000937,CUS_0438,16670.58,card_declined,upi,0,133197.07,0.7946,0.7892,21,0,0
PAY_000938,CUS_0222,5208.49,renewal_failed,netbanking,2,106338.87,0.9321,0.6057,19,1,0
PAY_000939,CUS_0105,14791.92,renewal_failed,upi,0,231922.19,0.8038,0.6854,16,5,0
PAY_000940,CUS_0066,31864.02,network_error,netbanking,2,137143.03,0.8905,0.6319,7,4,0
PAY_000941,CUS_0469,7023.87,insufficient_funds,netbanking,1,244573.83,0.7937,0.855,6,0,1
PAY_000942,CUS_0635,19460.07,renewal_failed,upi,2,285946.89,0.9638,0.6259,7,0,0
PAY_000943,CUS_0297,22621.11,card_declined,netbanking,2,287988.76,0.8616,0.901,8,0,0
PAY_000944,CUS_0454,7769.26,card_declined,wallet,2,221750.95,0.8255,0.9888,8,2,0
PAY_000945,CUS_0187,2486.37,network_error,netbanking,0,152962.98,0.7133,0.6614,15,2,0
PAY_000946,CUS_0409,9082.03,card_declined,card,3,194492.59,0.8865,0.845,8,3,1
PAY_000947,CUS_0412,10660.11,renewal_failed,card,0,123092.26,0.8263,0.8991,11,5,0
PAY_000948,CUS_0210,8219.95,card_declined,wallet,0,202195.97,0.8862,0.5275,18,2,1
PAY_000949,CUS_0116,19839.07,renewal_failed,upi,0,187055.75,0.8341,0.775,18,4,0
PAY_000950,CUS_0398,25032.3,network_error,wallet,1,317327.39,0.8454,0.6526,19,0,1
PAY_000951,CUS_0626,41594.83,renewal_failed,wallet,1,105867.65,0.8329,0.646,9,5,1
PAY_000952,CUS_0846,22381.83,card_declined,card,0,223335.23,0.7954,0.7533,15,4,0
PAY_000953,CUS_0202,31809.83,renewal_failed,netbanking,1,172375.94,0.9075,0.6102,18,0,1
PAY_000954,CUS_0176,27964.29,card_declined,wallet,1,38064.68,0.6791,0.8554,20,6,0
PAY_000955,CUS_0395,22119.95,renewal_failed,upi,0,132209.56,0.8554,0.4836,8,6,0
PAY_000956,CUS_0445,101444.81,card_declined,card,2,135142.82,0.8177,0.7916,8,3,1
PAY_000957,CUS_0473,104053.85,insufficient_funds,upi,3,67240.04,0.9079,0.7354,22,2,0
PAY_000958,CUS_0007,44272.53,insufficient_funds,wallet,1,300623.42,0.8708,0.9134,18,6,0
PAY_000959,CUS_0510,16585.6,expired_method,card,2,201805.01,0.8427,0.5491,16,2,0
PAY_000960,CUS_0167,3424.59,card_declined,wallet,1,225130.52,0.7875,0.838,11,4,0
PAY_000961,CUS_0588,10130.06,expired_method,wallet,1,10818.13,0.9107,0.7529,23,0,0
PAY_000962,CUS_0517,18325.89,renewal_failed,upi,1,193730.17,0.8657,0.7817,16,6,0
PAY_000963,CUS_0404,22847.42,network_error,card,1,151000.69,0.8427,0.7959,8,5,0
PAY_000964,CUS_0368,28740.23,card_declined,upi,2,315814.57,0.786,0.8777,8,4,0
PAY_000965,CUS_0243,15061.98,insufficient_funds,card,2,259003.34,0.6773,0.8277,23,4,0
PAY_000966,CUS_0100,11903.77,insufficient_funds,upi,0,22328.37,0.7469,0.856,20,2,0
PAY_000967,CUS_0116,18802.77,card_declined,wallet,3,215469.53,0.7276,0.822,20,6,1
PAY_000968,CUS_0040,16746.03,expired_method,upi,0,92671.6,0.8653,0.7048,14,2,1
PAY_000969,CUS_0399,6071.43,card_declined,upi,1,115388.21,0.9198,0.8429,9,2,0
PAY_000970,CUS_0759,9146.0,expired_method,netbanking,1,195444.07,0.6661,0.7887,19,4,1
PAY_000971,CUS_0730,9002.85,card_declined,upi,3,29212.71,0.8138,0.6183,9,2,0
PAY_000972,CUS_0054,22902.67,card_declined,card,1,103245.44,0.7825,0.7692,6,0,1
PAY_000973,CUS_0115,14911.87,expired_method,netbanking,1,88597.82,0.8854,0.737,18,6,0
PAY_000974,CUS_0534,3841.29,renewal_failed,wallet,1,98288.11,0.7934,0.8251,18,1,0
PAY_000975,CUS_0314,12041.25,network_error,card,2,181726.71,0.7935,0.8037,11,0,0
PAY_000976,CUS_0491,6338.98,card_declined,netbanking,2,158580.85,0.9421,0.616,20,3,1
PAY_000977,CUS_0602,11770.73,card_declined,wallet,1,28374.97,0.8286,0.6949,22,2,1
PAY_000978,CUS_0535,21842.23,insufficient_funds,upi,0,193820.14,0.9619,0.8444,6,4,1
PAY_000979,CUS_0503,8923.86,expired_method,wallet,1,300619.5,0.7835,0.7338,17,2,0
PAY_000980,CUS_0193,5936.53,expired_method,card,3,239471.94,0.7399,0.5829,19,2,0
PAY_000981,CUS_0108,105070.66,network_error,upi,1,296983.84,0.8881,0.7012,8,3,0
PAY_000982,CUS_0815,16984.47,renewal_failed,netbanking,2,272863.44,0.8385,0.8031,17,6,1
PAY_000983,CUS_0763,92593.76,renewal_failed,card,2,146932.01,0.9156,0.8995,6,6,0
PAY_000984,CUS_0588,13702.02,network_error,upi,2,216708.02,0.953,0.5789,21,4,1
PAY_000985,CUS_0411,34910.33,expired_method,netbanking,0,233734.17,0.7213,0.8238,10,5,0
PAY_000986,CUS_0642,5435.73,renewal_failed,wallet,1,244348.11,0.8538,0.8492,19,0,0
PAY_000987,CUS_0298,9545.48,network_error,upi,1,306155.43,0.7728,0.8015,12,0,1
PAY_000988,CUS_0722,21119.57,renewal_failed,card,1,64693.76,0.792,0.8176,19,2,1
PAY_000989,CUS_0560,17534.19,insufficient_funds,wallet,3,108878.9,0.7479,0.8957,7,1,0
PAY_000990,CUS_0590,7837.22,network_error,wallet,1,49908.12,0.9126,0.5552,11,1,0
PAY_000991,CUS_0784,7351.05,network_error,wallet,1,224893.83,0.8451,0.9097,19,4,0
PAY_000992,CUS_0808,8392.59,expired_method,upi,2,81984.4,0.7957,0.6125,16,4,0
PAY_000993,CUS_0461,5551.28,expired_method,upi,1,303498.64,0.9016,0.7542,9,2,0
PAY_000994,CUS_0742,33932.68,renewal_failed,wallet,3,66122.39,0.8359,0.4675,20,0,0
PAY_000995,CUS_0659,19542.82,card_declined,upi,1,95203.52,0.6895,0.8561,23,1,0
PAY_000996,CUS_0417,2865.42,renewal_failed,netbanking,0,205899.04,0.7538,0.7535,22,6,0
PAY_000997,CUS_0392,8162.18,insufficient_funds,wallet,2,255556.69,0.6316,0.8959,17,0,1
PAY_000998,CUS_0425,13896.19,network_error,card,0,11743.75,0.7848,0.9599,19,3,0
PAY_000999,CUS_0473,18523.85,expired_method,card,1,177634.83,0.7155,0.7493,17,0,1
PAY_001000,CUS_0844,6481.48,card_declined,upi,1,61559.54,0.6097,0.9149,7,0,1
PAY_001001,CUS_0407,19926.63,network_error,upi,3,42619.31,0.8501,0.667,8,1,1
PAY_001002,CUS_0691,4859.77,card_declined,netbanking,2,52277.81,0.7839,0.5385,8,4,1
PAY_001003,CUS_0109,3963.41,expired_method,netbanking,0,295960.17,0.8291,0.8797,7,0,1
PAY_001004,CUS_0130,14997.94,renewal_failed,upi,0,142118.52,0.8234,0.8607,19,4,0
PAY_001005,CUS_0308,7096.26,insufficient_funds,upi,1,92001.1,0.7344,0.935,19,1,1
PAY_001006,CUS_0230,4673.47,renewal_failed,card,1,308127.7,0.7424,0.7002,21,4,1
PAY_001007,CUS_0532,16569.42,expired_method,netbanking,1,54186.67,0.7782,0.4865,0,0,1
PAY_001008,CUS_0207,5900.3,network_error,wallet,1,42703.73,0.9235,0.3813,19,1,0
PAY_001009,CUS_0024,16989.51,renewal_failed,wallet,2,200746.09,0.7313,0.8347,9,1,1
PAY_001010,CUS_0514,50869.61,card_declined,card,1,285779.41,0.8609,0.8835,17,5,1
PAY_001011,CUS_0257,4217.17,expired_method,card,3,67003.12,0.9648,0.7208,11,4,0
PAY_001012,CUS_0786,7924.32,network_error,card,2,37793.05,0.9164,0.9127,9,3,0
PAY_001013,CUS_0466,37758.73,insufficient_funds,netbanking,1,29848.67,0.8974,0.9027,21,1,1
PAY_001014,CUS_0682,5223.75,card_declined,upi,3,182724.27,0.8946,0.8298,11,4,1
PAY_001015,CUS_0643,30774.78,insufficient_funds,upi,1,61942.63,0.7076,0.6243,8,1,0
PAY_001016,CUS_0391,11454.31,card_declined,upi,1,90521.49,0.8277,0.6465,20,6,1
PAY_001017,CUS_0153,9655.79,card_declined,wallet,1,76254.06,0.9365,0.5555,21,2,0
PAY_001018,CUS_0802,8041.44,network_error,upi,1,135867.68,0.674,0.4292,13,2,0
PAY_001019,CUS_0213,11365.55,card_declined,netbanking,3,306394.51,0.8507,0.6838,18,4,1
PAY_001020,CUS_0114,10969.45,insufficient_funds,netbanking,1,158812.26,0.8705,0.8483,18,3,0
PAY_001021,CUS_0201,6489.68,network_error,netbanking,1,242377.51,0.8035,0.9158,18,4,0
PAY_001022,CUS_0821,14324.0,card_declined,wallet,1,275438.45,0.8566,0.6774,5,4,0
PAY_001023,CUS_0319,11935.63,network_error,wallet,1,249529.02,0.9204,0.6007,2,5,0
PAY_001024,CUS_0827,7384.56,card_declined,wallet,0,230621.35,0.9156,0.6305,17,0,1
PAY_001025,CUS_0632,12847.58,insufficient_funds,wallet,2,191984.53,0.8414,0.6528,19,2,0
PAY_001026,CUS_0484,20138.23,renewal_failed,netbanking,2,206473.35,0.8892,0.641,16,5,1
PAY_001027,CUS_0159,49641.92,network_error,upi,1,251169.56,0.8972,0.6896,19,3,0
PAY_001028,CUS_0016,7063.12,renewal_failed,wallet,1,161007.92,0.8111,0.5255,0,6,0
PAY_001029,CUS_0394,30962.05,expired_method,netbanking,1,310727.55,0.8779,0.7864,7,4,1
PAY_001030,CUS_0146,24207.16,renewal_failed,netbanking,2,88989.46,0.741,0.6155,19,2,0
PAY_001031,CUS_0141,5489.69,expired_method,card,1,9376.49,0.7111,0.5402,17,6,1
PAY_001032,CUS_0737,1798.75,renewal_failed,upi,1,11188.3,0.8594,0.8706,13,0,0
PAY_001033,CUS_0503,5091.72,renewal_failed,wallet,2,134135.32,0.7229,0.5695,14,6,0
PAY_001034,CUS_0266,13902.92,network_error,upi,1,84995.95,0.7905,0.6816,16,0,0
PAY_001035,CUS_0475,29906.26,renewal_failed,wallet,0,237117.82,0.8572,0.895,15,0,0
PAY_001036,CUS_0309,5759.34,expired_method,wallet,1,208059.81,0.9261,0.6748,20,2,0
PAY_001037,CUS_0439,13448.34,network_error,card,1,58543.27,0.6778,0.7246,19,0,0
PAY_001038,CUS_0487,18704.62,card_declined,card,1,29090.51,0.8959,0.6696,16,5,0
PAY_001039,CUS_0336,17124.83,insufficient_funds,netbanking,1,300071.47,0.8347,0.8923,14,0,0
PAY_001040,CUS_0722,16978.93,expired_method,upi,1,220725.18,0.952,0.6634,8,6,1
PAY_001041,CUS_0077,25744.07,renewal_failed,netbanking,0,64449.43,0.6348,0.7897,7,0,1
PAY_001042,CUS_0107,20072.19,renewal_failed,upi,3,41261.68,0.8784,0.5283,16,0,0
PAY_001043,CUS_0826,22414.61,card_declined,wallet,3,314991.44,0.7794,0.8856,20,0,0
PAY_001044,CUS_0116,41720.71,card_declined,wallet,2,20273.35,0.9492,0.6705,10,4,1
PAY_001045,CUS_0333,32551.93,renewal_failed,netbanking,2,143168.15,0.7771,0.7024,18,6,0
PAY_001046,CUS_0464,3446.95,renewal_failed,card,0,226622.87,0.8553,0.5236,7,3,0
PAY_001047,CUS_0836,10773.33,card_declined,wallet,2,180525.01,0.7723,0.9494,16,4,0
PAY_001048,CUS_0254,18561.69,card_declined,upi,0,248753.94,0.9236,0.9001,20,2,0
PAY_001049,CUS_0292,6570.32,insufficient_funds,card,2,290630.88,0.8924,0.8548,16,4,0
PAY_001050,CUS_0276,18736.31,card_declined,card,1,58606.78,0.9312,0.6789,7,6,0
PAY_001051,CUS_0317,19560.04,renewal_failed,upi,1,112002.01,0.6789,0.786,14,0,0
PAY_001052,CUS_0103,15791.68,insufficient_funds,upi,1,193732.84,0.8559,0.8588,14,0,0
PAY_001053,CUS_0235,12927.93,network_error,card,3,274750.92,0.739,0.51,14,3,0
PAY_001054,CUS_0244,2172.79,renewal_failed,netbanking,1,50877.72,0.8775,0.7794,6,5,1
PAY_001055,CUS_0718,16982.33,network_error,wallet,3,151830.59,0.6726,0.6126,9,6,0
PAY_001056,CUS_0367,21406.11,insufficient_funds,netbanking,2,158727.99,0.7596,0.7864,22,3,0
PAY_001057,CUS_0728,5649.74,renewal_failed,netbanking,3,93780.38,0.8726,0.6311,22,2,0
PAY_001058,CUS_0173,21290.81,card_declined,upi,2,91031.15,0.7238,0.7979,13,6,0
PAY_001059,CUS_0174,14646.78,expired_method,upi,2,174384.49,0.7141,0.829,20,5,1
PAY_001060,CUS_0351,22764.2,expired_method,upi,1,186900.07,0.8057,0.7255,14,2,0
PAY_001061,CUS_0306,16227.15,card_declined,upi,1,96932.58,0.6719,0.8558,16,1,1
PAY_001062,CUS_0133,29536.29,insufficient_funds,upi,1,14635.52,0.7804,0.5964,19,3,0
PAY_001063,CUS_0806,11031.08,renewal_failed,netbanking,0,186602.19,0.8517,0.6413,8,6,0
PAY_001064,CUS_0675,11795.07,renewal_failed,netbanking,1,37063.89,0.8919,0.773,8,1,0
PAY_001065,CUS_0349,41633.32,network_error,wallet,2,242640.18,0.7083,0.4787,19,3,0
PAY_001066,CUS_0202,3940.39,insufficient_funds,upi,2,162257.25,0.8819,0.6592,12,6,0
PAY_001067,CUS_0203,13389.25,expired_method,wallet,1,319199.17,0.6642,0.8155,4,5,0
PAY_001068,CUS_0080,14488.02,expired_method,upi,1,313526.89,0.8506,0.9328,17,1,0
PAY_001069,CUS_0668,7549.64,expired_method,wallet,2,206148.4,0.8604,0.7467,13,4,0
PAY_001070,CUS_0382,35587.19,network_error,netbanking,2,272912.86,0.6623,0.742,10,5,1
PAY_001071,CUS_0298,74137.21,renewal_failed,upi,3,54535.65,0.7995,0.9378,19,4,0
PAY_001072,CUS_0124,37299.2,network_error,upi,1,19389.55,0.9012,0.8254,15,6,0
PAY_001073,CUS_0613,14417.58,card_declined,wallet,1,275577.96,0.8073,0.7356,9,6,0
PAY_001074,CUS_0687,12701.2,network_error,card,1,261720.42,0.7019,0.62,23,2,0
PAY_001075,CUS_0167,20694.91,card_declined,upi,2,26309.0,0.7558,0.7731,5,0,0
PAY_001076,CUS_0331,225134.27,insufficient_funds,wallet,1,260590.36,0.8303,0.7506,7,1,0
PAY_001077,CUS_0241,21764.65,insufficient_funds,wallet,2,295681.15,0.8731,0.9193,17,5,0
PAY_001078,CUS_0525,15398.8,expired_method,netbanking,2,198474.69,0.8449,0.8285,8,2,1
PAY_001079,CUS_0352,21182.2,card_declined,upi,2,252236.72,0.9437,0.5497,10,1,0
PAY_001080,CUS_0056,40660.93,insufficient_funds,upi,1,273485.19,0.8176,0.8517,15,0,1
PAY_001081,CUS_0789,11253.06,network_error,upi,1,168111.37,0.6449,0.7446,21,4,1
PAY_001082,CUS_0553,8959.67,renewal_failed,netbanking,2,17419.5,0.8637,0.9249,17,0,1
PAY_001083,CUS_0271,33069.52,network_error,upi,0,155341.33,0.951,0.5019,19,3,1
PAY_001084,CUS_0383,9088.82,renewal_failed,wallet,1,65370.69,0.7299,0.3033,7,1,0
PAY_001085,CUS_0780,5064.7,renewal_failed,upi,3,56737.55,0.9679,0.508,5,4,0
PAY_001086,CUS_0798,12322.14,expired_method,card,1,49482.78,0.9595,0.7677,16,3,0
PAY_001087,CUS_0795,24749.73,renewal_failed,card,0,280774.83,0.8898,0.802,13,6,0
PAY_001088,CUS_0132,19225.23,expired_method,upi,0,189420.77,0.6342,0.5082,8,3,0
PAY_001089,CUS_0752,4226.55,insufficient_funds,wallet,3,185589.14,0.8527,0.7093,17,5,0
PAY_001090,CUS_0623,14533.88,renewal_failed,wallet,2,132742.98,0.8375,0.6722,21,6,0
PAY_001091,CUS_0069,21485.84,card_declined,card,3,195041.06,0.9165,0.7692,19,5,0
PAY_001092,CUS_0628,32911.19,card_declined,upi,2,236099.83,0.9233,0.8934,16,1,1
PAY_001093,CUS_0573,15598.88,network_error,netbanking,0,253202.14,0.7856,0.766,19,4,0
PAY_001094,CUS_0342,33831.18,renewal_failed,upi,1,275479.63,0.9801,0.9698,14,4,0
PAY_001095,CUS_0502,31309.01,insufficient_funds,netbanking,1,301085.47,0.9058,0.5063,14,0,1
PAY_001096,CUS_0199,13149.56,insufficient_funds,wallet,3,117078.9,0.7626,0.5186,6,1,0
PAY_001097,CUS_0482,9516.43,expired_method,netbanking,1,147948.83,0.8101,0.8092,20,0,0
PAY_001098,CUS_0076,11749.3,renewal_failed,upi,2,204520.98,0.9486,0.813,22,0,0
PAY_001099,CUS_0408,15122.75,insufficient_funds,netbanking,1,239500.14,0.8875,0.6211,9,5,1
PAY_001100,CUS_0084,3928.92,network_error,upi,0,11528.07,0.9636,0.5533,19,4,1
PAY_001101,CUS_0392,6996.24,card_declined,upi,1,123984.98,0.8156,0.9572,8,5,0
PAY_001102,CUS_0443,7859.3,renewal_failed,card,2,233380.97,0.8844,0.8249,20,0,0
PAY_001103,CUS_0081,12899.89,renewal_failed,wallet,3,21278.76,0.6942,0.6622,20,2,0
PAY_001104,CUS_0151,11110.01,renewal_failed,netbanking,1,182993.69,0.8731,0.877,19,5,0
PAY_001105,CUS_0279,6738.34,expired_method,netbanking,1,234639.76,0.7346,0.6865,17,5,1
PAY_001106,CUS_0383,7931.04,network_error,wallet,0,135122.9,0.7667,0.8397,18,2,1
PAY_001107,CUS_0657,12800.91,network_error,upi,1,129137.62,0.6916,0.5718,4,5,0
PAY_001108,CUS_0583,2855.72,expired_method,upi,1,191383.72,0.852,0.7859,8,3,0
PAY_001109,CUS_0646,11958.1,card_declined,upi,1,265206.51,0.9537,0.4131,18,2,0
PAY_001110,CUS_0290,15428.76,expired_method,netbanking,2,308345.02,0.8427,0.7051,12,1,0
PAY_001111,CUS_0143,24285.6,network_error,card,2,194300.81,0.8459,0.9399,14,6,0
PAY_001112,CUS_0236,8493.63,network_error,upi,1,277472.14,0.8632,0.868,8,0,1
PAY_001113,CUS_0058,26217.07,insufficient_funds,wallet,1,37293.5,0.8304,0.8335,11,3,0
PAY_001114,CUS_0415,22060.49,insufficient_funds,netbanking,2,316104.36,0.7478,0.7304,21,2,0
PAY_001115,CUS_0764,16224.64,network_error,upi,1,68780.19,0.8649,0.9593,4,1,0
PAY_001116,CUS_0218,76667.27,insufficient_funds,netbanking,1,9865.5,0.9154,0.8264,18,4,0
PAY_001117,CUS_0243,21016.73,renewal_failed,wallet,1,20454.46,0.9035,0.7596,8,1,0
PAY_001118,CUS_0507,23750.44,card_declined,netbanking,1,22581.04,0.7652,0.6197,10,1,0
PAY_001119,CUS_0583,23269.07,renewal_failed,card,2,10836.95,0.8823,0.907,20,3,0
PAY_001120,CUS_0209,26621.12,card_declined,card,0,9179.42,0.9314,0.5859,16,3,0
PAY_001121,CUS_0646,37383.57,renewal_failed,upi,3,133364.44,0.8783,0.7285,17,6,0
PAY_001122,CUS_0583,4577.52,insufficient_funds,wallet,2,100823.49,0.8073,0.7224,14,3,1
PAY_001123,CUS_0274,11910.25,insufficient_funds,card,2,67564.0,0.7859,0.7506,18,2,0
PAY_001124,CUS_0604,8155.81,renewal_failed,card,0,296697.19,0.8117,0.5356,20,4,0
PAY_001125,CUS_0547,4894.07,card_declined,card,2,249824.2,0.9117,0.886,18,4,0
PAY_001126,CUS_0408,19216.69,expired_method,card,1,9274.14,0.7623,0.8751,8,5,1
PAY_001127,CUS_0535,42822.16,network_error,upi,2,249597.59,0.918,0.9154,22,2,1
PAY_001128,CUS_0555,27504.73,expired_method,wallet,1,241249.14,0.9625,0.6837,19,1,0
PAY_001129,CUS_0339,101880.46,card_declined,card,1,45231.02,0.8943,0.3597,18,3,0
PAY_001130,CUS_0366,13176.23,network_error,netbanking,1,244698.5,0.8801,0.5693,19,2,0
PAY_001131,CUS_0548,5151.27,expired_method,netbanking,0,62639.03,0.9243,0.9698,19,1,0
PAY_001132,CUS_0548,23793.34,card_declined,wallet,1,283151.83,0.8945,0.9239,18,4,0
PAY_001133,CUS_0345,22612.41,insufficient_funds,card,1,188456.56,0.9421,0.4984,20,1,0
PAY_001134,CUS_0694,5763.24,renewal_failed,netbanking,1,101233.12,0.906,0.9595,17,1,0
PAY_001135,CUS_0288,4936.02,renewal_failed,upi,0,314568.4,0.6159,0.8335,22,1,0
PAY_001136,CUS_0526,43299.61,network_error,card,2,55912.23,0.8042,0.7304,21,5,0
PAY_001137,CUS_0659,19553.67,renewal_failed,card,2,107840.0,0.7827,0.8141,9,3,1
PAY_001138,CUS_0698,8743.99,renewal_failed,netbanking,0,139036.88,0.8927,0.7565,17,5,0
PAY_001139,CUS_0148,20950.93,renewal_failed,card,1,53764.6,0.8512,0.9415,8,1,0
PAY_001140,CUS_0654,6437.76,network_error,upi,3,283777.88,0.7638,0.8158,20,5,0
PAY_001141,CUS_0640,10754.77,renewal_failed,netbanking,2,315142.39,0.9403,0.8192,22,6,0
PAY_001142,CUS_0518,67602.61,card_declined,wallet,1,118055.62,0.9066,0.5799,8,6,0
PAY_001143,CUS_0561,6873.74,network_error,card,1,276708.3,0.7844,0.5018,17,2,0
PAY_001144,CUS_0397,42034.59,card_declined,wallet,2,252651.05,0.7845,0.7812,19,4,0
PAY_001145,CUS_0196,26538.88,card_declined,netbanking,2,167550.84,0.8489,0.7214,18,1,0
PAY_001146,CUS_0034,6522.52,insufficient_funds,wallet,1,238797.34,0.8139,0.5429,19,3,0
PAY_001147,CUS_0495,7715.65,renewal_failed,wallet,1,218756.58,0.7922,0.5434,22,2,1
PAY_001148,CUS_0462,40858.71,card_declined,netbanking,2,69917.06,0.8695,0.7661,17,3,0
PAY_001149,CUS_0306,18959.46,card_declined,card,1,102396.59,0.8715,0.5915,19,5,0
PAY_001150,CUS_0107,8540.81,expired_method,wallet,1,163566.05,0.874,0.8292,18,5,0
PAY_001151,CUS_0564,18478.2,card_declined,upi,0,266918.31,0.7341,0.7519,13,5,0
PAY_001152,CUS_0366,5977.01,renewal_failed,card,1,256694.25,0.8064,0.7924,7,5,0
PAY_001153,CUS_0294,15925.89,network_error,netbanking,2,296084.76,0.8495,0.945,14,4,1
PAY_001154,CUS_0415,23482.63,expired_method,wallet,1,285480.07,0.8315,0.7106,19,6,1
PAY_001155,CUS_0194,6008.76,card_declined,card,2,16945.6,0.7236,0.73,19,0,0
PAY_001156,CUS_0434,10813.01,insufficient_funds,wallet,3,137125.24,0.9343,0.5807,20,1,0
PAY_001157,CUS_0359,26294.54,network_error,netbanking,1,13037.37,0.9348,0.8399,17,1,1
PAY_001158,CUS_0659,5639.66,network_error,netbanking,1,103837.01,0.9607,0.7134,17,6,0
PAY_001159,CUS_0561,8778.8,expired_method,netbanking,1,57280.63,0.8145,0.9385,19,6,0
PAY_001160,CUS_0247,22049.41,insufficient_funds,card,2,251920.15,0.7323,0.6933,17,2,0
PAY_001161,CUS_0705,29908.99,insufficient_funds,netbanking,2,99232.14,0.9461,0.7824,11,0,1
PAY_001162,CUS_0095,9675.4,network_error,wallet,1,168315.83,0.7705,0.6102,11,4,1
PAY_001163,CUS_0339,29799.9,network_error,wallet,1,61299.04,0.7597,0.6946,16,3,0
PAY_001164,CUS_0020,10059.73,insufficient_funds,card,2,264454.06,0.9598,0.5904,18,2,0
PAY_001165,CUS_0211,6648.36,insufficient_funds,upi,1,55861.59,0.9193,0.8308,20,3,0
PAY_001166,CUS_0776,36165.77,card_declined,card,2,94697.11,0.5087,0.6963,2,5,0
PAY_001167,CUS_0222,21509.31,expired_method,card,1,39520.97,0.8786,0.7371,14,2,0
PAY_001168,CUS_0841,7801.99,expired_method,netbanking,1,141597.4,0.8808,0.8177,15,5,0
PAY_001169,CUS_0162,4697.81,renewal_failed,netbanking,0,155232.09,0.681,0.7103,10,6,0
PAY_001170,CUS_0278,10538.57,renewal_failed,upi,1,137965.37,0.6909,0.5797,20,6,0
PAY_001171,CUS_0725,34873.85,expired_method,card,1,183092.22,0.8664,0.6388,8,1,0
PAY_001172,CUS_0294,23671.67,renewal_failed,card,1,113691.49,0.5623,0.6608,11,1,0
PAY_001173,CUS_0426,11133.73,network_error,card,2,16153.87,0.8482,0.6768,19,6,0
PAY_001174,CUS_0629,21529.35,insufficient_funds,wallet,2,168763.94,0.6529,0.8286,0,0,0
PAY_001175,CUS_0148,10912.06,renewal_failed,upi,1,51660.64,0.933,0.5108,8,5,0
PAY_001176,CUS_0518,18000.9,expired_method,netbanking,2,71995.82,0.8697,0.6964,9,6,0
PAY_001177,CUS_0792,17699.93,network_error,wallet,2,184952.97,0.6793,0.8295,13,1,0
PAY_001178,CUS_0814,14917.17,card_declined,netbanking,2,18572.85,0.9083,0.6884,19,5,0
PAY_001179,CUS_0026,20508.67,expired_method,upi,2,305964.18,0.9222,0.753,17,5,1
PAY_001180,CUS_0265,5421.15,card_declined,upi,0,183288.23,0.8638,0.8389,7,6,0
PAY_001181,CUS_0102,13499.0,expired_method,netbanking,1,285104.41,0.7113,0.8545,5,2,0
PAY_001182,CUS_0623,20980.39,card_declined,upi,1,104544.37,0.9009,0.8016,15,5,1
PAY_001183,CUS_0592,6645.91,renewal_failed,netbanking,1,99903.98,0.8812,0.5867,7,3,1
PAY_001184,CUS_0672,16652.07,expired_method,upi,0,82090.2,0.7501,0.7937,8,2,1
PAY_001185,CUS_0060,13276.01,insufficient_funds,upi,0,121344.65,0.8105,0.6323,22,4,1
PAY_001186,CUS_0488,8969.2,network_error,card,1,250828.64,0.7194,0.6414,2,3,0
PAY_001187,CUS_0514,8301.86,network_error,card,1,253685.43,0.8467,0.5723,0,3,1
PAY_001188,CUS_0002,18844.1,card_declined,card,1,180290.83,0.8407,0.7118,17,4,0
PAY_001189,CUS_0169,21400.36,renewal_failed,upi,1,285650.94,0.835,0.8496,19,3,0
PAY_001190,CUS_0075,29090.47,card_declined,upi,2,144244.36,0.6998,0.6285,2,4,1
PAY_001191,CUS_0751,5250.54,renewal_failed,netbanking,3,230236.05,0.7681,0.5481,17,6,0
PAY_001192,CUS_0844,13776.04,renewal_failed,card,0,77268.06,0.7875,0.5244,7,1,1
PAY_001193,CUS_0787,29818.54,network_error,netbanking,3,290004.17,0.8453,0.748,13,4,0
PAY_001194,CUS_0574,5529.9,card_declined,wallet,0,28803.41,0.7388,0.8339,6,1,0
PAY_001195,CUS_0832,3182.89,renewal_failed,upi,0,76625.02,0.7887,0.8585,16,1,1
PAY_001196,CUS_0323,2458.4,expired_method,card,1,167832.54,0.8643,0.7195,17,2,0
PAY_001197,CUS_0615,9235.88,renewal_failed,upi,1,268238.06,0.9108,0.6008,7,6,0
PAY_001198,CUS_0303,9413.0,card_declined,upi,1,175799.95,0.9145,0.5037,6,1,1
PAY_001199,CUS_0161,4640.28,card_declined,upi,1,83110.23,0.7416,0.7157,9,6,1
PAY_001200,CUS_0662,13362.66,expired_method,upi,1,22065.98,0.8869,0.7755,6,0,1
PAY_001201,CUS_0140,19083.94,network_error,card,1,114239.75,0.7773,0.9873,12,6,0
PAY_001202,CUS_0694,19215.5,network_error,wallet,1,251934.06,0.8804,0.9364,17,6,0
PAY_001203,CUS_0842,80111.34,insufficient_funds,wallet,3,141507.36,0.9383,0.75,19,1,0
PAY_001204,CUS_0648,20028.9,renewal_failed,upi,1,31143.88,0.9286,0.5906,2,5,0
PAY_001205,CUS_0293,11504.21,card_declined,card,1,159723.85,0.938,0.856,14,3,1
PAY_001206,CUS_0266,44594.96,card_declined,upi,0,300955.43,0.6848,0.71,18,0,1
PAY_001207,CUS_0143,10779.04,renewal_failed,wallet,1,73111.83,0.8298,0.8365,22,1,0
PAY_001208,CUS_0375,5961.43,expired_method,card,1,278129.18,0.8965,0.7881,21,1,0
PAY_001209,CUS_0323,18871.28,network_error,wallet,3,89175.45,0.836,0.7243,2,3,0
PAY_001210,CUS_0629,4205.02,card_declined,wallet,1,174555.55,0.8247,0.7191,9,2,0
PAY_001211,CUS_0748,9273.74,expired_method,netbanking,2,30760.16,0.6801,0.791,19,6,0
PAY_001212,CUS_0148,19595.18,expired_method,wallet,2,152656.01,0.8363,0.64,15,5,0
PAY_001213,CUS_0206,21296.71,card_declined,upi,3,225999.64,0.6939,0.8081,20,6,0
PAY_001214,CUS_0708,24997.34,renewal_failed,netbanking,0,262937.31,0.9158,0.5779,21,4,1
PAY_001215,CUS_0054,14660.78,insufficient_funds,card,1,273768.25,0.6399,0.9587,20,2,0
PAY_001216,CUS_0726,6955.51,expired_method,netbanking,2,37197.49,0.9482,0.6533,19,4,0
PAY_001217,CUS_0349,20441.6,insufficient_funds,card,3,236929.5,0.7583,0.9127,12,3,0
PAY_001218,CUS_0326,6372.79,expired_method,card,1,212213.41,0.8012,0.9022,7,3,0
PAY_001219,CUS_0530,9952.13,network_error,wallet,1,19260.61,0.7518,0.8787,20,3,0
PAY_001220,CUS_0336,15963.09,network_error,wallet,1,237583.07,0.9088,0.8929,16,4,0
PAY_001221,CUS_0573,12121.01,expired_method,card,1,82697.62,0.6867,0.6093,20,5,0
PAY_001222,CUS_0228,14384.23,network_error,wallet,1,196682.73,0.6669,0.7738,14,4,0
PAY_001223,CUS_0009,9308.27,expired_method,upi,0,47243.96,0.8438,0.9719,20,1,0
PAY_001224,CUS_0286,30123.42,card_declined,card,3,255527.74,0.9111,0.7932,6,6,1
PAY_001225,CUS_0124,6638.02,expired_method,wallet,1,219476.88,0.7332,0.8974,20,5,0
PAY_001226,CUS_0273,23974.46,network_error,upi,1,229450.32,0.8411,0.5811,19,1,0
PAY_001227,CUS_0470,10740.07,expired_method,card,3,126516.9,0.8568,0.9036,9,4,0
PAY_001228,CUS_0345,12842.79,insufficient_funds,upi,1,254040.34,0.8575,0.7798,8,2,0
PAY_001229,CUS_0649,35745.45,card_declined,card,1,166371.23,0.9347,0.8082,20,4,0
PAY_001230,CUS_0738,10766.16,card_declined,card,0,72792.55,0.8475,0.7463,19,4,0
PAY_001231,CUS_0785,13318.97,insufficient_funds,upi,2,223032.3,0.9695,0.4344,11,4,1
PAY_001232,CUS_0781,10086.69,card_declined,wallet,2,133001.05,0.6843,0.412,20,3,0
PAY_001233,CUS_0286,23650.66,insufficient_funds,upi,2,25741.7,0.9534,0.8371,16,1,0
PAY_001234,CUS_0808,3604.31,renewal_failed,card,1,23778.57,0.9005,0.8072,8,5,1
PAY_001235,CUS_0091,21941.54,card_declined,wallet,1,116822.52,0.7324,0.7719,6,6,0
PAY_001236,CUS_0752,5027.8,renewal_failed,card,2,239404.74,0.8364,0.8069,17,3,0
PAY_001237,CUS_0539,55042.62,insufficient_funds,wallet,2,141267.93,0.8459,0.8124,14,1,0
PAY_001238,CUS_0717,71134.96,insufficient_funds,upi,2,131711.83,0.8643,0.7683,19,4,1
PAY_001239,CUS_0492,21300.91,network_error,upi,3,316727.28,0.7687,0.8032,7,2,0
PAY_001240,CUS_0597,12268.64,renewal_failed,wallet,1,15780.51,0.8906,0.6056,19,2,0
PAY_001241,CUS_0654,39406.79,expired_method,wallet,1,36957.52,0.9229,0.9159,8,2,0
PAY_001242,CUS_0037,28463.36,expired_method,wallet,3,203455.32,0.8163,0.6715,17,3,0
PAY_001243,CUS_0021,13214.73,insufficient_funds,wallet,2,195426.74,0.8524,0.8588,19,3,0
PAY_001244,CUS_0418,19147.97,expired_method,wallet,1,154506.94,0.893,0.6606,21,4,0
PAY_001245,CUS_0527,4028.2,renewal_failed,wallet,2,120908.75,0.8754,0.6041,16,6,0
PAY_001246,CUS_0831,2595.89,expired_method,card,2,183208.07,0.7486,0.4848,9,0,0
PAY_001247,CUS_0549,12272.57,network_error,upi,3,289140.75,0.6764,0.8214,18,4,0
PAY_001248,CUS_0233,20802.65,insufficient_funds,netbanking,3,17946.9,0.7871,0.5564,17,5,0
PAY_001249,CUS_0005,40780.46,card_declined,netbanking,1,254002.32,0.7443,0.6861,18,5,0
PAY_001250,CUS_0739,8792.77,card_declined,upi,1,115146.32,0.7627,0.6655,19,1,1
PAY_001251,CUS_0353,18828.84,card_declined,card,1,187744.59,0.8224,0.7001,13,1,0
PAY_001252,CUS_0312,10495.7,card_declined,netbanking,1,114773.11,0.7676,0.8981,6,3,0
PAY_001253,CUS_0326,9574.2,card_declined,wallet,2,296227.57,0.8019,0.8062,19,6,1
PAY_001254,CUS_0435,27587.52,network_error,card,2,88286.37,0.9367,0.5439,1,4,0
PAY_001255,CUS_0694,14859.41,network_error,card,0,271353.7,0.8838,0.5938,16,6,1
PAY_001256,CUS_0156,21621.77,card_declined,upi,3,305107.7,0.6432,0.8021,21,5,0
PAY_001257,CUS_0066,5097.08,card_declined,wallet,1,22413.76,0.7512,0.7203,13,1,0
PAY_001258,CUS_0600,6003.27,renewal_failed,upi,2,204157.77,0.8385,0.6211,18,6,1
PAY_001259,CUS_0702,13027.09,insufficient_funds,netbanking,0,53888.14,0.8589,0.71,16,6,0
PAY_001260,CUS_0368,24645.53,renewal_failed,wallet,1,200988.57,0.8477,0.7121,19,0,0
PAY_001261,CUS_0795,4793.37,network_error,wallet,0,208762.43,0.7688,0.7905,1,1,1
PAY_001262,CUS_0707,29112.64,renewal_failed,card,1,181144.88,0.918,0.9633,19,2,0
PAY_001263,CUS_0385,12261.27,insufficient_funds,card,1,140276.81,0.6492,0.9092,11,1,1
PAY_001264,CUS_0228,3539.38,card_declined,card,0,81326.68,0.7546,0.6648,7,6,0
PAY_001265,CUS_0735,11881.59,renewal_failed,upi,1,226841.09,0.8321,0.8586,12,0,1
PAY_001266,CUS_0312,12885.34,insufficient_funds,wallet,1,182916.13,0.813,0.4862,6,2,0
PAY_001267,CUS_0145,10857.79,renewal_failed,wallet,1,129519.42,0.782,0.5663,18,4,0
PAY_001268,CUS_0048,24985.87,expired_method,wallet,0,239561.79,0.7705,0.8331,16,5,1
PAY_001269,CUS_0303,7839.4,expired_method,wallet,3,102200.89,0.923,0.9127,17,0,0
PAY_001270,CUS_0573,13596.52,network_error,wallet,1,296001.52,0.862,0.701,20,1,0
PAY_001271,CUS_0609,22001.59,insufficient_funds,netbanking,1,159763.46,0.8581,0.7818,21,6,0
PAY_001272,CUS_0021,3014.14,network_error,upi,1,194672.76,0.8602,0.7511,10,0,0
PAY_001273,CUS_0059,43759.9,network_error,upi,2,157903.04,0.7756,0.7035,17,3,0
PAY_001274,CUS_0417,4997.31,insufficient_funds,netbanking,1,135676.32,0.7988,0.845,19,6,0
PAY_001275,CUS_0588,6378.61,card_declined,wallet,3,122355.29,0.72,0.5561,20,4,1
PAY_001276,CUS_0124,24105.11,renewal_failed,upi,1,313145.3,0.6696,0.9042,22,1,0
PAY_001277,CUS_0350,23096.82,network_error,netbanking,1,19428.86,0.8437,0.7719,16,2,0
PAY_001278,CUS_0069,23723.94,renewal_failed,upi,0,273390.76,0.8784,0.7775,18,1,1
PAY_001279,CUS_0741,41399.7,expired_method,wallet,2,288185.45,0.9138,0.7315,12,0,0
PAY_001280,CUS_0713,22023.89,card_declined,upi,1,75899.95,0.5068,0.6508,17,5,0
PAY_001281,CUS_0096,18917.16,renewal_failed,wallet,0,94600.31,0.7759,0.6483,8,5,0
PAY_001282,CUS_0667,10643.01,insufficient_funds,card,1,201970.42,0.9447,0.5189,18,1,1
PAY_001283,CUS_0278,7758.82,expired_method,upi,2,171865.69,0.8136,0.6564,8,6,0
PAY_001284,CUS_0553,1560.66,expired_method,upi,2,103986.91,0.7337,0.4171,11,2,1
PAY_001285,CUS_0205,15933.7,card_declined,wallet,0,105046.37,0.8782,0.5769,19,0,1
PAY_001286,CUS_0356,9260.83,expired_method,card,2,193213.28,0.8741,0.7128,17,6,1
PAY_001287,CUS_0302,6064.91,insufficient_funds,netbanking,0,28412.6,0.9226,0.6955,10,5,0
PAY_001288,CUS_0627,4074.84,card_declined,card,1,67690.42,0.8513,0.7144,18,3,0
PAY_001289,CUS_0649,8366.76,expired_method,card,1,234967.02,0.8226,0.9115,8,6,0
PAY_001290,CUS_0337,42653.68,renewal_failed,netbanking,1,282291.04,0.8952,0.8586,6,6,0
PAY_001291,CUS_0604,4219.91,renewal_failed,card,0,245750.9,0.9328,0.6756,13,3,0
PAY_001292,CUS_0777,15167.47,network_error,upi,1,41225.42,0.9676,0.9243,15,0,1
PAY_001293,CUS_0268,5876.16,network_error,upi,1,157895.55,0.8524,0.6173,6,3,0
PAY_001294,CUS_0235,18255.96,card_declined,card,1,72736.0,0.8348,0.6278,14,5,0
PAY_001295,CUS_0699,12952.92,card_declined,netbanking,2,256166.29,0.7511,0.9183,19,2,1
PAY_001296,CUS_0395,38923.75,network_error,wallet,2,243737.81,0.8884,0.8181,20,6,1
PAY_001297,CUS_0151,5678.26,card_declined,upi,2,34389.0,0.9295,0.8098,17,4,0
PAY_001298,CUS_0251,13072.9,network_error,wallet,0,75465.29,0.8786,0.7704,17,5,0
PAY_001299,CUS_0439,6045.62,card_declined,card,1,145200.26,0.675,0.8584,10,2,0
PAY_001300,CUS_0628,6216.63,card_declined,wallet,1,130432.95,0.8253,0.7423,19,6,0
PAY_001301,CUS_0430,8624.88,card_declined,netbanking,2,230412.99,0.8625,0.6158,19,3,0
PAY_001302,CUS_0637,14912.49,expired_method,card,0,278371.83,0.8631,0.7242,8,6,1
PAY_001303,CUS_0375,23720.48,insufficient_funds,netbanking,2,256448.33,0.8067,0.7783,19,5,0
PAY_001304,CUS_0081,5637.94,insufficient_funds,upi,2,19487.58,0.8002,0.6531,18,6,0
PAY_001305,CUS_0419,23980.7,renewal_failed,wallet,2,318008.95,0.6454,0.5965,6,5,0
PAY_001306,CUS_0601,13990.08,expired_method,wallet,2,136421.93,0.7224,0.5147,13,2,0
PAY_001307,CUS_0160,9295.51,renewal_failed,upi,1,59190.24,0.7039,0.7361,9,4,0
PAY_001308,CUS_0336,14331.95,expired_method,wallet,1,278695.84,0.9107,0.8477,10,1,1
PAY_001309,CUS_0491,16351.29,insufficient_funds,card,3,78490.21,0.6917,0.655,14,6,0
PAY_001310,CUS_0352,9504.11,card_declined,netbanking,0,218386.59,0.8559,0.7443,7,4,0
PAY_001311,CUS_0100,3179.31,expired_method,upi,3,310991.19,0.8627,0.8504,17,1,0
PAY_001312,CUS_0623,15906.71,renewal_failed,upi,1,231540.76,0.6441,0.6013,11,1,1
PAY_001313,CUS_0201,44935.15,card_declined,upi,2,237477.72,0.8839,0.8052,11,5,0
PAY_001314,CUS_0313,10342.12,insufficient_funds,netbanking,1,148331.44,0.8608,0.7745,18,1,0
PAY_001315,CUS_0767,1625.04,insufficient_funds,card,1,38663.52,0.9033,0.526,2,0,0
PAY_001316,CUS_0086,8526.67,renewal_failed,upi,0,287293.52,0.8179,0.6199,16,1,1
PAY_001317,CUS_0649,19225.69,network_error,card,1,126881.0,0.9065,0.793,18,5,0
PAY_001318,CUS_0126,10574.3,card_declined,wallet,0,70785.86,0.7176,0.77,9,1,0
PAY_001319,CUS_0045,6312.71,expired_method,netbanking,1,231772.14,0.7171,0.8718,16,0,0
PAY_001320,CUS_0705,7620.72,expired_method,netbanking,2,90208.88,0.9756,0.6687,16,3,0
PAY_001321,CUS_0142,30321.17,expired_method,wallet,2,76813.97,0.7708,0.9029,21,3,0
PAY_001322,CUS_0601,19656.38,network_error,upi,3,158382.25,0.8461,0.8303,18,6,0
PAY_001323,CUS_0419,76148.17,card_declined,card,3,185695.8,0.7079,0.8116,17,0,0
PAY_001324,CUS_0608,12111.05,renewal_failed,netbanking,2,47341.51,0.8472,0.6947,11,5,0
PAY_001325,CUS_0438,31204.29,renewal_failed,card,2,57561.29,0.7289,0.7202,15,4,0
PAY_001326,CUS_0151,14310.89,network_error,wallet,2,207411.24,0.8488,0.8149,11,4,0
PAY_001327,CUS_0703,5440.26,card_declined,upi,3,108581.69,0.8499,0.8383,15,2,1
PAY_001328,CUS_0798,38246.12,card_declined,wallet,1,245311.24,0.78,0.7943,19,0,0
PAY_001329,CUS_0668,17701.02,insufficient_funds,wallet,1,194841.75,0.7872,0.8853,19,2,0
PAY_001330,CUS_0711,16832.19,expired_method,card,0,95598.48,0.8744,0.6156,16,2,0
PAY_001331,CUS_0498,19375.15,insufficient_funds,netbanking,0,71642.16,0.9581,0.879,16,3,0
PAY_001332,CUS_0768,5824.21,expired_method,netbanking,1,12921.03,0.8203,0.7487,16,0,0
PAY_001333,CUS_0366,26640.02,renewal_failed,upi,0,223552.67,0.88,0.6192,4,0,0
PAY_001334,CUS_0274,52455.89,card_declined,card,2,218156.22,0.8049,0.7347,13,3,0
PAY_001335,CUS_0284,8267.15,network_error,upi,2,267002.43,0.7238,0.6207,5,4,0
PAY_001336,CUS_0445,3511.94,renewal_failed,card,1,217721.51,0.804,0.6455,17,2,0
PAY_001337,CUS_0179,5254.54,renewal_failed,upi,1,120833.16,0.7514,0.765,12,3,0
PAY_001338,CUS_0235,24756.6,renewal_failed,upi,1,303342.0,0.9322,0.8823,17,3,0
PAY_001339,CUS_0317,34507.08,expired_method,card,2,263417.93,0.8451,0.8749,18,5,0
PAY_001340,CUS_0765,4056.16,expired_method,wallet,1,215539.7,0.7584,0.5663,19,6,0
PAY_001341,CUS_0654,29825.41,expired_method,upi,1,133565.01,0.7612,0.8525,9,5,0
PAY_001342,CUS_0222,9550.83,network_error,upi,1,313470.63,0.7368,0.6435,17,0,0
PAY_001343,CUS_0472,13342.18,network_error,upi,0,15924.27,0.9671,0.5841,15,0,0
PAY_001344,CUS_0563,17717.7,renewal_failed,upi,1,142932.56,0.8775,0.8593,17,6,1
PAY_001345,CUS_0219,11227.72,card_declined,netbanking,3,254663.05,0.6554,0.8871,9,6,1
PAY_001346,CUS_0582,7592.62,insufficient_funds,card,1,31216.12,0.7815,0.5797,11,5,0
PAY_001347,CUS_0845,8023.72,insufficient_funds,netbanking,1,14972.16,0.953,0.6626,13,6,1
PAY_001348,CUS_0816,24016.86,network_error,card,2,154913.17,0.6666,0.7015,7,1,0
PAY_001349,CUS_0387,16456.36,card_declined,wallet,0,41760.1,0.8038,0.7117,21,5,0
PAY_001350,CUS_0704,3304.92,expired_method,netbanking,1,31840.21,0.7692,0.9126,15,4,0
PAY_001351,CUS_0029,10553.15,renewal_failed,upi,2,75512.98,0.8621,0.5498,9,5,1
PAY_001352,CUS_0048,30593.47,renewal_failed,card,1,108976.67,0.9598,0.7421,20,3,0
PAY_001353,CUS_0529,9696.99,network_error,upi,3,82018.36,0.8397,0.8877,7,2,0
PAY_001354,CUS_0331,11476.54,expired_method,upi,1,261943.79,0.6321,0.8114,17,0,0
PAY_001355,CUS_0055,34493.56,card_declined,upi,1,292457.49,0.7874,0.5017,18,4,0
PAY_001356,CUS_0800,41355.62,insufficient_funds,card,1,177986.7,0.974,0.7232,17,3,0
PAY_001357,CUS_0371,6152.1,insufficient_funds,wallet,1,94219.46,0.5294,0.7414,17,0,1
PAY_001358,CUS_0557,7222.21,expired_method,upi,1,113478.44,0.6875,0.5042,20,6,1
PAY_001359,CUS_0421,9100.55,expired_method,netbanking,1,206053.23,0.744,0.7202,18,1,1
PAY_001360,CUS_0775,13422.75,renewal_failed,netbanking,0,87138.55,0.8685,0.7532,15,4,1
PAY_001361,CUS_0243,18647.62,network_error,wallet,1,216176.12,0.7208,0.7122,6,6,0
PAY_001362,CUS_0223,5959.42,expired_method,wallet,2,233439.45,0.8767,0.5543,18,3,0
PAY_001363,CUS_0121,37367.75,expired_method,wallet,0,114362.42,0.8097,0.598,10,3,0
PAY_001364,CUS_0697,57983.71,network_error,netbanking,2,120961.89,0.878,0.8544,8,4,0
PAY_001365,CUS_0035,36723.61,expired_method,wallet,0,143368.46,0.9167,0.91,21,6,0
PAY_001366,CUS_0455,46343.11,network_error,wallet,1,124870.59,0.6917,0.7085,20,6,0
PAY_001367,CUS_0221,4510.2,card_declined,netbanking,0,180816.37,0.7063,0.7509,19,0,0
PAY_001368,CUS_0671,127994.68,expired_method,netbanking,1,253699.41,0.7505,0.7897,20,3,0
PAY_001369,CUS_0799,6188.75,renewal_failed,wallet,1,51859.34,0.8418,0.7924,17,2,0
PAY_001370,CUS_0492,30125.76,insufficient_funds,upi,1,120978.32,0.8924,0.5444,7,2,0
PAY_001371,CUS_0607,198192.0,network_error,wallet,1,16552.86,0.7477,0.514,14,3,0
PAY_001372,CUS_0838,40898.48,renewal_failed,wallet,1,250341.7,0.7731,0.8754,12,3,1
PAY_001373,CUS_0749,15583.37,insufficient_funds,wallet,0,68745.81,0.8293,0.7082,21,1,0
PAY_001374,CUS_0328,41181.98,insufficient_funds,wallet,1,122371.1,0.7854,0.9182,14,1,0
PAY_001375,CUS_0825,16480.67,insufficient_funds,netbanking,0,220455.13,0.9091,0.8176,12,5,0
PAY_001376,CUS_0078,49193.71,network_error,card,2,222903.88,0.7363,0.8372,8,1,0
PAY_001377,CUS_0576,5181.7,expired_method,upi,1,151614.66,0.7177,0.6791,17,0,1
PAY_001378,CUS_0831,2402.51,expired_method,card,1,227969.97,0.8454,0.6995,17,2,0
PAY_001379,CUS_0831,5420.0,card_declined,wallet,0,195681.09,0.9084,0.8665,11,1,1
PAY_001380,CUS_0809,12605.49,network_error,card,1,115898.03,0.8307,0.6935,19,5,0
PAY_001381,CUS_0229,12525.41,expired_method,netbanking,1,103383.58,0.8821,0.7393,14,5,0
PAY_001382,CUS_0363,45569.56,renewal_failed,upi,2,78635.06,0.855,0.6286,0,0,0
PAY_001383,CUS_0645,12773.5,card_declined,netbanking,2,134521.48,0.8968,0.4821,19,5,0
PAY_001384,CUS_0535,17819.9,card_declined,upi,3,43458.45,0.8453,0.7368,19,0,0
PAY_001385,CUS_0817,22498.03,expired_method,netbanking,1,103526.55,0.8492,0.7443,20,3,0
PAY_001386,CUS_0057,5709.19,card_declined,card,1,292786.03,0.7648,0.6478,17,5,0
PAY_001387,CUS_0128,7409.8,network_error,upi,2,209215.42,0.8019,0.7135,20,1,0
PAY_001388,CUS_0188,10208.28,card_declined,upi,2,146176.89,0.8872,0.9497,8,6,0
PAY_001389,CUS_0301,48267.9,card_declined,wallet,1,77398.81,0.7093,0.8154,11,6,1
PAY_001390,CUS_0511,7299.94,network_error,card,0,79807.27,0.7565,0.6683,6,2,0
PAY_001391,CUS_0239,3027.98,expired_method,upi,1,55521.54,0.8848,0.6338,13,0,1
PAY_001392,CUS_0632,14448.22,network_error,upi,1,271477.92,0.7148,0.5932,21,6,0
PAY_001393,CUS_0421,23199.71,expired_method,wallet,2,105986.4,0.8886,0.8246,19,3,1
PAY_001394,CUS_0472,84626.75,expired_method,wallet,1,49004.07,0.9476,0.7287,18,3,0
PAY_001395,CUS_0513,28173.53,card_declined,wallet,0,299180.73,0.467,0.9013,7,6,0
PAY_001396,CUS_0047,15836.96,card_declined,upi,1,311829.11,0.9147,0.773,18,3,0
PAY_001397,CUS_0216,19092.89,network_error,card,1,62942.33,0.8393,0.7437,15,5,1
PAY_001398,CUS_0262,10059.35,network_error,card,2,230119.3,0.8987,0.6002,22,2,1
PAY_001399,CUS_0104,9957.62,renewal_failed,card,1,286210.01,0.7727,0.7314,20,2,0
PAY_001400,CUS_0542,5880.07,network_error,upi,1,197577.48,0.7195,0.8995,1,0,1
PAY_001401,CUS_0290,26980.95,expired_method,card,1,154554.34,0.9644,0.7082,8,3,1
PAY_001402,CUS_0564,16310.5,insufficient_funds,upi,0,215413.34,0.6263,0.9126,18,5,0
PAY_001403,CUS_0031,39716.84,network_error,wallet,1,81913.29,0.8547,0.3366,9,5,1
PAY_001404,CUS_0397,15605.48,expired_method,card,1,200959.93,0.7196,0.5773,11,2,0
PAY_001405,CUS_0392,3819.89,card_declined,netbanking,0,196958.26,0.9004,0.8632,7,2,1
PAY_001406,CUS_0185,24576.24,insufficient_funds,card,1,213700.09,0.8213,0.8106,18,6,1
PAY_001407,CUS_0289,8568.59,renewal_failed,netbanking,2,159605.22,0.8636,0.6361,16,6,0
PAY_001408,CUS_0076,9696.45,card_declined,card,2,88970.74,0.8182,0.7857,10,0,1
PAY_001409,CUS_0595,3023.26,renewal_failed,upi,3,253851.72,0.8159,0.3786,18,6,1
PAY_001410,CUS_0114,39589.81,expired_method,wallet,3,219080.94,0.7722,0.8356,8,0,0
PAY_001411,CUS_0812,14698.15,insufficient_funds,netbanking,3,225591.16,0.9019,0.7775,14,4,0
PAY_001412,CUS_0615,11234.46,renewal_failed,wallet,1,29593.2,0.6526,0.85,15,5,0
PAY_001413,CUS_0836,9550.44,expired_method,upi,1,275649.65,0.9842,0.7749,23,2,1
PAY_001414,CUS_0452,25528.82,card_declined,upi,2,181634.62,0.833,0.8435,21,0,1
PAY_001415,CUS_0055,7331.56,network_error,netbanking,2,126114.16,0.8339,0.9351,14,0,1
PAY_001416,CUS_0106,38676.77,network_error,upi,2,146688.92,0.935,0.8436,23,0,0
PAY_001417,CUS_0682,11096.52,network_error,upi,3,94745.98,0.7813,0.8831,15,1,0
PAY_001418,CUS_0357,18378.96,renewal_failed,wallet,3,296792.75,0.7891,0.6051,17,3,0
PAY_001419,CUS_0574,7057.2,insufficient_funds,wallet,1,150384.95,0.6461,0.5313,20,6,0
PAY_001420,CUS_0035,10367.17,card_declined,card,2,213562.16,0.9223,0.8322,20,3,0
PAY_001421,CUS_0380,11493.66,renewal_failed,upi,1,79446.6,0.9083,0.7423,17,1,0
PAY_001422,CUS_0102,23520.88,network_error,card,2,174955.81,0.799,0.8183,9,1,0
PAY_001423,CUS_0426,7656.86,card_declined,netbanking,1,196553.06,0.7364,0.8146,6,2,0
PAY_001424,CUS_0385,3222.46,card_declined,netbanking,2,309998.17,0.9443,0.8786,16,2,0
PAY_001425,CUS_0072,44988.97,renewal_failed,wallet,1,69352.35,0.9015,0.7814,12,2,0
PAY_001426,CUS_0160,15778.29,insufficient_funds,card,2,14549.27,0.7007,0.8757,22,1,0
PAY_001427,CUS_0731,7501.75,insufficient_funds,wallet,1,140150.9,0.743,0.9643,9,4,0
PAY_001428,CUS_0630,15172.56,card_declined,netbanking,0,288706.17,0.639,0.6984,20,1,0
PAY_001429,CUS_0620,11406.82,expired_method,netbanking,2,85473.52,0.815,0.7813,9,3,0
PAY_001430,CUS_0591,15726.5,expired_method,netbanking,2,193275.64,0.755,0.774,17,1,0
PAY_001431,CUS_0353,19909.54,network_error,card,1,44263.71,0.8075,0.6532,19,1,0
PAY_001432,CUS_0491,22647.51,network_error,wallet,2,233102.99,0.834,0.8626,10,0,1
PAY_001433,CUS_0256,42985.64,card_declined,wallet,0,118805.66,0.8501,0.8625,16,2,0
PAY_001434,CUS_0362,25555.92,card_declined,netbanking,3,182289.27,0.627,0.7124,17,1,0
PAY_001435,CUS_0068,22199.79,expired_method,card,1,155244.11,0.9363,0.7255,20,5,0
PAY_001436,CUS_0215,2316.2,expired_method,netbanking,1,221542.54,0.8455,0.867,8,5,1
PAY_001437,CUS_0446,6902.8,insufficient_funds,card,2,173031.5,0.5238,0.8924,19,4,1
PAY_001438,CUS_0002,20489.91,renewal_failed,upi,2,42899.45,0.9129,0.6424,18,0,0
PAY_001439,CUS_0502,8371.2,expired_method,upi,3,129534.85,0.8256,0.6398,6,5,0
PAY_001440,CUS_0792,11515.7,network_error,card,1,190940.74,0.9748,0.7878,18,0,0
PAY_001441,CUS_0359,7155.44,card_declined,netbanking,1,225816.84,0.7501,0.5307,18,5,0
PAY_001442,CUS_0042,6788.53,card_declined,netbanking,0,41230.16,0.8692,0.8404,16,4,1
PAY_001443,CUS_0226,6347.54,card_declined,upi,1,308718.37,0.7852,0.6867,11,1,1
PAY_001444,CUS_0019,7265.65,expired_method,netbanking,1,64486.56,0.7835,0.6423,22,6,0
PAY_001445,CUS_0796,43746.23,network_error,wallet,3,145951.4,0.7283,0.5884,18,1,0
PAY_001446,CUS_0508,6963.01,renewal_failed,wallet,0,293608.95,0.717,0.5595,18,0,0
PAY_001447,CUS_0767,49419.3,renewal_failed,wallet,1,276413.61,0.7973,0.5366,9,4,0
PAY_001448,CUS_0627,15018.0,expired_method,card,1,236970.67,0.7941,0.7352,16,2,0
PAY_001449,CUS_0238,18028.28,expired_method,netbanking,1,289004.38,0.8835,0.6432,17,2,1
PAY_001450,CUS_0056,8050.35,expired_method,upi,2,17669.68,0.8911,0.7248,17,6,0
PAY_001451,CUS_0501,11706.01,renewal_failed,wallet,1,274782.48,0.8393,0.7287,9,2,0
PAY_001452,CUS_0290,61485.74,insufficient_funds,wallet,1,38532.85,0.9114,0.6979,8,5,0
PAY_001453,CUS_0712,9860.57,expired_method,card,3,111905.57,0.9108,0.8132,8,3,0
PAY_001454,CUS_0728,18972.54,insufficient_funds,netbanking,1,56633.05,0.9189,0.7535,11,0,0
PAY_001455,CUS_0651,9791.36,network_error,upi,3,54424.51,0.854,0.8596,20,4,1
PAY_001456,CUS_0688,2987.29,insufficient_funds,wallet,1,144531.03,0.8984,0.8015,14,5,0
PAY_001457,CUS_0420,5179.96,expired_method,netbanking,0,310491.89,0.9715,0.7249,9,5,1
PAY_001458,CUS_0577,24527.4,renewal_failed,upi,1,264925.94,0.6312,0.6407,7,3,0
PAY_001459,CUS_0469,2978.99,insufficient_funds,wallet,0,249256.79,0.6198,0.9197,8,2,0
PAY_001460,CUS_0116,11311.84,card_declined,upi,1,235172.14,0.891,0.6216,13,5,0
PAY_001461,CUS_0561,6184.6,insufficient_funds,card,2,167403.25,0.8894,0.5337,16,3,0
PAY_001462,CUS_0014,8102.93,renewal_failed,upi,3,314025.43,0.7569,0.7222,7,2,0
PAY_001463,CUS_0550,30069.03,insufficient_funds,wallet,2,304652.05,0.8775,0.7998,18,3,0
PAY_001464,CUS_0151,7423.16,renewal_failed,netbanking,1,157308.0,0.7882,0.6732,17,4,0
PAY_001465,CUS_0412,11040.19,insufficient_funds,upi,1,278094.26,0.7671,0.77,6,6,0
PAY_001466,CUS_0619,11003.47,network_error,card,2,282596.59,0.9308,0.5822,14,0,1
PAY_001467,CUS_0293,3028.48,expired_method,upi,1,8862.08,0.7931,0.9315,7,0,0
PAY_001468,CUS_0371,6103.13,network_error,netbanking,2,194296.01,0.7664,0.9366,19,3,0
PAY_001469,CUS_0485,10872.92,expired_method,wallet,0,245931.58,0.8062,0.4066,13,4,0
PAY_001470,CUS_0289,7422.05,expired_method,card,2,139745.42,0.8458,0.5492,9,5,1
PAY_001471,CUS_0760,6010.06,expired_method,card,1,20277.01,0.8854,0.7588,19,6,0
PAY_001472,CUS_0372,21272.91,renewal_failed,wallet,1,43946.23,0.6471,0.8618,10,5,1
PAY_001473,CUS_0448,14397.47,network_error,upi,1,191528.0,0.8935,0.7931,2,4,0
PAY_001474,CUS_0694,7798.03,card_declined,netbanking,0,145708.04,0.9253,0.62,6,4,1
PAY_001475,CUS_0545,10799.12,renewal_failed,netbanking,1,263374.01,0.7155,0.7035,8,2,0
PAY_001476,CUS_0562,24825.24,network_error,netbanking,0,200254.29,0.9495,0.8218,20,3,0
PAY_001477,CUS_0561,78857.4,card_declined,upi,2,258962.01,0.7892,0.7885,21,0,0
PAY_001478,CUS_0339,4868.72,network_error,card,1,175024.63,0.9318,0.5926,16,3,0
PAY_001479,CUS_0716,8749.63,expired_method,wallet,2,309540.56,0.9444,0.67,15,5,0
PAY_001480,CUS_0420,15509.92,card_declined,upi,0,270172.42,0.7817,0.5919,20,0,0
PAY_001481,CUS_0248,15135.93,card_declined,card,2,27375.97,0.8958,0.7316,7,5,0
PAY_001482,CUS_0826,8609.12,network_error,card,2,293040.22,0.9475,0.7715,14,6,1
PAY_001483,CUS_0444,3142.57,card_declined,upi,1,272400.01,0.8551,0.7255,16,3,1
PAY_001484,CUS_0629,3189.55,insufficient_funds,upi,0,274608.49,0.9241,0.8208,4,2,0
PAY_001485,CUS_0752,6246.28,renewal_failed,netbanking,0,164468.48,0.7609,0.4982,20,3,1
PAY_001486,CUS_0347,20329.43,card_declined,upi,1,142968.32,0.8631,0.8272,21,5,0
PAY_001487,CUS_0773,8077.15,network_error,wallet,3,233381.07,0.8526,0.8596,10,5,0
PAY_001488,CUS_0795,22911.12,expired_method,wallet,0,305660.42,0.6068,0.6567,15,0,0
PAY_001489,CUS_0718,10901.23,card_declined,card,1,262534.19,0.9708,0.8214,14,4,0
PAY_001490,CUS_0286,9732.22,network_error,upi,1,190139.77,0.8619,0.5223,13,0,0
PAY_001491,CUS_0676,17708.12,expired_method,wallet,1,79218.4,0.6198,0.7057,20,3,1
PAY_001492,CUS_0778,5272.41,expired_method,netbanking,3,139584.69,0.6532,0.6484,9,4,0
PAY_001493,CUS_0022,9194.06,card_declined,netbanking,1,202860.95,0.7896,0.7428,19,2,0
PAY_001494,CUS_0380,3045.22,network_error,card,1,151771.88,0.771,0.8795,12,2,0
PAY_001495,CUS_0376,1655.53,card_declined,wallet,0,229542.96,0.7414,0.6494,11,5,0
PAY_001496,CUS_0827,38507.01,renewal_failed,card,2,31183.44,0.9446,0.5489,5,1,1
PAY_001497,CUS_0178,20530.77,network_error,netbanking,1,16024.84,0.892,0.7138,23,0,0
PAY_001498,CUS_0837,11817.61,insufficient_funds,netbanking,0,256731.68,0.926,0.7356,5,0,1
PAY_001499,CUS_0786,9506.31,insufficient_funds,card,2,212487.23,0.7001,0.649,15,1,0
PAY_001500,CUS_0574,20927.47,card_declined,wallet,1,137795.35,0.8786,0.906,6,4,0
PAY_001501,CUS_0212,15230.12,insufficient_funds,wallet,2,102229.8,0.7848,0.8276,21,5,0
PAY_001502,CUS_0298,7024.59,network_error,wallet,0,101722.56,0.9564,0.6311,20,6,0
PAY_001503,CUS_0158,8268.4,card_declined,netbanking,3,90210.95,0.8098,0.7837,16,2,0
PAY_001504,CUS_0788,3335.4,network_error,card,1,265558.99,0.8754,0.7591,18,6,0
PAY_001505,CUS_0407,21274.97,insufficient_funds,card,2,186879.31,0.9354,0.6838,20,6,0
PAY_001506,CUS_0819,9350.95,card_declined,card,1,151898.31,0.8448,0.7053,9,1,0
PAY_001507,CUS_0710,22549.56,renewal_failed,wallet,1,283085.71,0.9014,0.6066,16,2,0
PAY_001508,CUS_0439,6087.34,expired_method,netbanking,1,319668.08,0.8868,0.8143,20,6,0
PAY_001509,CUS_0756,13177.67,card_declined,wallet,1,281946.75,0.967,0.7015,20,2,0
PAY_001510,CUS_0526,12123.76,insufficient_funds,wallet,1,247217.87,0.8938,0.8257,9,4,1
PAY_001511,CUS_0078,2760.52,expired_method,wallet,0,43174.83,0.8332,0.8658,3,1,0
PAY_001512,CUS_0274,3177.24,network_error,upi,2,114608.88,0.9171,0.5033,23,3,0
PAY_001513,CUS_0602,22596.3,expired_method,netbanking,1,113444.3,0.9339,0.8401,21,4,0
PAY_001514,CUS_0647,12667.28,card_declined,upi,1,234754.86,0.7578,0.6725,21,2,0
PAY_001515,CUS_0644,15650.16,renewal_failed,upi,1,294641.16,0.9302,0.5619,1,2,0
PAY_001516,CUS_0628,8368.54,network_error,wallet,0,223600.53,0.7525,0.8737,17,2,1
PAY_001517,CUS_0761,24265.31,expired_method,netbanking,0,34377.58,0.7298,0.7049,0,0,1
PAY_001518,CUS_0286,18421.59,network_error,card,1,151818.67,0.7642,0.5021,16,6,1
PAY_001519,CUS_0580,42495.95,network_error,upi,2,221256.99,0.5741,0.8409,20,6,0
PAY_001520,CUS_0548,9146.35,expired_method,card,1,286000.41,0.9022,0.4684,17,3,1
PAY_001521,CUS_0067,58721.81,network_error,wallet,1,181096.05,0.9231,0.5374,17,5,0
PAY_001522,CUS_0247,22083.21,renewal_failed,netbanking,0,233118.26,0.8862,0.6158,7,4,0
PAY_001523,CUS_0746,3213.23,expired_method,netbanking,0,247443.27,0.8312,0.8101,15,2,0
PAY_001524,CUS_0600,13278.49,network_error,upi,1,114278.73,0.8799,0.9414,18,3,0
PAY_001525,CUS_0112,4812.61,network_error,wallet,2,54301.59,0.6754,0.692,19,4,1
PAY_001526,CUS_0511,31831.47,insufficient_funds,wallet,0,84741.81,0.7884,0.5914,21,1,1
PAY_001527,CUS_0276,99404.9,insufficient_funds,card,1,92651.81,0.7908,0.7661,15,2,0
PAY_001528,CUS_0042,27116.34,network_error,card,1,131292.17,0.8183,0.7034,12,6,0
PAY_001529,CUS_0011,7109.78,card_declined,card,0,144488.55,0.8927,0.8088,13,3,1
PAY_001530,CUS_0205,22919.2,insufficient_funds,wallet,2,263845.47,0.8275,0.7891,7,2,0
PAY_001531,CUS_0546,12499.1,renewal_failed,upi,0,257148.68,0.8852,0.8208,9,2,1
PAY_001532,CUS_0320,14050.37,card_declined,wallet,2,66106.42,0.962,0.6833,5,4,0
PAY_001533,CUS_0662,7193.5,insufficient_funds,card,2,11475.85,0.6794,0.8236,19,0,1
PAY_001534,CUS_0669,12838.08,insufficient_funds,netbanking,1,145245.11,0.7944,0.8469,18,4,1
PAY_001535,CUS_0844,17139.37,expired_method,netbanking,1,267583.61,0.7088,0.8035,11,5,1
PAY_001536,CUS_0694,11008.26,renewal_failed,wallet,1,121149.78,0.8926,0.8898,17,4,0
PAY_001537,CUS_0340,74472.2,card_declined,upi,2,15131.46,0.8113,0.6352,18,5,1
PAY_001538,CUS_0092,4072.16,renewal_failed,wallet,1,247432.9,0.8201,0.791,17,2,0
PAY_001539,CUS_0611,13998.7,card_declined,wallet,1,55643.63,0.8293,0.6434,17,2,0
PAY_001540,CUS_0479,9298.37,renewal_failed,netbanking,1,240158.86,0.7636,0.8517,1,1,0
PAY_001541,CUS_0035,35393.22,network_error,card,2,311567.76,0.7376,0.9036,0,0,0
PAY_001542,CUS_0366,16367.22,renewal_failed,wallet,1,310698.15,0.7261,0.7629,18,5,0
PAY_001543,CUS_0573,20396.32,expired_method,upi,1,142392.59,0.6652,0.7976,18,5,0
PAY_001544,CUS_0806,6284.88,network_error,card,2,138561.67,0.9333,0.764,16,0,0
PAY_001545,CUS_0621,5088.39,network_error,netbanking,3,35417.23,0.5769,0.8093,9,2,0
PAY_001546,CUS_0228,32571.44,renewal_failed,card,1,131262.27,0.9059,0.6751,19,5,1
PAY_001547,CUS_0318,1460.33,expired_method,netbanking,1,193597.77,0.6377,0.7019,16,0,1
PAY_001548,CUS_0119,11435.08,network_error,upi,2,191270.51,0.8138,0.8568,6,0,1
PAY_001549,CUS_0557,48041.94,network_error,netbanking,3,179989.73,0.7951,0.7419,9,1,0
PAY_001550,CUS_0302,8912.81,network_error,upi,0,77708.46,0.7746,0.9503,20,0,1
PAY_001551,CUS_0590,3965.9,expired_method,upi,1,293271.26,0.8351,0.5565,3,2,0
PAY_001552,CUS_0375,23115.75,renewal_failed,wallet,1,33422.98,0.9702,0.4756,17,5,0
PAY_001553,CUS_0693,26724.52,insufficient_funds,card,3,76641.01,0.8806,0.6227,18,6,1
PAY_001554,CUS_0236,13208.14,expired_method,wallet,0,148077.34,0.9258,0.6293,18,5,1
PAY_001555,CUS_0624,28077.34,insufficient_funds,wallet,1,218217.56,0.7951,0.4122,19,6,0
PAY_001556,CUS_0674,27643.88,card_declined,netbanking,1,280942.79,0.7545,0.8605,18,4,0
PAY_001557,CUS_0126,31605.0,insufficient_funds,upi,2,227614.53,0.8604,0.8351,9,3,1
PAY_001558,CUS_0288,11162.26,insufficient_funds,upi,1,241111.19,0.7191,0.6543,10,4,0
PAY_001559,CUS_0357,15366.61,network_error,upi,1,261205.17,0.7389,0.7423,18,5,0
PAY_001560,CUS_0295,14798.5,expired_method,card,1,93544.04,0.7483,0.7222,8,6,0
PAY_001561,CUS_0532,10357.23,renewal_failed,upi,2,259603.7,0.5129,0.6766,22,5,0
PAY_001562,CUS_0647,17922.99,network_error,wallet,0,244669.15,0.799,0.7774,21,4,0
PAY_001563,CUS_0281,13039.16,network_error,netbanking,1,269826.39,0.8944,0.8241,6,1,0
PAY_001564,CUS_0641,7690.37,card_declined,netbanking,2,129766.84,0.6025,0.886,5,6,1
PAY_001565,CUS_0736,6519.54,card_declined,netbanking,1,35348.86,0.8761,0.6391,7,1,1
PAY_001566,CUS_0651,27223.53,expired_method,card,2,255363.08,0.6769,0.6573,19,1,0
PAY_001567,CUS_0515,10042.53,renewal_failed,card,2,102765.91,0.9354,0.6322,20,5,0
PAY_001568,CUS_0428,4184.62,card_declined,wallet,1,152507.2,0.869,0.7084,21,2,0
PAY_001569,CUS_0776,3561.68,renewal_failed,card,1,244244.97,0.8681,0.7706,20,4,0
PAY_001570,CUS_0508,5824.71,expired_method,netbanking,1,237699.61,0.8811,0.7576,4,1,0
PAY_001571,CUS_0727,5220.34,renewal_failed,wallet,0,215519.46,0.8312,0.8285,8,2,0
PAY_001572,CUS_0815,7534.63,insufficient_funds,wallet,2,230104.17,0.815,0.6132,21,1,1
PAY_001573,CUS_0757,17958.2,insufficient_funds,netbanking,1,263430.6,0.8869,0.488,10,4,0
PAY_001574,CUS_0468,35262.2,renewal_failed,wallet,1,236902.46,0.9449,0.9283,8,4,1
PAY_001575,CUS_0462,4643.94,renewal_failed,card,1,98001.4,0.9236,0.5942,4,3,1
PAY_001576,CUS_0563,8466.33,expired_method,card,2,181339.57,0.8115,0.9434,15,5,1
PAY_001577,CUS_0614,23152.08,card_declined,card,0,266645.99,0.8087,0.7362,14,5,0
PAY_001578,CUS_0349,8401.34,network_error,card,2,19445.41,0.839,0.8845,18,2,1
PAY_001579,CUS_0315,14851.11,renewal_failed,upi,0,170506.68,0.8185,0.6463,6,6,0
PAY_001580,CUS_0171,17960.02,card_declined,wallet,1,304303.44,0.6613,0.7218,18,4,0
PAY_001581,CUS_0370,6139.33,renewal_failed,card,3,73075.02,0.8209,0.7402,15,2,0
PAY_001582,CUS_0134,26590.93,card_declined,netbanking,0,88133.66,0.8985,0.6807,8,6,0
PAY_001583,CUS_0003,4546.73,insufficient_funds,wallet,2,43874.22,0.8818,0.794,23,4,1
PAY_001584,CUS_0678,38207.5,network_error,upi,2,127955.7,0.757,0.4573,22,3,0
PAY_001585,CUS_0373,34083.97,renewal_failed,wallet,1,80123.93,0.7944,0.6964,11,5,1
PAY_001586,CUS_0698,13629.11,renewal_failed,wallet,3,287491.2,0.8853,0.87,16,0,1
PAY_001587,CUS_0690,6633.26,insufficient_funds,wallet,2,72147.8,0.8922,0.6972,5,6,0
PAY_001588,CUS_0406,15996.9,expired_method,wallet,3,157401.01,0.843,0.8981,8,1,1
PAY_001589,CUS_0644,52178.95,expired_method,wallet,2,257130.81,0.8098,0.7032,18,2,0
PAY_001590,CUS_0626,23324.26,network_error,netbanking,2,210105.64,0.9673,0.6569,10,6,0
PAY_001591,CUS_0381,4238.65,renewal_failed,netbanking,1,16419.49,0.8719,0.5151,16,1,0
PAY_001592,CUS_0822,53616.94,card_declined,upi,1,195460.71,0.941,0.5013,19,2,1
PAY_001593,CUS_0764,19544.92,expired_method,card,2,149010.16,0.6603,0.8022,19,3,0
PAY_001594,CUS_0644,23566.39,network_error,card,2,185957.42,0.794,0.8354,5,0,1
PAY_001595,CUS_0438,13154.62,renewal_failed,upi,2,194053.24,0.7532,0.7303,23,6,0
PAY_001596,CUS_0191,6266.56,expired_method,wallet,2,123815.89,0.8243,0.5746,17,1,0
PAY_001597,CUS_0584,10091.6,expired_method,wallet,2,26864.32,0.6694,0.7571,14,0,0
PAY_001598,CUS_0711,6910.48,network_error,netbanking,1,209117.64,0.7748,0.9122,16,0,0
PAY_001599,CUS_0661,18614.41,network_error,upi,2,203926.17,0.8815,0.7986,16,6,0
PAY_001600,CUS_0630,7472.08,expired_method,card,2,79135.38,0.835,0.8654,7,1,0
PAY_001601,CUS_0675,8049.12,renewal_failed,card,2,253193.02,0.8612,0.8469,10,0,0
PAY_001602,CUS_0665,15450.92,renewal_failed,card,0,318704.63,0.982,0.6419,18,1,1
PAY_001603,CUS_0214,11306.13,insufficient_funds,card,3,119763.53,0.9774,0.8193,5,1,0
PAY_001604,CUS_0128,16171.68,renewal_failed,netbanking,0,99168.34,0.7716,0.8155,19,0,1
PAY_001605,CUS_0697,31577.66,renewal_failed,netbanking,2,75864.53,0.7028,0.8119,10,5,0
PAY_001606,CUS_0190,8103.26,insufficient_funds,netbanking,2,175164.65,0.8989,0.4318,20,0,0
PAY_001607,CUS_0514,29780.85,network_error,wallet,2,252434.05,0.8981,0.5096,11,2,0
PAY_001608,CUS_0043,12441.62,expired_method,upi,2,245808.59,0.7472,0.8023,9,3,0
PAY_001609,CUS_0157,7785.2,network_error,wallet,1,120666.9,0.7629,0.6947,16,5,1
PAY_001610,CUS_0601,9634.46,expired_method,wallet,2,149032.11,0.8547,0.8513,15,6,0
PAY_001611,CUS_0447,23625.41,renewal_failed,wallet,1,13312.38,0.7913,0.7164,20,6,0
PAY_001612,CUS_0385,11779.14,renewal_failed,netbanking,2,213605.2,0.8558,0.7302,10,5,0
PAY_001613,CUS_0810,3814.69,card_declined,wallet,0,158594.75,0.8854,0.9473,21,2,0
PAY_001614,CUS_0777,8537.89,expired_method,netbanking,3,258043.08,0.8971,0.7946,17,6,0
PAY_001615,CUS_0401,19310.16,renewal_failed,wallet,2,23854.31,0.8193,0.8452,17,4,0
PAY_001616,CUS_0166,26396.82,renewal_failed,card,2,216487.65,0.9258,0.7589,13,1,1
PAY_001617,CUS_0174,11664.09,renewal_failed,card,2,236873.13,0.8618,0.4673,16,5,0
PAY_001618,CUS_0307,3703.53,card_declined,netbanking,1,301008.04,0.8474,0.789,7,0,0
PAY_001619,CUS_0507,13614.81,expired_method,card,2,134284.37,0.7171,0.6892,19,6,1
PAY_001620,CUS_0264,16996.28,card_declined,wallet,1,211175.93,0.8124,0.789,16,5,1
PAY_001621,CUS_0569,8884.09,renewal_failed,netbanking,1,260836.58,0.8532,0.8663,19,6,1
PAY_001622,CUS_0054,10271.96,renewal_failed,upi,3,45981.38,0.8787,0.7052,17,1,1
PAY_001623,CUS_0703,8318.92,network_error,netbanking,0,128683.51,0.8666,0.8471,19,2,0
PAY_001624,CUS_0425,20704.61,network_error,netbanking,2,151636.93,0.9388,0.5839,17,4,0
PAY_001625,CUS_0589,4535.36,expired_method,wallet,1,283436.82,0.9537,0.8705,5,2,1
PAY_001626,CUS_0210,4938.98,expired_method,upi,1,106778.84,0.8581,0.8013,20,3,0
PAY_001627,CUS_0274,5741.75,renewal_failed,upi,2,48203.29,0.8109,0.7811,7,4,1
PAY_001628,CUS_0496,1688.77,expired_method,wallet,1,194762.57,0.7677,0.6549,11,6,1
PAY_001629,CUS_0290,10121.2,expired_method,upi,1,141569.29,0.4264,0.6264,21,6,0
PAY_001630,CUS_0150,5467.11,network_error,netbanking,1,35140.44,0.84,0.4139,12,0,0
PAY_001631,CUS_0702,8039.78,expired_method,card,1,301335.08,0.8931,0.6963,0,2,0
PAY_001632,CUS_0589,48562.06,insufficient_funds,wallet,1,107592.52,0.8906,0.8243,9,6,0
PAY_001633,CUS_0111,75892.41,card_declined,upi,1,123619.53,0.7654,0.8208,15,2,1
PAY_001634,CUS_0067,19270.03,card_declined,netbanking,0,221222.09,0.8557,0.9203,11,6,0
PAY_001635,CUS_0717,9419.85,renewal_failed,upi,2,38740.19,0.8607,0.7868,11,5,0
PAY_001636,CUS_0717,8049.12,insufficient_funds,upi,1,176560.89,0.7484,0.6127,7,1,0
PAY_001637,CUS_0097,24781.2,card_declined,card,3,203806.89,0.8432,0.8769,15,0,0
PAY_001638,CUS_0385,12915.47,renewal_failed,card,0,226850.81,0.8265,0.8307,16,1,0
PAY_001639,CUS_0392,7459.82,renewal_failed,netbanking,2,21466.04,0.7658,0.8894,15,5,0
PAY_001640,CUS_0393,8954.91,insufficient_funds,wallet,1,210186.14,0.7422,0.7732,22,6,0
PAY_001641,CUS_0051,3426.45,renewal_failed,upi,2,16233.54,0.8992,0.8173,19,0,0
PAY_001642,CUS_0133,2661.61,card_declined,upi,1,271330.74,0.8512,0.9239,15,5,0
PAY_001643,CUS_0836,15541.13,renewal_failed,wallet,1,16789.48,0.867,0.6263,19,1,1
PAY_001644,CUS_0194,6788.6,renewal_failed,wallet,2,235949.38,0.887,0.5853,18,3,0
PAY_001645,CUS_0315,10789.7,card_declined,upi,1,162950.91,0.8771,0.6162,18,2,0
PAY_001646,CUS_0592,8027.72,network_error,wallet,2,63362.45,0.908,0.7908,7,6,0
PAY_001647,CUS_0489,5050.29,renewal_failed,card,1,82560.35,0.8052,0.6856,16,5,0
PAY_001648,CUS_0202,10653.78,expired_method,card,1,61559.34,0.6524,0.8348,14,6,0
PAY_001649,CUS_0777,8472.02,network_error,card,1,59543.13,0.9043,0.7048,18,6,0
PAY_001650,CUS_0713,16473.11,expired_method,wallet,2,162423.98,0.9325,0.6694,11,2,1
PAY_001651,CUS_0263,13264.52,renewal_failed,card,2,151341.31,0.9215,0.7478,23,1,0
PAY_001652,CUS_0070,5004.34,network_error,wallet,2,254789.36,0.8521,0.5992,19,0,0
PAY_001653,CUS_0379,12429.58,network_error,netbanking,1,116828.0,0.8661,0.8433,19,5,0
PAY_001654,CUS_0192,2929.01,card_declined,netbanking,2,284974.55,0.9146,0.5047,10,5,1
PAY_001655,CUS_0769,29231.47,card_declined,upi,3,307992.1,0.9118,0.7124,0,6,0
PAY_001656,CUS_0079,10646.65,card_declined,netbanking,1,292877.73,0.7061,0.8828,20,4,0
PAY_001657,CUS_0260,3105.69,expired_method,upi,1,113236.67,0.6439,0.7411,16,4,0
PAY_001658,CUS_0450,17101.37,expired_method,netbanking,0,76119.56,0.7752,0.8025,19,2,0
PAY_001659,CUS_0597,16706.96,expired_method,wallet,1,184535.72,0.7462,0.4377,7,2,1
PAY_001660,CUS_0111,28914.1,insufficient_funds,netbanking,0,10134.03,0.7804,0.7971,19,6,0
PAY_001661,CUS_0254,7178.22,card_declined,upi,1,165899.7,0.7621,0.8772,15,6,0
PAY_001662,CUS_0064,20124.37,expired_method,upi,3,105397.41,0.9027,0.5884,2,0,1
PAY_001663,CUS_0084,16371.9,card_declined,upi,1,266592.26,0.8159,0.5181,8,3,0
PAY_001664,CUS_0437,4862.06,network_error,upi,2,155915.11,0.6574,0.6993,16,5,0
PAY_001665,CUS_0773,13253.78,insufficient_funds,upi,1,113468.89,0.9569,0.5139,1,5,0
PAY_001666,CUS_0445,35767.71,card_declined,netbanking,2,258950.0,0.7874,0.4954,18,4,1
PAY_001667,CUS_0563,19447.27,renewal_failed,netbanking,2,76493.5,0.9151,0.6873,17,6,0
PAY_001668,CUS_0593,20494.13,network_error,upi,1,211022.61,0.8003,0.6434,19,5,0
PAY_001669,CUS_0592,19787.29,card_declined,netbanking,1,228617.98,0.7424,0.7015,20,4,0
PAY_001670,CUS_0264,27536.45,network_error,card,2,150293.41,0.8453,0.5065,12,4,0
PAY_001671,CUS_0706,17617.91,expired_method,card,0,123685.64,0.6764,0.7321,6,3,1
PAY_001672,CUS_0138,1074.19,insufficient_funds,upi,1,163339.87,0.8239,0.794,20,1,1
PAY_001673,CUS_0362,9233.64,renewal_failed,wallet,2,306829.96,0.9019,0.5143,18,4,0
PAY_001674,CUS_0211,32229.0,network_error,netbanking,2,305715.94,0.7795,0.5662,9,0,0
PAY_001675,CUS_0046,13444.64,card_declined,upi,2,236385.03,0.6176,0.816,13,0,0
PAY_001676,CUS_0012,4817.46,expired_method,upi,2,15405.53,0.9407,0.6073,17,3,0
PAY_001677,CUS_0114,8457.39,insufficient_funds,netbanking,1,105153.0,0.895,0.8955,0,0,0
PAY_001678,CUS_0710,7792.47,expired_method,netbanking,3,150027.08,0.8069,0.5477,12,6,0
PAY_001679,CUS_0223,11579.53,network_error,wallet,2,31947.61,0.8037,0.7538,18,2,0
PAY_001680,CUS_0259,13363.19,insufficient_funds,card,2,197219.1,0.8373,0.8252,3,2,1
PAY_001681,CUS_0110,5155.03,network_error,upi,1,254594.12,0.9406,0.65,3,5,0
PAY_001682,CUS_0598,8909.94,expired_method,netbanking,1,291037.87,0.7063,0.7541,11,1,0
PAY_001683,CUS_0274,15010.89,network_error,card,1,272401.28,0.7569,0.6988,12,1,0
PAY_001684,CUS_0819,3863.27,insufficient_funds,wallet,2,294539.04,0.8569,0.5267,20,1,0
PAY_001685,CUS_0024,24480.53,card_declined,upi,3,14759.21,0.9327,0.7545,18,2,1
PAY_001686,CUS_0796,15072.29,insufficient_funds,wallet,1,93307.48,0.8631,0.7342,9,1,0
PAY_001687,CUS_0062,5598.02,expired_method,card,2,17094.25,0.8248,0.5355,9,6,0
PAY_001688,CUS_0697,35198.95,insufficient_funds,netbanking,2,79004.86,0.7362,0.7533,16,0,0
PAY_001689,CUS_0023,8377.42,network_error,netbanking,1,85207.69,0.8128,0.7551,6,6,0
PAY_001690,CUS_0127,8430.44,network_error,netbanking,1,270977.28,0.7469,0.822,20,5,1
PAY_001691,CUS_0317,5523.54,insufficient_funds,upi,0,268821.79,0.9496,0.6373,7,0,0
PAY_001692,CUS_0783,5357.15,network_error,wallet,1,303224.28,0.9145,0.8014,7,5,1
PAY_001693,CUS_0673,23965.76,expired_method,netbanking,2,136883.17,0.9088,0.6735,10,4,0
PAY_001694,CUS_0047,10220.24,card_declined,card,1,181210.07,0.831,0.8607,12,6,0
PAY_001695,CUS_0814,13740.54,network_error,card,1,253969.12,0.8906,0.7743,20,4,0
PAY_001696,CUS_0234,15123.73,network_error,netbanking,2,23228.36,0.8921,0.6357,19,3,0
PAY_001697,CUS_0648,32397.45,expired_method,wallet,0,39410.86,0.8376,0.5908,22,1,1
PAY_001698,CUS_0768,25039.03,network_error,card,1,50455.69,0.9333,0.5187,13,5,0
PAY_001699,CUS_0606,29889.39,renewal_failed,netbanking,1,206001.88,0.5624,0.8451,14,6,0
PAY_001700,CUS_0295,49481.58,expired_method,netbanking,3,103563.79,0.7857,0.8634,8,0,0
PAY_001701,CUS_0473,82121.68,card_declined,wallet,2,173074.09,0.6977,0.7598,20,3,0
PAY_001702,CUS_0039,6766.77,insufficient_funds,netbanking,3,94787.46,0.7927,0.7642,7,5,0
PAY_001703,CUS_0655,12199.82,expired_method,netbanking,0,303249.04,0.9162,0.7891,10,6,1
PAY_001704,CUS_0714,19271.68,network_error,card,1,248157.82,0.9728,0.895,17,2,0
PAY_001705,CUS_0570,26645.01,renewal_failed,wallet,3,297050.77,0.9298,0.929,17,4,1
PAY_001706,CUS_0530,12503.05,renewal_failed,netbanking,0,202281.4,0.7476,0.6157,21,0,0
PAY_001707,CUS_0599,1689.74,card_declined,wallet,2,319277.27,0.7776,0.6461,20,6,1
PAY_001708,CUS_0031,10118.03,expired_method,wallet,2,48998.32,0.6535,0.8312,15,3,0
PAY_001709,CUS_0801,7971.15,renewal_failed,upi,2,277481.93,0.8513,0.671,16,2,0
PAY_001710,CUS_0132,12938.1,renewal_failed,netbanking,3,9524.43,0.8561,0.8577,14,2,0
PAY_001711,CUS_0411,11491.69,expired_method,upi,1,46950.07,0.8939,0.5335,4,5,1
PAY_001712,CUS_0574,5185.35,network_error,netbanking,2,297868.87,0.8159,0.7553,3,4,0
PAY_001713,CUS_0640,28968.53,renewal_failed,netbanking,1,147313.82,0.9365,0.7498,10,0,0
PAY_001714,CUS_0265,5651.88,renewal_failed,netbanking,1,155485.39,0.714,0.6691,16,1,0
PAY_001715,CUS_0052,12263.73,network_error,upi,1,158531.53,0.9415,0.6861,20,4,1
PAY_001716,CUS_0358,29015.74,card_declined,wallet,3,308736.79,0.8838,0.8954,15,4,0
PAY_001717,CUS_0276,20872.33,card_declined,card,2,64668.15,0.982,0.7674,21,0,1
PAY_001718,CUS_0821,5113.31,expired_method,card,0,168861.82,0.8744,0.5632,19,0,0
PAY_001719,CUS_0449,12982.57,insufficient_funds,netbanking,2,85226.41,0.7154,0.5912,21,1,0
PAY_001720,CUS_0315,12454.97,insufficient_funds,netbanking,2,228856.34,0.7928,0.7264,10,4,0
PAY_001721,CUS_0821,14312.59,insufficient_funds,netbanking,0,237012.11,0.8443,0.7189,18,4,0
PAY_001722,CUS_0465,16452.19,card_declined,upi,1,253069.91,0.8327,0.7131,16,6,0
PAY_001723,CUS_0504,41134.29,expired_method,netbanking,0,304591.88,0.8282,0.7753,11,3,0
PAY_001724,CUS_0329,10723.69,network_error,wallet,1,276734.25,0.8044,0.7814,17,2,0
PAY_001725,CUS_0622,10275.94,renewal_failed,wallet,1,193104.81,0.8318,0.7018,16,5,1
PAY_001726,CUS_0521,11620.03,renewal_failed,wallet,2,93996.33,0.8617,0.6259,7,0,0
PAY_001727,CUS_0536,8927.08,expired_method,netbanking,1,107772.16,0.8748,0.7256,9,3,0
PAY_001728,CUS_0556,8711.34,network_error,card,1,150358.29,0.9126,0.8691,18,1,0
PAY_001729,CUS_0753,26503.25,renewal_failed,wallet,2,29307.03,0.8792,0.7987,23,6,0
PAY_001730,CUS_0050,11772.87,network_error,netbanking,1,139322.4,0.8292,0.7755,15,5,0
PAY_001731,CUS_0821,31567.26,insufficient_funds,upi,2,319004.11,0.7427,0.3706,20,0,0
PAY_001732,CUS_0242,10939.56,insufficient_funds,netbanking,2,236075.02,0.6865,0.9144,14,1,0
PAY_001733,CUS_0068,8755.62,expired_method,card,2,127577.39,0.9187,0.7361,17,4,0
PAY_001734,CUS_0599,124687.72,insufficient_funds,card,2,173116.51,0.9299,0.4279,9,1,0
PAY_001735,CUS_0501,67767.47,renewal_failed,wallet,0,90679.44,0.5636,0.7168,18,1,0
PAY_001736,CUS_0399,12122.01,network_error,wallet,1,88263.59,0.8266,0.6361,15,0,1
PAY_001737,CUS_0228,11570.06,card_declined,card,2,188055.43,0.93,0.8429,6,2,0
PAY_001738,CUS_0045,20647.11,network_error,card,1,274659.53,0.6521,0.5106,19,4,0
PAY_001739,CUS_0690,17868.59,network_error,netbanking,1,185016.09,0.8146,0.8074,18,6,0
PAY_001740,CUS_0707,10267.23,insufficient_funds,netbanking,2,67152.0,0.8559,0.7799,17,2,1
PAY_001741,CUS_0193,16522.5,network_error,wallet,2,82560.67,0.611,0.8053,7,4,0
PAY_001742,CUS_0379,14593.39,insufficient_funds,upi,0,21536.89,0.6824,0.6744,15,2,1
PAY_001743,CUS_0542,14478.46,card_declined,netbanking,3,212117.43,0.8119,0.6937,22,5,0
PAY_001744,CUS_0396,2539.52,insufficient_funds,netbanking,1,136175.39,0.8357,0.9098,23,3,0
PAY_001745,CUS_0529,4639.22,expired_method,wallet,1,136494.41,0.459,0.5473,17,3,0
PAY_001746,CUS_0047,9056.35,insufficient_funds,card,1,284838.14,0.8456,0.6569,7,3,0
PAY_001747,CUS_0171,8642.68,network_error,netbanking,1,65684.27,0.8607,0.6895,22,1,0
PAY_001748,CUS_0676,16875.22,insufficient_funds,netbanking,1,288104.22,0.7211,0.8564,16,4,0
PAY_001749,CUS_0579,13320.12,renewal_failed,upi,0,312820.86,0.8491,0.677,18,0,0
PAY_001750,CUS_0797,16856.97,network_error,card,2,239941.77,0.8468,0.7734,18,1,1
PAY_001751,CUS_0654,5496.72,card_declined,wallet,1,302989.52,0.6495,0.8228,19,5,1
PAY_001752,CUS_0631,11400.88,insufficient_funds,netbanking,0,306401.18,0.8629,0.6849,16,4,0
PAY_001753,CUS_0307,32213.26,expired_method,netbanking,2,243220.4,0.8036,0.7238,14,0,1
PAY_001754,CUS_0209,1673.09,renewal_failed,card,2,81424.62,0.9378,0.8014,7,6,0
PAY_001755,CUS_0200,13142.7,card_declined,upi,0,218115.95,0.9431,0.7623,13,1,1
PAY_001756,CUS_0619,1751.56,card_declined,upi,1,9519.66,0.8332,0.6466,19,1,0
PAY_001757,CUS_0245,4725.76,network_error,wallet,1,132442.13,0.928,0.8019,21,6,1
PAY_001758,CUS_0145,8720.68,renewal_failed,wallet,0,292901.36,0.853,0.8445,16,0,1
PAY_001759,CUS_0172,14125.4,insufficient_funds,netbanking,0,202452.31,0.8362,0.809,17,1,0
PAY_001760,CUS_0044,2725.86,insufficient_funds,upi,1,195294.68,0.7922,0.6869,13,2,1
PAY_001761,CUS_0480,5187.64,renewal_failed,netbanking,2,59674.78,0.945,0.6605,16,0,0
PAY_001762,CUS_0347,64041.25,network_error,card,3,10202.51,0.7994,0.8782,10,3,0
PAY_001763,CUS_0463,5361.0,expired_method,card,0,170834.63,0.8681,0.7406,19,4,1
PAY_001764,CUS_0454,15658.82,insufficient_funds,card,3,210928.42,0.6781,0.7302,8,5,0
PAY_001765,CUS_0633,3691.89,renewal_failed,card,1,44755.11,0.9271,0.6259,13,0,1
PAY_001766,CUS_0832,16453.25,card_declined,netbanking,0,106217.01,0.651,0.7902,18,2,0
PAY_001767,CUS_0253,41498.57,renewal_failed,wallet,3,204795.65,0.6257,0.5156,10,5,1
PAY_001768,CUS_0133,15835.45,insufficient_funds,upi,3,39137.11,0.7454,0.7429,20,4,0
PAY_001769,CUS_0569,7864.08,insufficient_funds,upi,1,185292.22,0.8967,0.8329,7,1,0
PAY_001770,CUS_0242,10225.67,network_error,card,1,213020.99,0.8982,0.6148,16,4,0
PAY_001771,CUS_0682,9102.02,card_declined,wallet,3,201252.54,0.8443,0.5975,17,4,0
PAY_001772,CUS_0567,9264.76,renewal_failed,netbanking,2,97288.73,0.8093,0.7041,7,1,0
PAY_001773,CUS_0708,23108.32,network_error,wallet,0,311019.08,0.8858,0.6704,10,0,1
PAY_001774,CUS_0669,11231.12,expired_method,card,3,137667.93,0.8042,0.8009,18,5,0
PAY_001775,CUS_0376,1823.73,expired_method,netbanking,3,111724.35,0.7301,0.5536,13,4,1
PAY_001776,CUS_0508,2827.3,insufficient_funds,wallet,1,161229.19,0.7907,0.7645,9,4,0
PAY_001777,CUS_0241,8227.41,insufficient_funds,netbanking,1,8655.23,0.8785,0.8465,20,1,0
PAY_001778,CUS_0316,35259.94,expired_method,netbanking,2,319264.35,0.8391,0.5714,18,3,0
PAY_001779,CUS_0359,7758.48,network_error,wallet,2,192185.46,0.8782,0.8686,19,2,0
PAY_001780,CUS_0233,15128.21,card_declined,netbanking,0,234869.93,0.9279,0.5765,19,6,0
PAY_001781,CUS_0464,16561.36,card_declined,upi,1,285232.0,0.7786,0.5812,17,5,0
PAY_001782,CUS_0174,13490.79,insufficient_funds,upi,1,97206.29,0.8023,0.6251,18,2,0
PAY_001783,CUS_0481,18994.58,expired_method,netbanking,1,108984.59,0.6359,0.871,12,3,0
PAY_001784,CUS_0236,23164.14,renewal_failed,card,1,143579.13,0.9242,0.5817,0,2,0
PAY_001785,CUS_0084,4275.11,insufficient_funds,card,1,247459.59,0.9711,0.6678,1,3,1
PAY_001786,CUS_0806,20884.96,insufficient_funds,netbanking,0,59540.71,0.7106,0.8648,17,0,0
PAY_001787,CUS_0229,16170.19,network_error,netbanking,1,57133.0,0.6916,0.8215,12,6,0
PAY_001788,CUS_0504,11631.58,renewal_failed,netbanking,2,241972.55,0.537,0.8026,19,0,1
PAY_001789,CUS_0578,84582.23,card_declined,wallet,1,205975.29,0.7096,0.8178,16,5,0
PAY_001790,CUS_0712,16098.66,card_declined,netbanking,1,144548.87,0.8853,0.7607,11,2,1
PAY_001791,CUS_0210,14241.68,card_declined,wallet,1,85269.22,0.9151,0.7949,7,3,0
PAY_001792,CUS_0628,7723.26,insufficient_funds,wallet,1,66922.9,0.804,0.6888,4,0,0
PAY_001793,CUS_0694,31478.24,card_declined,card,3,238251.35,0.7349,0.7037,20,0,0
PAY_001794,CUS_0306,7856.16,renewal_failed,upi,2,221455.89,0.738,0.7493,15,2,0
PAY_001795,CUS_0381,1754.61,card_declined,netbanking,2,165330.45,0.7789,0.9038,13,1,0
PAY_001796,CUS_0142,16171.47,card_declined,card,2,66840.79,0.9303,0.6038,7,2,1
PAY_001797,CUS_0714,27274.85,network_error,wallet,1,41110.57,0.8365,0.5797,22,5,1
PAY_001798,CUS_0115,12489.75,renewal_failed,netbanking,0,184837.1,0.8934,0.4988,17,3,0
PAY_001799,CUS_0640,4789.54,renewal_failed,netbanking,1,247151.28,0.7865,0.5902,6,5,0
PAY_001800,CUS_0160,20966.39,renewal_failed,netbanking,1,262747.9,0.8857,0.6538,6,2,1
PAY_001801,CUS_0234,22514.16,renewal_failed,netbanking,1,162037.68,0.8068,0.6384,4,4,0
PAY_001802,CUS_0044,11819.26,expired_method,upi,2,291167.04,0.7927,0.9212,9,5,0
PAY_001803,CUS_0735,17420.68,insufficient_funds,card,2,11923.98,0.7121,0.7096,16,2,0
PAY_001804,CUS_0694,14040.09,card_declined,card,2,243386.26,0.862,0.7478,18,2,0
PAY_001805,CUS_0225,5900.42,network_error,netbanking,3,184490.03,0.8432,0.5305,14,6,0
PAY_001806,CUS_0398,7303.58,card_declined,card,0,290765.36,0.9319,0.5367,17,6,0
PAY_001807,CUS_0185,17069.54,renewal_failed,wallet,1,266110.51,0.8552,0.8934,13,6,0
PAY_001808,CUS_0668,91997.39,insufficient_funds,wallet,1,81338.92,0.7993,0.5764,14,3,0
PAY_001809,CUS_0534,17976.76,network_error,upi,1,54770.65,0.8242,0.7706,18,1,0
PAY_001810,CUS_0212,10099.57,expired_method,upi,2,229499.81,0.7941,0.773,11,5,0
PAY_001811,CUS_0338,22124.71,card_declined,netbanking,2,33229.44,0.9134,0.7404,19,5,0
PAY_001812,CUS_0215,22227.28,card_declined,upi,1,70359.67,0.9457,0.6517,19,0,0
PAY_001813,CUS_0701,18539.79,network_error,card,1,232653.11,0.8347,0.7055,12,1,1
PAY_001814,CUS_0459,13193.68,card_declined,netbanking,3,17630.26,0.8305,0.8553,18,1,0
PAY_001815,CUS_0638,33780.99,network_error,upi,1,114798.72,0.8808,0.7585,14,1,1
PAY_001816,CUS_0744,7167.44,insufficient_funds,netbanking,0,233647.1,0.9822,0.7016,10,0,1
PAY_001817,CUS_0576,8038.77,card_declined,card,3,227379.15,0.7451,0.7377,20,1,0
PAY_001818,CUS_0035,42783.97,expired_method,card,2,240340.39,0.8038,0.6112,1,5,0
PAY_001819,CUS_0393,26390.68,insufficient_funds,netbanking,1,232722.04,0.9277,0.6499,21,4,0
PAY_001820,CUS_0563,15551.68,card_declined,wallet,0,127452.82,0.8937,0.5046,20,5,1
PAY_001821,CUS_0334,17460.36,network_error,wallet,3,146177.12,0.8795,0.8747,0,3,0
PAY_001822,CUS_0563,13114.71,card_declined,wallet,1,18597.79,0.8761,0.9601,23,2,0
PAY_001823,CUS_0797,20294.63,card_declined,upi,2,169455.06,0.942,0.6862,7,2,0
PAY_001824,CUS_0532,13522.44,insufficient_funds,netbanking,1,103426.77,0.889,0.9046,5,0,0
PAY_001825,CUS_0110,13535.33,network_error,wallet,3,229237.31,0.8869,0.757,16,2,1
PAY_001826,CUS_0202,15516.56,renewal_failed,wallet,1,171386.85,0.9579,0.8013,7,4,0
PAY_001827,CUS_0727,32204.69,insufficient_funds,netbanking,0,188152.76,0.7119,0.6914,19,1,0
PAY_001828,CUS_0664,11806.62,network_error,wallet,2,19317.41,0.7106,0.7208,19,6,0
PAY_001829,CUS_0185,4832.76,network_error,card,1,97472.28,0.9093,0.8576,18,3,0
PAY_001830,CUS_0850,10345.26,renewal_failed,card,2,155240.21,0.925,0.834,16,0,0
PAY_001831,CUS_0449,8578.9,network_error,upi,1,316111.95,0.843,0.9256,22,3,1
PAY_001832,CUS_0350,8170.58,renewal_failed,card,1,268819.71,0.8016,0.76,15,1,0
PAY_001833,CUS_0305,25422.42,card_declined,wallet,1,270556.62,0.8548,0.7384,15,2,0
PAY_001834,CUS_0754,13756.53,expired_method,card,2,212264.89,0.9228,0.8162,6,3,0
PAY_001835,CUS_0641,16607.72,network_error,upi,3,177913.99,0.938,0.8739,11,3,1
PAY_001836,CUS_0654,4523.05,expired_method,wallet,1,83206.0,0.8864,0.4776,18,6,0
PAY_001837,CUS_0705,7166.36,renewal_failed,upi,2,71189.28,0.7107,0.8112,18,6,1
PAY_001838,CUS_0455,13932.01,renewal_failed,wallet,3,86292.43,0.5335,0.6845,23,3,0
PAY_001839,CUS_0402,41548.69,network_error,upi,1,278758.05,0.9407,0.895,0,6,0
PAY_001840,CUS_0785,7566.26,renewal_failed,netbanking,2,37575.46,0.8561,0.7215,20,1,1
PAY_001841,CUS_0200,10192.97,card_declined,card,1,142500.86,0.6811,0.5322,18,5,1
PAY_001842,CUS_0180,2093.88,expired_method,upi,1,61857.15,0.8723,0.7891,16,6,0
PAY_001843,CUS_0106,5233.63,expired_method,wallet,0,194571.3,0.8481,0.6967,19,2,0
PAY_001844,CUS_0246,11317.95,card_declined,upi,1,72735.23,0.9634,0.6776,17,3,0
PAY_001845,CUS_0075,5066.2,card_declined,upi,1,37645.39,0.8721,0.5876,10,6,0
PAY_001846,CUS_0810,18785.09,network_error,card,0,187380.4,0.693,0.7725,14,0,0
PAY_001847,CUS_0025,28637.44,renewal_failed,upi,1,145965.64,0.8332,0.6569,20,2,1
PAY_001848,CUS_0261,9826.83,renewal_failed,netbanking,1,154839.15,0.9439,0.4632,17,2,0
PAY_001849,CUS_0325,33391.86,expired_method,upi,0,214301.65,0.8774,0.7489,6,3,0
PAY_001850,CUS_0670,6355.13,insufficient_funds,card,1,257487.9,0.7466,0.7729,20,0,0
PAY_001851,CUS_0616,5477.03,expired_method,card,0,145432.07,0.7793,0.8609,10,4,1
PAY_001852,CUS_0494,9927.27,card_declined,netbanking,0,243767.87,0.7046,0.5425,22,5,0
PAY_001853,CUS_0132,18084.41,card_declined,netbanking,0,236178.79,0.9712,0.6292,17,5,1
PAY_001854,CUS_0054,15225.26,expired_method,upi,1,25854.55,0.8612,0.7857,16,0,1
PAY_001855,CUS_0543,12936.03,network_error,card,1,223846.28,0.8815,0.585,20,5,1
PAY_001856,CUS_0136,8625.09,network_error,card,1,251588.7,0.899,0.5929,16,1,0
PAY_001857,CUS_0297,46152.3,renewal_failed,netbanking,0,75374.85,0.8181,0.7547,7,3,0
PAY_001858,CUS_0628,2990.11,network_error,card,1,171250.8,0.6872,0.7117,17,4,1
PAY_001859,CUS_0031,8220.93,renewal_failed,netbanking,1,122408.82,0.8731,0.8449,19,1,1
PAY_001860,CUS_0345,6318.68,renewal_failed,wallet,2,103029.08,0.7768,0.7876,19,3,0
PAY_001861,CUS_0764,89185.9,card_declined,wallet,0,297992.61,0.8966,0.6359,17,0,0
PAY_001862,CUS_0737,23419.35,expired_method,wallet,1,94709.11,0.7074,0.5319,18,6,1
PAY_001863,CUS_0114,3456.66,renewal_failed,upi,1,165965.78,0.8336,0.602,20,3,0
PAY_001864,CUS_0592,35736.8,network_error,card,1,28802.87,0.8854,0.7688,16,5,1
PAY_001865,CUS_0543,17799.0,renewal_failed,netbanking,0,225054.8,0.8798,0.6348,15,3,1
PAY_001866,CUS_0153,7587.05,network_error,upi,1,46456.31,0.9031,0.7193,19,2,0
PAY_001867,CUS_0729,4242.18,network_error,wallet,0,136270.72,0.8363,0.8264,18,2,0
PAY_001868,CUS_0521,11933.23,renewal_failed,card,2,124948.19,0.836,0.6613,10,5,0
PAY_001869,CUS_0332,37150.6,renewal_failed,card,3,159106.27,0.8245,0.8906,19,3,1
PAY_001870,CUS_0459,6640.39,insufficient_funds,wallet,1,78012.55,0.9134,0.9008,0,0,0
PAY_001871,CUS_0408,19032.6,network_error,upi,1,74453.13,0.9305,0.7573,6,5,0
PAY_001872,CUS_0394,31284.94,card_declined,netbanking,1,304635.56,0.8802,0.8069,12,0,0
PAY_001873,CUS_0483,32781.95,insufficient_funds,card,1,14690.06,0.7854,0.5749,9,5,0
PAY_001874,CUS_0513,11311.01,network_error,netbanking,1,9327.44,0.8507,0.7862,9,1,0
PAY_001875,CUS_0366,11637.33,expired_method,upi,1,309709.04,0.8083,0.5127,20,4,0
PAY_001876,CUS_0817,9257.87,network_error,upi,1,17413.78,0.5913,0.623,3,3,0
PAY_001877,CUS_0026,9390.87,card_declined,netbanking,3,191043.86,0.8548,0.6147,20,1,0
PAY_001878,CUS_0662,9445.16,expired_method,upi,1,245545.68,0.7757,0.8068,9,6,0
PAY_001879,CUS_0692,43227.82,card_declined,upi,1,91879.46,0.8057,0.3687,9,6,1
PAY_001880,CUS_0810,17458.94,insufficient_funds,upi,1,223588.3,0.9148,0.6519,18,1,0
PAY_001881,CUS_0671,53061.36,insufficient_funds,card,2,168781.84,0.8832,0.7263,17,0,0
PAY_001882,CUS_0844,41806.55,renewal_failed,upi,1,68088.15,0.84,0.8103,9,5,0
PAY_001883,CUS_0459,41702.12,renewal_failed,upi,1,307966.32,0.9415,0.5295,6,2,0
PAY_001884,CUS_0005,7695.37,expired_method,card,1,57512.1,0.7833,0.58,17,6,1
PAY_001885,CUS_0293,23945.14,card_declined,card,0,271149.79,0.7916,0.7847,16,0,1
PAY_001886,CUS_0024,26585.4,renewal_failed,wallet,1,39333.21,0.8261,0.8233,7,1,0
PAY_001887,CUS_0764,12765.86,expired_method,wallet,1,37335.85,0.8617,0.5678,11,3,1
PAY_001888,CUS_0016,4981.7,renewal_failed,card,1,105435.13,0.577,0.7531,20,0,0
PAY_001889,CUS_0628,11519.26,network_error,card,0,215262.86,0.9128,0.8478,20,0,0
PAY_001890,CUS_0677,40519.42,expired_method,netbanking,1,154733.44,0.8267,0.6939,20,1,0
PAY_001891,CUS_0767,21957.64,network_error,card,2,216087.15,0.8648,0.855,19,3,0
PAY_001892,CUS_0178,11062.56,renewal_failed,upi,2,139672.98,0.8295,0.6013,9,3,0
PAY_001893,CUS_0271,6642.54,renewal_failed,wallet,1,156411.52,0.9,0.8907,9,4,1
PAY_001894,CUS_0597,13112.87,card_declined,wallet,1,120978.94,0.8379,0.6733,18,1,0
PAY_001895,CUS_0609,63328.46,renewal_failed,wallet,1,165715.4,0.9617,0.5623,9,5,0
PAY_001896,CUS_0430,4679.91,insufficient_funds,wallet,1,305080.02,0.9262,0.7802,11,3,1
PAY_001897,CUS_0588,35824.93,network_error,netbanking,1,315993.42,0.7416,0.802,18,0,0
PAY_001898,CUS_0433,5705.2,expired_method,card,2,28168.67,0.8613,0.9185,15,3,0
PAY_001899,CUS_0021,2896.61,renewal_failed,wallet,2,118160.73,0.8242,0.7276,8,6,0
PAY_001900,CUS_0101,6360.43,renewal_failed,wallet,2,193998.99,0.8572,0.6594,4,5,0
PAY_001901,CUS_0721,31058.53,insufficient_funds,upi,0,90732.76,0.9073,0.8628,18,3,1
PAY_001902,CUS_0443,23713.69,renewal_failed,card,2,304353.43,0.7793,0.798,8,1,0
PAY_001903,CUS_0605,11438.71,network_error,wallet,1,86215.52,0.873,0.7568,5,2,0
PAY_001904,CUS_0486,12157.16,insufficient_funds,wallet,3,31403.81,0.8398,0.4329,19,6,0
PAY_001905,CUS_0457,9184.51,network_error,wallet,1,260616.42,0.9136,0.4629,18,2,0
PAY_001906,CUS_0074,13082.69,insufficient_funds,wallet,3,244892.38,0.9197,0.7708,21,3,0
PAY_001907,CUS_0345,6637.41,expired_method,card,1,217095.96,0.8184,0.7413,17,0,0
PAY_001908,CUS_0514,17343.01,card_declined,upi,2,24790.88,0.95,0.6951,5,2,0
PAY_001909,CUS_0595,6794.62,expired_method,card,2,222601.88,0.7692,0.7158,8,6,0
PAY_001910,CUS_0188,23464.91,network_error,wallet,2,112407.4,0.918,0.7056,6,2,0
PAY_001911,CUS_0070,15206.49,insufficient_funds,card,3,130021.6,0.9423,0.8953,6,1,0
PAY_001912,CUS_0331,13955.59,expired_method,upi,2,118196.38,0.8305,0.8307,13,1,0
PAY_001913,CUS_0613,16867.74,network_error,card,0,216072.33,0.8843,0.8085,20,2,0
PAY_001914,CUS_0744,17891.9,card_declined,wallet,1,104658.48,0.8974,0.4023,7,4,0
PAY_001915,CUS_0570,22787.89,insufficient_funds,wallet,1,238890.79,0.7923,0.9416,7,4,0
PAY_001916,CUS_0225,12880.78,expired_method,netbanking,1,32766.36,0.6776,0.7532,13,2,1
PAY_001917,CUS_0077,1812.18,network_error,netbanking,2,135428.24,0.7627,0.5455,8,0,0
PAY_001918,CUS_0427,10301.46,network_error,netbanking,1,284453.34,0.8688,0.9359,0,3,1
PAY_001919,CUS_0096,3844.52,renewal_failed,wallet,0,31722.98,0.8197,0.6959,11,0,0
PAY_001920,CUS_0251,11859.7,card_declined,wallet,1,71955.58,0.8547,0.603,18,2,0
PAY_001921,CUS_0450,3160.76,renewal_failed,netbanking,3,90351.17,0.8806,0.7962,15,3,0
PAY_001922,CUS_0685,16465.37,card_declined,netbanking,1,146645.17,0.7045,0.5602,11,3,0
PAY_001923,CUS_0230,94318.11,card_declined,card,2,20633.02,0.8994,0.6955,11,4,1
PAY_001924,CUS_0484,9614.88,network_error,upi,3,66794.47,0.5687,0.8695,8,5,0
PAY_001925,CUS_0150,17248.77,renewal_failed,wallet,3,56806.32,0.7475,0.6182,15,5,0
PAY_001926,CUS_0584,80098.96,card_declined,wallet,2,140576.08,0.7393,0.627,14,4,0
PAY_001927,CUS_0152,9327.41,insufficient_funds,upi,2,99208.95,0.8427,0.8373,8,1,0
PAY_001928,CUS_0453,12286.43,expired_method,wallet,1,111760.7,0.8397,0.7139,19,5,0
PAY_001929,CUS_0489,10116.5,renewal_failed,wallet,2,314452.37,0.8438,0.6564,18,2,0
PAY_001930,CUS_0561,4783.12,renewal_failed,netbanking,0,149472.89,0.9417,0.5713,7,0,0
PAY_001931,CUS_0542,7024.45,insufficient_funds,card,1,302634.12,0.909,0.9741,18,4,1
PAY_001932,CUS_0753,10678.26,network_error,netbanking,2,164580.27,0.8565,0.7389,17,3,0
PAY_001933,CUS_0328,2923.26,expired_method,wallet,1,213589.21,0.9456,0.7507,16,0,0
PAY_001934,CUS_0251,32554.07,card_declined,card,1,165201.41,0.8208,0.8192,15,6,0
PAY_001935,CUS_0044,5729.99,renewal_failed,upi,1,220325.84,0.8008,0.7904,15,5,0
PAY_001936,CUS_0713,9676.95,renewal_failed,card,0,156998.0,0.776,0.6341,11,5,0
PAY_001937,CUS_0537,53070.55,renewal_failed,upi,3,78282.46,0.9035,0.6823,20,0,0
PAY_001938,CUS_0267,20175.0,insufficient_funds,netbanking,2,216379.45,0.6182,0.7322,3,0,0
PAY_001939,CUS_0594,8260.34,renewal_failed,upi,1,311543.15,0.8102,0.9497,7,3,1
PAY_001940,CUS_0563,13425.03,insufficient_funds,wallet,2,305151.39,0.8489,0.5526,13,0,0
PAY_001941,CUS_0599,10487.17,network_error,wallet,3,123344.04,0.8304,0.6184,19,1,0
PAY_001942,CUS_0435,8977.76,renewal_failed,netbanking,1,121524.31,0.7877,0.8126,19,6,0
PAY_001943,CUS_0513,5540.69,network_error,upi,1,291368.09,0.8147,0.7222,10,2,0
PAY_001944,CUS_0439,19620.04,network_error,netbanking,2,123162.48,0.722,0.6745,9,4,0
PAY_001945,CUS_0268,3783.93,renewal_failed,card,1,193399.57,0.9163,0.6377,18,0,0
PAY_001946,CUS_0075,18554.83,card_declined,netbanking,0,118205.19,0.9047,0.8609,7,5,1
PAY_001947,CUS_0155,40439.69,expired_method,netbanking,3,279668.71,0.8681,0.7188,1,1,0
PAY_001948,CUS_0630,11072.41,insufficient_funds,card,1,74110.11,0.8344,0.826,18,3,1
PAY_001949,CUS_0075,8459.97,renewal_failed,upi,1,271491.39,0.8654,0.8849,10,4,1
PAY_001950,CUS_0192,5988.92,network_error,card,3,266727.06,0.8512,0.7795,15,4,1
PAY_001951,CUS_0162,12636.98,expired_method,card,1,293523.37,0.9032,0.6821,14,4,0
PAY_001952,CUS_0369,8977.91,insufficient_funds,upi,2,77289.44,0.8593,0.3841,17,4,0
PAY_001953,CUS_0669,12985.61,insufficient_funds,netbanking,1,34351.45,0.9744,0.7038,3,1,0
PAY_001954,CUS_0062,7931.07,network_error,card,0,296173.06,0.7892,0.7049,4,3,1
PAY_001955,CUS_0384,13928.4,expired_method,wallet,2,285682.59,0.8493,0.6868,21,4,0
PAY_001956,CUS_0054,3552.06,network_error,upi,2,181831.77,0.9206,0.9261,17,1,1
PAY_001957,CUS_0173,4724.08,network_error,card,1,20343.62,0.8881,0.8155,16,1,1
PAY_001958,CUS_0502,11942.82,expired_method,card,0,252817.09,0.7967,0.4557,16,6,0
PAY_001959,CUS_0359,24053.08,card_declined,upi,1,133367.34,0.8129,0.822,17,4,1
PAY_001960,CUS_0080,7835.87,expired_method,upi,1,294451.51,0.8618,0.9263,15,1,1
PAY_001961,CUS_0214,74692.08,renewal_failed,upi,1,73357.07,0.6931,0.8568,6,4,0
PAY_001962,CUS_0814,3255.14,insufficient_funds,wallet,2,48701.3,0.8808,0.8796,6,3,1
PAY_001963,CUS_0232,15753.23,expired_method,upi,1,42361.87,0.7164,0.5466,12,6,0
PAY_001964,CUS_0335,9955.76,network_error,wallet,1,64821.12,0.9383,0.6844,23,0,0
PAY_001965,CUS_0506,9525.8,card_declined,netbanking,2,145373.72,0.7723,0.7578,20,4,0
PAY_001966,CUS_0325,30530.61,expired_method,card,1,46070.94,0.8206,0.6795,9,3,0
PAY_001967,CUS_0318,9083.5,renewal_failed,netbanking,3,284692.9,0.8408,0.754,18,3,0
PAY_001968,CUS_0681,30144.84,insufficient_funds,netbanking,1,262089.83,0.8995,0.8915,9,1,0
PAY_001969,CUS_0059,19491.36,insufficient_funds,card,3,154680.13,0.8303,0.6988,19,6,0
PAY_001970,CUS_0447,129026.53,renewal_failed,card,2,31437.65,0.8723,0.8386,15,2,0
PAY_001971,CUS_0719,13964.6,insufficient_funds,wallet,2,283279.97,0.9059,0.6637,17,2,1
PAY_001972,CUS_0662,10287.68,expired_method,wallet,1,53821.05,0.8811,0.8487,0,0,0
PAY_001973,CUS_0701,21854.47,card_declined,wallet,3,297676.3,0.6902,0.7333,1,3,0
PAY_001974,CUS_0511,3992.95,network_error,netbanking,1,125231.16,0.7489,0.7429,10,2,0
PAY_001975,CUS_0079,8215.0,card_declined,netbanking,3,266891.46,0.8815,0.5291,19,2,0
PAY_001976,CUS_0636,56241.09,network_error,netbanking,0,314848.63,0.9728,0.6549,15,5,1
PAY_001977,CUS_0437,8551.14,expired_method,netbanking,0,117231.4,0.6434,0.8308,17,1,1
PAY_001978,CUS_0472,34954.71,insufficient_funds,wallet,0,160245.94,0.9637,0.7021,7,5,0
PAY_001979,CUS_0775,32768.51,card_declined,card,2,282795.14,0.8751,0.5713,9,6,0
PAY_001980,CUS_0317,5842.43,insufficient_funds,netbanking,0,95131.76,0.7775,0.5994,8,6,1
PAY_001981,CUS_0706,46349.52,expired_method,upi,1,166553.7,0.8077,0.5997,20,4,0
PAY_001982,CUS_0698,60625.95,network_error,wallet,1,309941.12,0.7866,0.6732,18,0,0
PAY_001983,CUS_0750,20354.36,renewal_failed,card,0,108033.3,0.905,0.6587,19,6,1
PAY_001984,CUS_0108,24922.82,card_declined,card,1,275103.85,0.8017,0.5628,17,1,0
PAY_001985,CUS_0458,14141.28,network_error,card,1,60870.27,0.8083,0.6815,17,6,0
PAY_001986,CUS_0406,26185.03,renewal_failed,card,1,69570.81,0.8534,0.7735,5,2,0
PAY_001987,CUS_0330,10253.0,network_error,upi,0,293096.83,0.8566,0.5411,17,5,1
PAY_001988,CUS_0241,26272.27,network_error,wallet,1,180640.07,0.778,0.746,11,6,0
PAY_001989,CUS_0211,24415.03,network_error,wallet,0,285732.06,0.8278,0.7426,9,4,1
PAY_001990,CUS_0380,94320.77,expired_method,upi,1,161783.1,0.6254,0.7285,5,0,0
PAY_001991,CUS_0337,13697.24,card_declined,upi,1,266375.15,0.914,0.8189,20,0,0
PAY_001992,CUS_0240,39397.72,renewal_failed,upi,1,286025.44,0.8257,0.6844,18,4,1
PAY_001993,CUS_0430,15032.87,network_error,netbanking,1,143855.82,0.7554,0.8633,13,5,0
PAY_001994,CUS_0035,2578.4,insufficient_funds,card,0,235555.72,0.8134,0.9124,9,5,1
PAY_001995,CUS_0368,7643.54,insufficient_funds,wallet,1,13960.72,0.6152,0.9047,2,5,0
PAY_001996,CUS_0198,7095.37,renewal_failed,card,1,309944.09,0.8883,0.7823,15,0,1
PAY_001997,CUS_0617,15325.88,renewal_failed,netbanking,2,35823.19,0.6456,0.6379,18,2,0
PAY_001998,CUS_0254,10647.2,insufficient_funds,wallet,1,205169.51,0.7423,0.9485,9,6,1
PAY_001999,CUS_0700,5120.13,network_error,upi,0,103874.22,0.8727,0.7504,16,6,1
PAY_002000,CUS_0589,14344.95,insufficient_funds,upi,2,256090.4,0.9119,0.6847,15,5,0
PAY_002001,CUS_0760,30144.54,renewal_failed,netbanking,0,9549.46,0.7089,0.4513,8,5,0
PAY_002002,CUS_0281,34455.67,renewal_failed,upi,1,156696.34,0.7442,0.6825,15,0,0
PAY_002003,CUS_0603,28377.84,renewal_failed,upi,2,149828.48,0.7945,0.7405,18,5,0
PAY_002004,CUS_0459,7024.77,expired_method,card,1,86972.92,0.7708,0.5383,16,2,0
PAY_002005,CUS_0114,10077.52,expired_method,wallet,2,74317.81,0.8357,0.5422,15,3,0
PAY_002006,CUS_0638,8216.33,network_error,wallet,3,25286.4,0.8473,0.7874,17,6,0
PAY_002007,CUS_0771,28676.09,expired_method,card,1,317928.83,0.5689,0.6414,18,3,0
PAY_002008,CUS_0570,18050.61,expired_method,netbanking,3,9005.91,0.854,0.6124,17,5,0
PAY_002009,CUS_0446,12681.77,renewal_failed,netbanking,2,277365.64,0.8664,0.5061,19,1,0
PAY_002010,CUS_0508,19124.72,renewal_failed,card,1,248325.49,0.9292,0.503,7,2,1
PAY_002011,CUS_0353,34700.18,renewal_failed,netbanking,0,161183.43,0.8428,0.5286,19,2,0
PAY_002012,CUS_0594,4718.77,insufficient_funds,netbanking,1,156646.77,0.8608,0.9144,19,2,0
PAY_002013,CUS_0711,22711.86,card_declined,wallet,1,231426.05,0.8984,0.561,17,0,1
PAY_002014,CUS_0618,11522.36,card_declined,upi,3,177228.67,0.9299,0.4564,20,0,0
PAY_002015,CUS_0395,26858.78,expired_method,card,1,303603.07,0.7388,0.5861,20,4,0
PAY_002016,CUS_0834,3786.83,card_declined,netbanking,1,204534.19,0.9697,0.4987,6,3,0
PAY_002017,CUS_0752,10504.92,network_error,card,1,270673.05,0.7791,0.6986,18,4,0
PAY_002018,CUS_0454,13931.61,renewal_failed,netbanking,2,32728.55,0.7945,0.5938,17,0,0
PAY_002019,CUS_0138,3666.73,card_declined,wallet,2,306645.69,0.857,0.9061,15,0,0
PAY_002020,CUS_0065,26051.01,card_declined,card,1,316374.1,0.7679,0.7973,17,2,1
PAY_002021,CUS_0581,16796.04,insufficient_funds,netbanking,1,123246.1,0.6513,0.6286,22,5,0
PAY_002022,CUS_0006,11909.61,insufficient_funds,wallet,3,10125.27,0.846,0.6632,4,6,0
PAY_002023,CUS_0413,9424.33,card_declined,upi,2,313601.7,0.6902,0.8542,10,5,0
PAY_002024,CUS_0725,10093.55,expired_method,card,1,233222.55,0.949,0.8342,11,1,0
PAY_002025,CUS_0336,74721.45,network_error,upi,2,55143.89,0.7007,0.5553,17,3,1
PAY_002026,CUS_0504,6828.35,expired_method,wallet,0,155324.88,0.8473,0.6441,18,6,0
PAY_002027,CUS_0339,9892.31,insufficient_funds,card,1,163687.66,0.8449,0.6805,17,5,0
PAY_002028,CUS_0717,9021.37,renewal_failed,card,1,238261.27,0.8616,0.6839,17,4,0
PAY_002029,CUS_0006,10719.21,expired_method,upi,1,216753.48,0.8959,0.5209,7,1,0
PAY_002030,CUS_0321,11830.81,renewal_failed,upi,1,11310.22,0.8746,0.6863,14,0,0
PAY_002031,CUS_0641,23720.6,insufficient_funds,wallet,1,33062.28,0.798,0.7193,12,3,1
PAY_002032,CUS_0228,11031.58,insufficient_funds,wallet,1,48942.81,0.6424,0.636,18,4,0
PAY_002033,CUS_0093,2131.0,insufficient_funds,upi,0,248352.3,0.8662,0.7582,16,6,0
PAY_002034,CUS_0753,9284.61,card_declined,upi,1,137461.75,0.842,0.5922,20,1,0
PAY_002035,CUS_0555,28256.52,network_error,upi,1,123958.42,0.9079,0.6137,17,6,0
PAY_002036,CUS_0021,23158.53,insufficient_funds,card,2,83962.43,0.9274,0.6451,4,4,0
PAY_002037,CUS_0773,10812.57,renewal_failed,wallet,1,298611.91,0.6938,0.5589,17,2,0
PAY_002038,CUS_0002,4385.27,renewal_failed,netbanking,1,317598.09,0.832,0.9233,11,5,0
PAY_002039,CUS_0842,27826.12,network_error,upi,1,184352.52,0.8914,0.6322,19,2,0
PAY_002040,CUS_0494,8273.13,insufficient_funds,card,1,173287.54,0.7228,0.8007,11,3,0
PAY_002041,CUS_0058,5597.26,insufficient_funds,netbanking,0,103926.54,0.8094,0.636,12,2,0
PAY_002042,CUS_0842,6101.04,expired_method,wallet,0,257904.28,0.7434,0.6413,16,2,0
PAY_002043,CUS_0576,9595.03,insufficient_funds,wallet,1,296608.53,0.7851,0.803,17,6,0
PAY_002044,CUS_0309,43987.78,expired_method,wallet,1,153225.98,0.9098,0.612,19,3,1
PAY_002045,CUS_0757,8007.84,expired_method,upi,0,105636.58,0.7608,0.7387,8,5,1
PAY_002046,CUS_0593,25215.66,expired_method,wallet,1,44610.31,0.7721,0.5405,7,3,0
PAY_002047,CUS_0028,12719.63,card_declined,card,3,245012.27,0.8493,0.8201,13,6,1
PAY_002048,CUS_0489,22699.68,card_declined,wallet,0,9799.54,0.7421,0.6828,4,1,0
PAY_002049,CUS_0302,30150.82,network_error,card,1,17030.38,0.8719,0.7519,19,4,0
PAY_002050,CUS_0703,12685.01,network_error,netbanking,0,224027.64,0.7933,0.6218,14,4,0
PAY_002051,CUS_0176,3733.54,insufficient_funds,wallet,1,187081.83,0.7911,0.8517,11,6,1
PAY_002052,CUS_0064,14513.84,expired_method,upi,1,250187.58,0.9195,0.7751,0,0,1
PAY_002053,CUS_0709,14159.76,insufficient_funds,netbanking,2,88645.3,0.8688,0.8822,19,4,0
PAY_002054,CUS_0701,10729.92,card_declined,wallet,0,39187.16,0.666,0.7831,17,4,0
PAY_002055,CUS_0539,6316.39,renewal_failed,wallet,2,10687.64,0.9173,0.6357,7,5,0
PAY_002056,CUS_0398,13886.04,insufficient_funds,netbanking,2,107850.34,0.8909,0.4874,7,3,0
PAY_002057,CUS_0733,15969.8,expired_method,card,1,42697.9,0.8287,0.9229,1,3,0
PAY_002058,CUS_0343,28665.14,insufficient_funds,upi,1,148094.48,0.9147,0.8624,18,2,1
PAY_002059,CUS_0234,15486.23,network_error,card,1,186636.78,0.8608,0.7449,11,6,1
PAY_002060,CUS_0577,13918.3,card_declined,wallet,2,171991.67,0.8179,0.6445,18,5,0
PAY_002061,CUS_0493,10813.17,insufficient_funds,upi,1,133250.56,0.9447,0.8483,19,1,0
PAY_002062,CUS_0086,7478.55,network_error,upi,0,32070.54,0.9042,0.8184,19,4,0
PAY_002063,CUS_0824,11501.71,renewal_failed,netbanking,1,302143.46,0.7227,0.5073,20,5,0
PAY_002064,CUS_0410,3220.32,card_declined,netbanking,2,179576.02,0.7676,0.7065,23,2,0
PAY_002065,CUS_0181,14865.06,network_error,upi,1,219771.74,0.654,0.7064,12,0,0
PAY_002066,CUS_0503,5471.36,network_error,netbanking,1,267599.21,0.8596,0.7639,22,2,0
PAY_002067,CUS_0325,18403.48,insufficient_funds,wallet,0,166603.84,0.9127,0.7563,17,4,0
PAY_002068,CUS_0507,18677.74,insufficient_funds,netbanking,2,218008.98,0.7715,0.9602,17,1,0
PAY_002069,CUS_0484,12332.53,expired_method,card,1,231879.0,0.8155,0.7127,10,5,1
PAY_002070,CUS_0611,29564.19,expired_method,wallet,0,278769.88,0.8086,0.7567,18,0,1
PAY_002071,CUS_0785,16731.34,expired_method,card,1,59493.56,0.7933,0.6798,17,6,1
PAY_002072,CUS_0667,5393.53,insufficient_funds,upi,1,121483.0,0.8634,0.8127,20,2,0
PAY_002073,CUS_0022,4496.49,network_error,upi,1,14273.47,0.9001,0.6479,20,6,0
PAY_002074,CUS_0223,20348.57,insufficient_funds,card,1,30877.17,0.788,0.8173,19,4,0
PAY_002075,CUS_0782,36553.35,network_error,upi,1,123415.58,0.9601,0.7599,21,5,0
PAY_002076,CUS_0337,25570.78,network_error,netbanking,1,9034.8,0.9554,0.4755,20,3,0
PAY_002077,CUS_0583,4758.83,network_error,card,1,259328.04,0.9046,0.7006,20,3,0
PAY_002078,CUS_0370,7557.35,card_declined,upi,0,258620.92,0.7296,0.5444,18,3,0
PAY_002079,CUS_0098,27952.67,card_declined,card,0,210050.96,0.9397,0.8098,5,6,0
PAY_002080,CUS_0006,29578.54,insufficient_funds,card,0,14362.96,0.775,0.6878,20,3,1
PAY_002081,CUS_0748,7612.69,expired_method,card,1,211375.98,0.9278,0.1887,13,4,1
PAY_002082,CUS_0813,16496.37,card_declined,wallet,1,270873.79,0.8376,0.8946,12,5,1
PAY_002083,CUS_0695,6044.0,insufficient_funds,wallet,1,196008.67,0.8109,0.617,17,5,1
PAY_002084,CUS_0541,24004.66,expired_method,card,1,9978.82,0.7096,0.5427,20,5,0
PAY_002085,CUS_0080,6935.78,insufficient_funds,netbanking,2,287458.15,0.5479,0.7049,19,2,0
PAY_002086,CUS_0405,31058.75,network_error,wallet,2,310212.47,0.8972,0.6174,14,5,0
PAY_002087,CUS_0121,9437.85,card_declined,card,1,156701.46,0.7225,0.5825,20,6,0
PAY_002088,CUS_0590,8063.42,insufficient_funds,wallet,2,269360.89,0.9199,0.6734,7,1,1
PAY_002089,CUS_0588,26070.72,expired_method,upi,1,275888.45,0.7617,0.8967,10,0,0
PAY_002090,CUS_0154,24379.3,network_error,wallet,2,40419.64,0.8457,0.7351,14,0,0
PAY_002091,CUS_0544,105343.94,card_declined,upi,1,242299.3,0.8358,0.8565,15,4,0
PAY_002092,CUS_0832,27314.99,network_error,card,1,87134.32,0.8881,0.801,17,2,1
PAY_002093,CUS_0833,22662.69,network_error,card,2,35408.81,0.7901,0.6731,17,6,0
PAY_002094,CUS_0229,6714.62,insufficient_funds,wallet,2,25452.22,0.7413,0.7363,15,4,1
PAY_002095,CUS_0062,2942.18,renewal_failed,upi,1,167949.11,0.6024,0.4696,18,2,0
PAY_002096,CUS_0809,42894.88,renewal_failed,upi,1,196712.6,0.8865,0.7551,17,5,1
PAY_002097,CUS_0489,42735.84,insufficient_funds,wallet,3,23593.86,0.9321,0.7067,20,3,1
PAY_002098,CUS_0664,41311.42,renewal_failed,netbanking,0,8611.09,0.8626,0.8233,23,0,1
PAY_002099,CUS_0661,12124.52,renewal_failed,netbanking,2,63111.53,0.7871,0.6373,17,3,0
PAY_002100,CUS_0770,29260.6,renewal_failed,card,1,121223.8,0.9752,0.8602,7,1,0
PAY_002101,CUS_0536,12355.79,insufficient_funds,netbanking,1,273304.19,0.8529,0.8111,16,1,1
PAY_002102,CUS_0210,16443.37,expired_method,netbanking,1,195830.36,0.8828,0.4235,19,1,1
PAY_002103,CUS_0760,12823.24,card_declined,wallet,1,152407.8,0.939,0.7583,18,4,0
PAY_002104,CUS_0696,12626.01,network_error,netbanking,3,59723.51,0.809,0.5593,8,2,1
PAY_002105,CUS_0742,15021.43,card_declined,netbanking,2,170728.98,0.7132,0.3819,12,4,0
PAY_002106,CUS_0795,5266.15,card_declined,card,1,243788.54,0.6165,0.8714,7,3,0
PAY_002107,CUS_0341,7636.46,insufficient_funds,netbanking,3,146474.44,0.7762,0.7382,16,6,0
PAY_002108,CUS_0826,8745.49,renewal_failed,upi,2,227789.86,0.8656,0.5433,16,6,0
PAY_002109,CUS_0396,9623.12,expired_method,wallet,0,60738.06,0.5991,0.7241,7,4,0
PAY_002110,CUS_0205,4556.0,network_error,upi,1,283304.73,0.827,0.8326,21,5,0
PAY_002111,CUS_0196,13770.2,card_declined,upi,1,311999.51,0.9687,0.7258,18,1,0
PAY_002112,CUS_0692,17808.56,renewal_failed,netbanking,1,210958.79,0.7761,0.8415,16,4,0
PAY_002113,CUS_0520,55100.12,renewal_failed,wallet,2,171888.88,0.7632,0.8659,9,3,0
PAY_002114,CUS_0795,18254.05,expired_method,card,2,160247.95,0.9228,0.7729,20,6,0
PAY_002115,CUS_0765,5550.39,renewal_failed,netbanking,2,22557.03,0.7442,0.7719,21,0,0
PAY_002116,CUS_0182,12454.34,renewal_failed,upi,2,224061.37,0.72,0.9109,15,6,1
PAY_002117,CUS_0406,111735.44,network_error,netbanking,1,180038.79,0.8467,0.795,7,3,1
PAY_002118,CUS_0580,3708.43,card_declined,upi,3,13804.05,0.859,0.9116,15,0,1
PAY_002119,CUS_0565,21509.25,insufficient_funds,netbanking,0,278060.47,0.8768,0.6069,4,5,0
PAY_002120,CUS_0372,30304.5,card_declined,card,1,42954.92,0.9094,0.498,7,1,1
PAY_002121,CUS_0425,44205.94,expired_method,upi,1,213148.26,0.8143,0.936,12,5,0
PAY_002122,CUS_0306,9974.43,insufficient_funds,card,2,78289.79,0.9273,0.7297,18,0,0
PAY_002123,CUS_0734,10264.17,insufficient_funds,netbanking,1,83244.48,0.9704,0.3563,13,6,0
PAY_002124,CUS_0561,31442.22,expired_method,wallet,2,97723.19,0.8983,0.8575,22,0,0
PAY_002125,CUS_0528,112992.69,insufficient_funds,wallet,2,18091.25,0.7846,0.9133,8,1,0
PAY_002126,CUS_0849,17050.25,card_declined,wallet,1,175834.56,0.7371,0.6353,22,0,0
PAY_002127,CUS_0066,2382.19,expired_method,card,1,125497.55,0.6886,0.8934,21,2,0
PAY_002128,CUS_0143,29256.12,expired_method,netbanking,0,182699.03,0.8538,0.7531,9,6,0
PAY_002129,CUS_0007,15694.05,insufficient_funds,upi,3,198382.47,0.8866,0.7555,4,6,1
PAY_002130,CUS_0360,12170.3,insufficient_funds,wallet,0,62119.71,0.911,0.7001,13,3,0
PAY_002131,CUS_0140,22222.98,card_declined,upi,1,199432.22,0.6926,0.8097,22,3,0
PAY_002132,CUS_0697,94878.17,network_error,netbanking,1,232906.02,0.8891,0.8431,9,2,1
PAY_002133,CUS_0342,28635.83,renewal_failed,card,1,283429.51,0.9329,0.8875,18,1,0
PAY_002134,CUS_0347,6949.13,renewal_failed,wallet,1,184098.77,0.6798,0.8062,23,0,0
PAY_002135,CUS_0014,11650.84,renewal_failed,card,2,78823.07,0.7636,0.5556,18,5,1
PAY_002136,CUS_0213,14940.66,expired_method,wallet,1,292325.12,0.8596,0.879,16,6,0
PAY_002137,CUS_0271,14813.8,insufficient_funds,netbanking,2,124269.44,0.7952,0.5247,18,1,1
PAY_002138,CUS_0407,44474.29,insufficient_funds,card,2,206026.49,0.9231,0.8507,11,0,0
PAY_002139,CUS_0244,15913.52,card_declined,wallet,1,224892.96,0.7701,0.7696,0,5,0
PAY_002140,CUS_0147,11725.18,expired_method,card,1,174643.19,0.7289,0.4841,7,3,0
PAY_002141,CUS_0463,11775.72,expired_method,wallet,1,287805.6,0.714,0.5302,12,3,0
PAY_002142,CUS_0107,9848.78,renewal_failed,card,1,80194.99,0.8274,0.8044,15,5,0
PAY_002143,CUS_0035,3513.48,insufficient_funds,upi,2,255167.39,0.8528,0.6567,15,2,0
PAY_002144,CUS_0235,10433.83,network_error,card,0,183960.01,0.9123,0.8698,0,2,1
PAY_002145,CUS_0135,15204.94,expired_method,upi,1,133374.4,0.8999,0.7202,20,5,0
PAY_002146,CUS_0245,25211.23,network_error,upi,1,121498.95,0.9322,0.8469,16,3,1
PAY_002147,CUS_0686,8029.19,network_error,wallet,1,56216.64,0.8146,0.6569,16,1,0
PAY_002148,CUS_0251,5419.69,card_declined,netbanking,2,185005.27,0.8202,0.7839,17,1,0
PAY_002149,CUS_0771,29067.21,renewal_failed,card,1,309546.31,0.7308,0.8756,20,6,0
PAY_002150,CUS_0576,27259.46,renewal_failed,upi,0,187713.13,0.9252,0.675,22,6,1
PAY_002151,CUS_0418,6594.52,expired_method,wallet,1,110874.65,0.7643,0.4425,7,3,0
PAY_002152,CUS_0426,4378.62,card_declined,netbanking,1,228240.11,0.7892,0.7154,9,1,0
PAY_002153,CUS_0518,8530.15,card_declined,wallet,2,267831.1,0.8847,0.7146,18,2,0
PAY_002154,CUS_0832,9004.33,renewal_failed,card,1,105361.06,0.9286,0.4317,5,0,0
PAY_002155,CUS_0032,14202.62,renewal_failed,upi,3,244815.47,0.8625,0.9812,16,6,0
PAY_002156,CUS_0743,7877.27,insufficient_funds,card,1,286283.48,0.756,0.664,20,0,0
PAY_002157,CUS_0487,20460.24,card_declined,upi,1,202214.34,0.57,0.8554,13,2,0
PAY_002158,CUS_0291,8617.18,card_declined,upi,3,221871.64,0.7634,0.7635,8,5,0
PAY_002159,CUS_0605,3894.48,insufficient_funds,upi,2,297569.69,0.9536,0.8333,13,4,0
PAY_002160,CUS_0623,2602.37,network_error,wallet,1,111708.74,0.7717,0.7761,16,6,0
PAY_002161,CUS_0578,16232.31,insufficient_funds,upi,1,244433.11,0.924,0.7463,19,3,1
PAY_002162,CUS_0042,42251.09,card_declined,card,2,195406.09,0.9186,0.7427,17,4,1
PAY_002163,CUS_0102,12692.56,network_error,wallet,0,85856.89,0.8311,0.6535,13,6,1
PAY_002164,CUS_0463,6607.21,network_error,wallet,3,197136.25,0.8246,0.8575,14,2,0
PAY_002165,CUS_0286,15193.16,card_declined,upi,2,103390.51,0.8884,0.5743,19,3,0
PAY_002166,CUS_0305,30290.41,network_error,wallet,1,247158.11,0.7969,0.636,9,0,0
PAY_002167,CUS_0492,2471.85,expired_method,upi,2,288537.79,0.8561,0.9032,10,2,0
PAY_002168,CUS_0424,14603.37,renewal_failed,netbanking,1,266090.97,0.8491,0.7717,22,0,1
PAY_002169,CUS_0178,14461.58,insufficient_funds,upi,1,209779.42,0.9936,0.6668,9,6,0
PAY_002170,CUS_0541,40059.42,network_error,wallet,2,102998.11,0.899,0.7162,14,3,0
PAY_002171,CUS_0829,10889.08,card_declined,card,2,130406.49,0.789,0.6765,17,3,0
PAY_002172,CUS_0079,37434.32,network_error,upi,2,78199.35,0.6784,0.6139,4,4,0
PAY_002173,CUS_0082,101233.43,renewal_failed,card,2,294381.03,0.7899,0.5564,14,0,1
PAY_002174,CUS_0492,41113.81,card_declined,upi,2,106634.73,0.8421,0.7912,19,5,0
PAY_002175,CUS_0685,5743.99,renewal_failed,card,2,78574.46,0.9311,0.6931,6,6,0
PAY_002176,CUS_0766,11782.09,card_declined,upi,1,27654.75,0.8434,0.5851,18,2,0
PAY_002177,CUS_0118,22662.8,renewal_failed,netbanking,2,136344.43,0.8864,0.7267,18,4,0
PAY_002178,CUS_0711,71825.23,expired_method,card,1,262375.1,0.751,0.7003,19,5,1
PAY_002179,CUS_0549,68143.37,renewal_failed,netbanking,3,149841.5,0.7194,0.4915,18,0,0
PAY_002180,CUS_0466,24658.71,expired_method,upi,2,217545.44,0.9325,0.8905,19,2,0
PAY_002181,CUS_0689,6705.14,expired_method,card,2,80394.83,0.852,0.5341,16,5,0
PAY_002182,CUS_0398,19749.03,expired_method,upi,3,182782.68,0.8339,0.6798,8,4,1
PAY_002183,CUS_0235,39236.05,expired_method,netbanking,3,234145.7,0.8084,0.597,18,6,0
PAY_002184,CUS_0580,18498.87,expired_method,card,0,188446.03,0.8044,0.4562,16,6,1
PAY_002185,CUS_0651,10222.55,renewal_failed,card,1,169750.86,0.642,0.7688,16,3,0
PAY_002186,CUS_0055,12145.97,network_error,card,2,219821.39,0.618,0.571,12,3,0
PAY_002187,CUS_0195,32959.6,insufficient_funds,card,0,114517.23,0.5002,0.8449,16,3,0
PAY_002188,CUS_0185,15725.57,expired_method,netbanking,2,251059.31,0.9391,0.8807,18,6,0
PAY_002189,CUS_0376,5061.78,expired_method,card,2,33756.93,0.8586,0.7279,12,3,0
PAY_002190,CUS_0387,2503.43,insufficient_funds,card,0,221624.01,0.9519,0.5778,5,5,0
PAY_002191,CUS_0040,19853.41,insufficient_funds,wallet,0,100590.56,0.9299,0.7349,9,2,0
PAY_002192,CUS_0677,6112.83,insufficient_funds,wallet,1,208895.39,0.8141,0.7725,8,4,1
PAY_002193,CUS_0607,5550.45,renewal_failed,upi,2,212454.33,0.7257,0.6589,13,6,0
PAY_002194,CUS_0542,22656.07,network_error,netbanking,1,242111.34,0.6997,0.7007,9,6,0
PAY_002195,CUS_0208,4662.82,network_error,netbanking,0,248524.79,0.7968,0.5599,12,2,0
PAY_002196,CUS_0231,90465.98,network_error,netbanking,2,35880.39,0.8551,0.6452,19,1,0
PAY_002197,CUS_0791,88466.52,renewal_failed,upi,2,241588.75,0.6425,0.6827,20,0,1
PAY_002198,CUS_0440,11093.11,expired_method,card,0,314250.73,0.9352,0.9013,18,3,0
PAY_002199,CUS_0622,6217.08,network_error,wallet,1,211877.5,0.8464,0.6101,10,1,0
PAY_002200,CUS_0091,30187.27,renewal_failed,netbanking,1,153583.43,0.8337,0.654,9,6,0
PAY_002201,CUS_0360,2850.92,insufficient_funds,card,2,311939.34,0.8925,0.7738,15,5,0
PAY_002202,CUS_0624,31297.57,renewal_failed,wallet,2,204925.11,0.7353,0.6915,6,5,0
PAY_002203,CUS_0522,36246.7,card_declined,card,2,165598.9,0.5626,0.5838,15,4,0
PAY_002204,CUS_0631,22519.77,card_declined,upi,3,187614.62,0.6789,0.7997,18,4,0
PAY_002205,CUS_0134,27699.97,card_declined,netbanking,1,99975.54,0.8631,0.4792,17,2,0
PAY_002206,CUS_0539,15937.39,network_error,card,2,171017.45,0.6398,0.8202,4,2,0
PAY_002207,CUS_0268,25302.5,network_error,wallet,2,77652.42,0.735,0.795,15,6,0
PAY_002208,CUS_0705,39449.35,expired_method,card,2,48265.88,0.8076,0.8772,6,0,1
PAY_002209,CUS_0683,23883.48,expired_method,netbanking,1,149734.75,0.7462,0.7899,16,0,1
PAY_002210,CUS_0016,8793.17,network_error,upi,1,249183.79,0.7679,0.5022,16,0,0
PAY_002211,CUS_0677,86479.69,card_declined,netbanking,0,140262.3,0.9424,0.8032,15,1,0
PAY_002212,CUS_0605,17485.67,card_declined,card,3,105775.33,0.9103,0.5801,19,4,1
PAY_002213,CUS_0620,4868.46,expired_method,wallet,1,302474.02,0.5239,0.8507,20,2,0
PAY_002214,CUS_0594,17403.84,renewal_failed,netbanking,0,224694.93,0.8398,0.8596,22,4,1
PAY_002215,CUS_0073,16018.02,insufficient_funds,upi,0,85197.81,0.7403,0.7473,18,1,1
PAY_002216,CUS_0798,15026.62,card_declined,card,2,192179.05,0.8968,0.4843,23,0,0
PAY_002217,CUS_0653,17699.83,card_declined,card,2,224694.98,0.8951,0.7967,8,4,0
PAY_002218,CUS_0269,31468.19,expired_method,netbanking,1,35595.34,0.7582,0.6951,21,4,0
PAY_002219,CUS_0809,11215.49,renewal_failed,upi,2,33473.13,0.8658,0.8985,17,6,1
PAY_002220,CUS_0073,31256.99,network_error,wallet,1,203691.79,0.7826,0.6529,19,4,1
PAY_002221,CUS_0530,16698.79,insufficient_funds,wallet,1,168156.8,0.7934,0.9203,14,4,0
PAY_002222,CUS_0781,35865.36,renewal_failed,upi,3,161893.87,0.9256,0.8498,16,6,1
PAY_002223,CUS_0157,10570.85,renewal_failed,card,1,318270.93,0.9739,0.7349,7,6,1
PAY_002224,CUS_0637,9109.09,renewal_failed,netbanking,2,219655.8,0.689,0.5625,18,6,0
PAY_002225,CUS_0038,12434.2,card_declined,netbanking,1,159132.09,0.761,0.675,6,6,0
PAY_002226,CUS_0220,76103.28,card_declined,netbanking,1,103907.1,0.975,0.7081,15,2,0
PAY_002227,CUS_0318,28859.05,network_error,netbanking,2,116278.23,0.8501,0.8136,15,1,0
PAY_002228,CUS_0521,38179.86,insufficient_funds,card,0,24770.24,0.7607,0.6163,17,5,0
PAY_002229,CUS_0548,7796.09,expired_method,upi,2,105146.89,0.7524,0.5442,17,5,1
PAY_002230,CUS_0474,52925.09,expired_method,netbanking,1,95175.59,0.9014,0.871,17,6,0
PAY_002231,CUS_0789,18522.6,insufficient_funds,upi,2,125757.59,0.9527,0.8624,9,5,0
PAY_002232,CUS_0825,8777.0,renewal_failed,card,3,103399.16,0.8168,0.8049,18,4,0
PAY_002233,CUS_0430,12327.56,expired_method,upi,1,66984.18,0.8943,0.6131,8,0,1
PAY_002234,CUS_0462,5079.45,network_error,netbanking,0,290884.63,0.86,0.8537,9,3,0
PAY_002235,CUS_0105,14609.69,expired_method,netbanking,0,237812.06,0.8898,0.5341,11,3,1
PAY_002236,CUS_0762,29674.46,card_declined,netbanking,0,252391.25,0.8552,0.8989,20,0,1
PAY_002237,CUS_0680,12996.78,expired_method,netbanking,1,95308.51,0.8458,0.7537,17,4,0
PAY_002238,CUS_0174,7851.14,expired_method,upi,1,207626.6,0.9294,0.9036,19,2,0
PAY_002239,CUS_0005,8798.34,card_declined,card,1,212403.05,0.9363,0.6693,21,1,0
PAY_002240,CUS_0367,5259.21,renewal_failed,card,1,271840.34,0.7715,0.4631,9,2,0
PAY_002241,CUS_0214,10153.51,renewal_failed,upi,1,55998.22,0.7729,0.7115,12,2,0
PAY_002242,CUS_0766,25321.47,card_declined,wallet,1,8302.38,0.8276,0.7635,17,4,0
PAY_002243,CUS_0039,4671.83,renewal_failed,wallet,2,163013.17,0.9329,0.7797,9,0,0
PAY_002244,CUS_0422,10168.42,card_declined,wallet,2,114042.94,0.6079,0.5329,19,1,1
PAY_002245,CUS_0165,21785.45,card_declined,netbanking,3,100959.32,0.8759,0.7935,17,4,0
PAY_002246,CUS_0282,8756.33,insufficient_funds,wallet,1,230813.67,0.8857,0.7073,17,5,0
PAY_002247,CUS_0477,10436.13,network_error,netbanking,0,247498.58,0.8294,0.7843,0,1,1
PAY_002248,CUS_0559,11001.39,card_declined,upi,2,112319.96,0.8401,0.8565,10,6,0
PAY_002249,CUS_0535,18749.79,network_error,card,1,239268.33,0.8444,0.8366,21,6,1
PAY_002250,CUS_0704,18587.36,renewal_failed,netbanking,0,58961.82,0.8349,0.418,19,0,0
PAY_002251,CUS_0715,6197.86,insufficient_funds,card,1,296425.91,0.8511,0.6489,9,5,1
PAY_002252,CUS_0733,16397.34,network_error,card,2,199445.61,0.7915,0.8217,20,6,1
PAY_002253,CUS_0717,14217.52,renewal_failed,netbanking,2,32862.19,0.9754,0.6346,12,2,1
PAY_002254,CUS_0761,37421.19,network_error,card,1,239210.0,0.8378,0.6557,18,6,0
PAY_002255,CUS_0839,16727.82,card_declined,netbanking,3,126816.99,0.7087,0.5989,18,5,0
PAY_002256,CUS_0520,2692.07,expired_method,upi,2,240750.56,0.779,0.8495,14,3,0
PAY_002257,CUS_0144,15214.78,insufficient_funds,netbanking,1,102291.75,0.9035,0.8843,10,5,0
PAY_002258,CUS_0755,9310.29,insufficient_funds,card,1,115711.76,0.9302,0.5847,9,0,0
PAY_002259,CUS_0519,6789.22,insufficient_funds,card,0,121396.7,0.8977,0.7376,18,2,1
PAY_002260,CUS_0402,2065.41,card_declined,upi,1,213622.2,0.6025,0.8366,10,6,1
PAY_002261,CUS_0705,16432.74,card_declined,upi,0,166891.37,0.9581,0.6849,5,1,0
PAY_002262,CUS_0820,6909.81,insufficient_funds,netbanking,1,72896.34,0.9514,0.8711,18,1,1
PAY_002263,CUS_0074,5044.22,card_declined,upi,1,170924.46,0.8471,0.7632,7,4,1
PAY_002264,CUS_0379,10115.28,card_declined,wallet,1,221813.43,0.7223,0.7396,19,2,1
PAY_002265,CUS_0008,16592.59,insufficient_funds,wallet,0,275386.3,0.7918,0.6088,16,0,1
PAY_002266,CUS_0418,11801.19,insufficient_funds,netbanking,1,234077.8,0.7608,0.8105,11,1,0
PAY_002267,CUS_0114,53589.04,renewal_failed,card,2,267943.02,0.7433,0.8804,20,3,0
PAY_002268,CUS_0491,56114.99,card_declined,wallet,2,103441.99,0.8627,0.8085,14,2,0
PAY_002269,CUS_0395,10662.71,network_error,wallet,2,179195.88,0.716,0.677,16,4,0
PAY_002270,CUS_0364,11801.9,insufficient_funds,wallet,0,223643.73,0.7643,0.6801,8,6,1
PAY_002271,CUS_0699,12379.98,renewal_failed,card,2,254933.38,0.8396,0.5057,19,3,1
PAY_002272,CUS_0836,24978.3,renewal_failed,wallet,2,312996.2,0.7543,0.679,14,6,0
PAY_002273,CUS_0370,18483.0,expired_method,upi,1,227089.28,0.9776,0.6522,4,5,0
PAY_002274,CUS_0611,109687.2,expired_method,netbanking,2,297575.53,0.7781,0.7094,4,0,0
PAY_002275,CUS_0713,15641.22,network_error,upi,1,245844.51,0.8143,0.8215,6,3,1
PAY_002276,CUS_0182,12667.19,expired_method,upi,3,319010.12,0.7503,0.9191,12,5,0
PAY_002277,CUS_0791,15914.01,renewal_failed,card,2,130822.69,0.9615,0.4935,15,2,0
PAY_002278,CUS_0256,27160.84,network_error,netbanking,1,299433.98,0.9042,0.86,6,0,1
PAY_002279,CUS_0411,33855.38,insufficient_funds,card,2,88209.86,0.9602,0.5125,19,2,1
PAY_002280,CUS_0173,9719.24,network_error,wallet,1,90948.7,0.7391,0.794,21,1,1
PAY_002281,CUS_0520,5868.26,insufficient_funds,card,2,14030.15,0.9044,0.8364,16,2,0
PAY_002282,CUS_0262,52377.27,card_declined,card,2,148334.11,0.7613,0.6386,6,5,0
PAY_002283,CUS_0670,3515.99,card_declined,wallet,2,125855.7,0.8779,0.8417,9,4,0
PAY_002284,CUS_0624,4180.86,insufficient_funds,upi,0,298935.54,0.6894,0.5692,14,0,0
PAY_002285,CUS_0257,11647.09,network_error,wallet,2,165770.44,0.9151,0.8177,17,4,0
PAY_002286,CUS_0401,17172.44,expired_method,netbanking,0,80559.37,0.8249,0.6803,23,2,0
PAY_002287,CUS_0540,54410.13,card_declined,card,2,229418.58,0.7306,0.6849,17,6,0
PAY_002288,CUS_0798,23301.75,insufficient_funds,upi,1,168871.87,0.9489,0.5135,18,4,1
PAY_002289,CUS_0729,13214.1,expired_method,wallet,2,229046.36,0.7814,0.8824,12,5,1
PAY_002290,CUS_0223,28164.05,network_error,wallet,1,111878.06,0.7841,0.7921,9,6,0
PAY_002291,CUS_0717,7430.32,expired_method,upi,3,246518.03,0.84,0.6582,19,6,0
PAY_002292,CUS_0785,8720.5,expired_method,netbanking,0,172578.26,0.7722,0.6765,2,3,0
PAY_002293,CUS_0641,5359.77,insufficient_funds,upi,0,235263.85,0.7676,0.7763,19,3,0
PAY_002294,CUS_0839,34589.75,network_error,wallet,1,89340.82,0.8316,0.4326,16,6,1
PAY_002295,CUS_0587,4644.67,network_error,netbanking,1,77498.53,0.8673,0.672,21,6,0
PAY_002296,CUS_0726,7111.05,renewal_failed,netbanking,1,132584.8,0.886,0.7983,16,3,0
PAY_002297,CUS_0231,26860.91,insufficient_funds,upi,3,235309.23,0.8338,0.5808,18,5,0
PAY_002298,CUS_0720,21744.32,card_declined,netbanking,1,280329.07,0.8808,0.7735,18,4,0
PAY_002299,CUS_0088,30518.44,renewal_failed,upi,1,148830.31,0.8523,0.7761,8,6,0
PAY_002300,CUS_0121,9256.79,network_error,card,0,160502.01,0.9243,0.8354,22,0,0
PAY_002301,CUS_0129,10509.98,insufficient_funds,wallet,0,240980.46,0.8302,0.8754,17,5,0
PAY_002302,CUS_0197,7639.82,renewal_failed,wallet,1,315913.35,0.8332,0.7449,15,2,0
PAY_002303,CUS_0068,15395.78,insufficient_funds,card,1,29896.76,0.8885,0.8736,16,1,0
PAY_002304,CUS_0250,21040.86,expired_method,upi,1,252042.59,0.6365,0.8803,19,6,0
PAY_002305,CUS_0308,14633.45,expired_method,card,1,316168.46,0.9158,0.8746,3,1,1
PAY_002306,CUS_0129,21924.94,renewal_failed,upi,1,191694.01,0.7503,0.6378,12,4,0
PAY_002307,CUS_0444,10694.82,insufficient_funds,upi,2,258103.0,0.817,0.6601,18,1,0
PAY_002308,CUS_0387,4968.26,expired_method,netbanking,2,288100.18,0.7767,0.6838,8,1,0
PAY_002309,CUS_0593,15208.29,renewal_failed,card,2,35948.93,0.9094,0.9306,15,1,1
PAY_002310,CUS_0800,25754.34,card_declined,upi,0,298488.16,0.755,0.7107,4,2,0
PAY_002311,CUS_0699,37795.99,expired_method,netbanking,3,160902.21,0.7771,0.6171,3,6,0
PAY_002312,CUS_0592,11948.41,card_declined,upi,2,289651.88,0.852,0.7523,18,5,0
PAY_002313,CUS_0209,30915.27,renewal_failed,upi,1,28735.58,0.7652,0.5426,22,2,0
PAY_002314,CUS_0598,14747.01,insufficient_funds,wallet,2,12240.75,0.8223,0.8245,8,0,1
PAY_002315,CUS_0705,1508.46,expired_method,card,1,258877.43,0.708,0.7163,16,6,0
PAY_002316,CUS_0784,34688.63,expired_method,wallet,0,136481.97,0.8712,0.4889,10,6,0
PAY_002317,CUS_0369,18886.54,expired_method,upi,0,207740.97,0.7783,0.4473,18,4,0
PAY_002318,CUS_0807,31277.32,renewal_failed,wallet,1,231437.25,0.7591,0.4641,17,1,0
PAY_002319,CUS_0705,15514.45,network_error,card,1,263494.6,0.9622,0.8736,19,3,0
PAY_002320,CUS_0104,8840.23,insufficient_funds,wallet,1,151131.32,0.8866,0.8786,11,5,1
PAY_002321,CUS_0743,9812.57,insufficient_funds,upi,0,94158.74,0.8236,0.7217,16,0,1
PAY_002322,CUS_0578,19010.64,card_declined,netbanking,1,85690.06,0.7003,0.8151,19,6,0
PAY_002323,CUS_0614,14207.25,insufficient_funds,card,2,45801.11,0.7697,0.691,8,6,0
PAY_002324,CUS_0846,10983.73,card_declined,wallet,2,49094.99,0.8059,0.7191,2,3,0
PAY_002325,CUS_0499,17725.81,network_error,card,1,179085.91,0.9088,0.6965,8,4,1
PAY_002326,CUS_0457,5908.27,insufficient_funds,netbanking,3,167880.89,0.821,0.7672,16,3,1
PAY_002327,CUS_0768,13197.0,renewal_failed,wallet,1,97446.05,0.7866,0.6516,20,4,0
PAY_002328,CUS_0796,30380.41,expired_method,upi,1,193002.15,0.9197,0.8195,7,2,1
PAY_002329,CUS_0344,21065.35,card_declined,upi,2,15018.37,0.5157,0.6398,10,0,0
PAY_002330,CUS_0068,35113.75,insufficient_funds,card,0,121224.04,0.7922,0.7452,1,0,1
PAY_002331,CUS_0667,8695.24,expired_method,card,0,85480.23,0.9235,0.8602,11,3,1
PAY_002332,CUS_0421,12223.24,renewal_failed,wallet,2,117679.51,0.8547,0.6977,18,1,1
PAY_002333,CUS_0831,15553.41,network_error,upi,3,200178.31,0.7443,0.8939,19,6,0
PAY_002334,CUS_0118,8804.77,card_declined,card,1,291853.1,0.9014,0.634,14,3,1
PAY_002335,CUS_0183,36445.35,insufficient_funds,upi,0,162155.43,0.834,0.7354,10,1,0
PAY_002336,CUS_0068,20753.17,renewal_failed,netbanking,2,239119.46,0.772,0.9345,12,5,0
PAY_002337,CUS_0294,36478.94,expired_method,netbanking,0,56718.36,0.8198,0.6978,14,3,0
PAY_002338,CUS_0384,4581.49,network_error,upi,0,171495.96,0.7312,0.7743,14,4,0
PAY_002339,CUS_0678,22284.2,card_declined,card,1,207706.6,0.8587,0.5368,19,5,0
PAY_002340,CUS_0269,11428.11,insufficient_funds,wallet,1,232385.18,0.9422,0.8482,6,1,1
PAY_002341,CUS_0511,4788.43,expired_method,card,0,65232.72,0.8499,0.4122,8,6,0
PAY_002342,CUS_0282,11897.67,expired_method,wallet,1,296007.69,0.7214,0.6544,8,1,1
PAY_002343,CUS_0588,4875.83,renewal_failed,wallet,0,58522.9,0.9139,0.7505,15,2,1
PAY_002344,CUS_0787,8712.8,insufficient_funds,netbanking,1,269911.24,0.9465,0.7478,20,0,0
PAY_002345,CUS_0386,13869.16,expired_method,card,1,86014.04,0.8319,0.7506,19,2,1
PAY_002346,CUS_0702,11156.55,renewal_failed,wallet,0,171179.37,0.8662,0.9036,20,1,1
PAY_002347,CUS_0498,4246.89,card_declined,card,0,153636.19,0.686,0.7453,16,3,1
PAY_002348,CUS_0373,21928.96,renewal_failed,wallet,3,290534.36,0.9349,0.7918,7,1,0
PAY_002349,CUS_0731,6092.19,insufficient_funds,netbanking,1,171575.09,0.6536,0.7201,10,0,0
PAY_002350,CUS_0777,8046.67,expired_method,netbanking,1,48496.62,0.8097,0.7066,18,4,0
PAY_002351,CUS_0034,3972.55,network_error,upi,0,309128.62,0.8336,0.5568,10,3,0
PAY_002352,CUS_0302,3479.8,network_error,upi,1,72142.45,0.8991,0.8585,19,6,0
PAY_002353,CUS_0618,21980.43,expired_method,upi,0,193066.89,0.6546,0.8672,16,0,1
PAY_002354,CUS_0415,33230.65,card_declined,upi,1,98844.87,0.574,0.7356,21,3,1
PAY_002355,CUS_0527,9561.35,card_declined,netbanking,2,297877.16,0.861,0.6632,9,5,0
PAY_002356,CUS_0051,5665.65,network_error,upi,1,205969.74,0.7706,0.9366,14,1,1
PAY_002357,CUS_0461,8084.85,expired_method,upi,1,223880.16,0.8482,0.8313,7,6,0
PAY_002358,CUS_0747,32444.53,renewal_failed,card,1,204828.16,0.7865,0.9029,18,1,0
PAY_002359,CUS_0742,20271.11,network_error,card,0,104525.04,0.8148,0.5427,18,4,0
PAY_002360,CUS_0190,6893.5,card_declined,wallet,0,91830.71,0.885,0.7761,18,5,0
PAY_002361,CUS_0433,9056.06,card_declined,netbanking,0,38056.4,0.7454,0.6288,18,6,0
PAY_002362,CUS_0491,4306.49,expired_method,netbanking,2,78118.27,0.7645,0.8882,17,3,0
PAY_002363,CUS_0681,13642.81,card_declined,upi,1,68312.26,0.9338,0.5156,21,3,0
PAY_002364,CUS_0203,28116.32,insufficient_funds,wallet,1,238073.28,0.8514,0.6399,14,5,1
PAY_002365,CUS_0280,16847.04,expired_method,upi,2,81162.91,0.909,0.6341,15,6,0
PAY_002366,CUS_0104,7591.3,card_declined,netbanking,0,209461.05,0.8577,0.9553,15,0,0
PAY_002367,CUS_0068,47979.87,renewal_failed,netbanking,0,237489.02,0.9509,0.7987,18,2,0
PAY_002368,CUS_0661,1298.7,card_declined,netbanking,1,204004.12,0.8888,0.845,3,4,1
PAY_002369,CUS_0181,21160.01,expired_method,upi,0,167813.26,0.7418,0.7786,16,0,0
PAY_002370,CUS_0442,10361.67,renewal_failed,card,0,102360.48,0.9098,0.6023,18,6,0
PAY_002371,CUS_0179,9625.8,network_error,upi,1,216475.62,0.8523,0.794,19,1,0
PAY_002372,CUS_0762,38869.64,insufficient_funds,wallet,1,148728.0,0.8871,0.6976,16,5,0
PAY_002373,CUS_0106,24070.24,expired_method,wallet,3,12453.4,0.7508,0.7107,19,2,0
PAY_002374,CUS_0676,11759.46,card_declined,netbanking,0,196137.78,0.8258,0.6629,6,1,0
PAY_002375,CUS_0208,32968.9,network_error,card,1,236147.56,0.8358,0.687,16,6,0
PAY_002376,CUS_0233,48124.02,expired_method,upi,2,152531.42,0.8528,0.675,18,5,0
PAY_002377,CUS_0436,12985.94,network_error,wallet,0,163165.1,0.5611,0.7493,10,2,0
PAY_002378,CUS_0788,21471.8,expired_method,card,1,175893.11,0.754,0.8221,7,4,1
PAY_002379,CUS_0564,82507.09,insufficient_funds,netbanking,2,227901.87,0.833,0.7917,13,2,0
PAY_002380,CUS_0834,35405.01,expired_method,upi,1,303924.78,0.7458,0.9365,20,3,0
PAY_002381,CUS_0234,22822.78,network_error,wallet,1,197589.98,0.7327,0.7587,16,6,0
PAY_002382,CUS_0005,2855.74,insufficient_funds,netbanking,2,92847.18,0.954,0.7916,18,1,0
PAY_002383,CUS_0711,3256.18,insufficient_funds,upi,2,37224.33,0.6876,0.7999,7,3,0
PAY_002384,CUS_0585,16592.36,network_error,netbanking,1,248236.29,0.8587,0.6852,18,3,0
PAY_002385,CUS_0375,27588.84,expired_method,card,2,182455.91,0.9067,0.7961,10,4,1
PAY_002386,CUS_0465,20722.26,expired_method,upi,3,221049.19,0.915,0.6661,21,5,0
PAY_002387,CUS_0242,19295.99,insufficient_funds,wallet,2,283985.62,0.8062,0.6176,21,0,1
PAY_002388,CUS_0299,48851.7,network_error,wallet,2,248350.74,0.6436,0.6305,17,5,0
PAY_002389,CUS_0011,37249.01,card_declined,wallet,1,313680.4,0.7435,0.7726,12,0,0
PAY_002390,CUS_0736,19326.18,insufficient_funds,card,1,121947.66,0.852,0.635,19,0,0
PAY_002391,CUS_0242,12916.52,renewal_failed,card,1,310700.16,0.7063,0.6486,16,4,0
PAY_002392,CUS_0005,36168.51,expired_method,netbanking,2,16492.25,0.3326,0.8247,19,3,0
PAY_002393,CUS_0543,12360.52,insufficient_funds,wallet,0,66899.32,0.7114,0.8006,20,4,0
PAY_002394,CUS_0459,9100.7,card_declined,card,0,93583.49,0.8518,0.3259,15,4,0
PAY_002395,CUS_0546,9228.59,insufficient_funds,card,1,152552.06,0.8114,0.9115,15,3,0
PAY_002396,CUS_0066,16389.99,card_declined,wallet,1,58038.26,0.8936,0.6444,14,2,0
PAY_002397,CUS_0843,15253.21,expired_method,upi,1,236997.0,0.7085,0.8503,15,4,0
PAY_002398,CUS_0287,9406.82,expired_method,wallet,1,190069.78,0.8667,0.9399,18,4,0
PAY_002399,CUS_0796,8252.83,expired_method,card,2,271109.42,0.8617,0.6715,19,4,1
PAY_002400,CUS_0343,8460.14,insufficient_funds,wallet,1,227686.23,0.8876,0.4511,2,4,1
PAY_002401,CUS_0094,7728.89,card_declined,upi,0,262909.01,0.7398,0.5295,10,6,0
PAY_002402,CUS_0771,10085.29,renewal_failed,netbanking,1,243183.17,0.6494,0.5906,17,4,0
PAY_002403,CUS_0589,3126.5,card_declined,netbanking,3,209280.15,0.9209,0.6855,6,5,0
PAY_002404,CUS_0770,10411.35,insufficient_funds,upi,1,197457.97,0.9501,0.9244,10,6,1
PAY_002405,CUS_0092,4874.37,renewal_failed,wallet,2,308189.68,0.7806,0.5651,12,5,0
PAY_002406,CUS_0124,5179.32,insufficient_funds,netbanking,2,281441.56,0.756,0.7939,11,2,0
PAY_002407,CUS_0434,18807.4,network_error,netbanking,2,244848.7,0.8191,0.5168,18,0,0
PAY_002408,CUS_0140,15283.25,expired_method,upi,0,177096.25,0.8821,0.6483,17,6,1
PAY_002409,CUS_0079,6526.4,insufficient_funds,netbanking,1,217919.9,0.8872,0.7579,8,1,0
PAY_002410,CUS_0206,16695.91,renewal_failed,netbanking,1,190943.35,0.8899,0.7496,12,5,0
PAY_002411,CUS_0334,7099.8,renewal_failed,netbanking,1,34526.97,0.8463,0.6934,9,6,0
PAY_002412,CUS_0833,8591.18,card_declined,card,1,204403.66,0.6484,0.4942,9,4,0
PAY_002413,CUS_0797,15778.49,renewal_failed,upi,1,303622.96,0.773,0.6425,7,3,0
PAY_002414,CUS_0511,15444.96,expired_method,netbanking,1,258574.64,0.8463,0.4149,8,2,0
PAY_002415,CUS_0510,43959.01,card_declined,upi,1,161564.68,0.871,0.4888,11,6,0
PAY_002416,CUS_0463,8072.96,expired_method,upi,1,164260.04,0.9166,0.7485,14,0,1
PAY_002417,CUS_0742,5173.07,insufficient_funds,card,1,150603.13,0.8994,0.7329,7,6,0
PAY_002418,CUS_0521,7146.49,insufficient_funds,upi,1,87961.45,0.7804,0.7704,6,6,0
PAY_002419,CUS_0370,8445.31,renewal_failed,netbanking,2,145023.5,0.9012,0.4165,7,0,0
PAY_002420,CUS_0138,10092.45,renewal_failed,upi,3,261752.38,0.8553,0.825,10,2,1
PAY_002421,CUS_0624,23655.11,renewal_failed,wallet,1,107216.59,0.7864,0.8575,6,6,0
PAY_002422,CUS_0781,18433.23,expired_method,card,1,160154.96,0.7389,0.8502,9,1,0
PAY_002423,CUS_0241,5652.07,card_declined,netbanking,2,66043.83,0.8705,0.7318,5,3,0
PAY_002424,CUS_0820,76475.39,renewal_failed,wallet,3,73438.0,0.7874,0.8129,21,4,0
PAY_002425,CUS_0195,15051.91,renewal_failed,upi,1,292520.6,0.9047,0.7046,19,0,0
PAY_002426,CUS_0628,9841.07,expired_method,card,1,183917.5,0.791,0.4568,19,0,0
PAY_002427,CUS_0122,24937.67,network_error,card,0,68127.2,0.9752,0.7971,17,0,0
PAY_002428,CUS_0181,32088.14,renewal_failed,wallet,3,315216.74,0.8701,0.8106,10,5,0
PAY_002429,CUS_0050,17337.04,insufficient_funds,netbanking,0,290676.03,0.6759,0.7541,20,0,0
PAY_002430,CUS_0769,5721.17,insufficient_funds,card,1,129633.95,0.8471,0.862,1,3,0
PAY_002431,CUS_0515,14723.94,expired_method,card,1,298557.82,0.8075,0.5808,16,6,0
PAY_002432,CUS_0773,5142.24,insufficient_funds,card,0,192779.78,0.7743,0.6859,3,6,1
PAY_002433,CUS_0821,18377.09,network_error,card,1,15684.4,0.6434,0.9169,17,2,0
PAY_002434,CUS_0452,38953.87,network_error,wallet,1,31984.03,0.8687,0.5797,10,6,0
PAY_002435,CUS_0369,11409.75,network_error,card,0,292391.61,0.8695,0.6366,18,1,0
PAY_002436,CUS_0228,16867.23,card_declined,netbanking,1,148367.21,0.7341,0.8213,19,4,0
PAY_002437,CUS_0096,4749.3,insufficient_funds,netbanking,1,115085.52,0.8981,0.4886,10,1,1
PAY_002438,CUS_0230,6988.09,expired_method,card,2,153176.93,0.9596,0.5491,22,5,0
PAY_002439,CUS_0311,11531.5,renewal_failed,wallet,1,199233.96,0.7676,0.8257,22,5,0
PAY_002440,CUS_0059,5776.68,network_error,netbanking,1,87814.94,0.7682,0.7555,20,6,0
PAY_002441,CUS_0577,19902.82,renewal_failed,upi,1,134064.74,0.8488,0.8027,15,5,0
PAY_002442,CUS_0186,16150.79,expired_method,card,1,288720.45,0.7305,0.6631,15,2,1
PAY_002443,CUS_0544,10742.29,insufficient_funds,upi,1,259783.44,0.7559,0.7155,5,3,0
PAY_002444,CUS_0634,36868.74,card_declined,card,2,248870.29,0.8983,0.7384,9,5,0
PAY_002445,CUS_0424,11886.55,network_error,wallet,1,180189.39,0.8271,0.5747,12,1,0
PAY_002446,CUS_0097,4420.25,renewal_failed,wallet,1,24079.47,0.9438,0.5674,20,4,1
PAY_002447,CUS_0560,3793.69,insufficient_funds,upi,0,54695.92,0.8703,0.9162,7,6,1
PAY_002448,CUS_0436,20591.59,renewal_failed,upi,0,127193.18,0.6282,0.6403,6,6,0
PAY_002449,CUS_0833,8495.95,card_declined,card,1,185034.98,0.8395,0.8041,15,6,0
PAY_002450,CUS_0478,2627.45,renewal_failed,wallet,1,19242.49,0.6796,0.6656,17,0,0
PAY_002451,CUS_0134,27983.7,expired_method,card,1,84473.67,0.7589,0.8185,18,4,0
PAY_002452,CUS_0593,14184.04,network_error,netbanking,1,283937.96,0.7591,0.3813,17,1,1
PAY_002453,CUS_0610,35470.89,network_error,wallet,0,126042.7,0.7767,0.6221,22,2,0
PAY_002454,CUS_0534,9716.92,expired_method,netbanking,2,291697.45,0.6797,0.7617,17,5,0
PAY_002455,CUS_0297,38083.98,card_declined,card,3,250377.41,0.8751,0.8422,11,4,0
PAY_002456,CUS_0221,9919.85,insufficient_funds,card,2,17381.32,0.7329,0.8565,16,4,1
PAY_002457,CUS_0650,6875.85,expired_method,card,1,128930.34,0.9162,0.775,15,2,1
PAY_002458,CUS_0081,22160.72,renewal_failed,upi,0,80621.23,0.9417,0.8294,20,0,1
PAY_002459,CUS_0207,5618.92,insufficient_funds,wallet,2,74101.53,0.897,0.5993,3,6,1
PAY_002460,CUS_0344,36001.33,expired_method,upi,1,145021.51,0.811,0.8754,7,0,0
PAY_002461,CUS_0253,10950.22,network_error,wallet,1,180725.98,0.8875,0.6594,18,0,1
PAY_002462,CUS_0115,2789.74,renewal_failed,wallet,3,94212.22,0.8814,0.9085,23,2,0
PAY_002463,CUS_0598,9185.46,card_declined,upi,1,101744.72,0.7841,0.8628,15,1,0
PAY_002464,CUS_0156,1320.8,card_declined,wallet,2,58523.71,0.8111,0.7106,2,5,0
PAY_002465,CUS_0132,6827.25,network_error,upi,0,266850.98,0.7108,0.9298,18,4,0
PAY_002466,CUS_0685,42170.48,card_declined,card,1,113582.0,0.731,0.7087,8,6,0
PAY_002467,CUS_0201,19496.07,expired_method,card,1,173620.5,0.9393,0.7937,9,1,0
PAY_002468,CUS_0058,4342.91,renewal_failed,card,0,35001.58,0.886,0.833,18,5,0
PAY_002469,CUS_0740,21138.04,network_error,card,2,158979.79,0.9046,0.779,16,5,0
PAY_002470,CUS_0132,25157.65,card_declined,wallet,1,40104.56,0.7571,0.6372,17,5,0
PAY_002471,CUS_0252,14140.5,expired_method,netbanking,0,97117.99,0.8736,0.7644,18,6,1
PAY_002472,CUS_0247,23880.78,card_declined,card,2,238787.45,0.9148,0.8724,5,3,0
PAY_002473,CUS_0298,31210.19,network_error,upi,1,98785.11,0.8594,0.6161,21,5,0
PAY_002474,CUS_0834,68442.02,insufficient_funds,card,0,84279.49,0.9106,0.8953,18,3,0
PAY_002475,CUS_0431,3576.72,network_error,upi,1,290768.29,0.9416,0.7507,7,0,0
PAY_002476,CUS_0291,13766.41,expired_method,card,0,246132.11,0.9073,0.8995,9,4,0
PAY_002477,CUS_0596,13707.77,renewal_failed,wallet,0,9667.86,0.8571,0.8239,7,1,0
PAY_002478,CUS_0477,16497.28,insufficient_funds,upi,1,187618.77,0.9048,0.8764,6,4,0
PAY_002479,CUS_0173,24309.59,insufficient_funds,upi,1,309147.21,0.6766,0.5757,7,4,0
PAY_002480,CUS_0693,15567.42,network_error,wallet,1,241832.97,0.9332,0.8819,18,6,0
PAY_002481,CUS_0174,24185.64,renewal_failed,card,3,139998.88,0.8029,0.6649,13,4,1
PAY_002482,CUS_0518,11114.69,expired_method,card,1,174921.37,0.9267,0.5541,17,6,0
PAY_002483,CUS_0287,11542.88,expired_method,wallet,2,103024.81,0.7866,0.6784,16,3,0
PAY_002484,CUS_0273,10292.36,insufficient_funds,netbanking,0,104826.84,0.8308,0.6631,18,4,0
PAY_002485,CUS_0636,5788.19,card_declined,netbanking,2,208056.95,0.8823,0.5285,17,5,0
PAY_002486,CUS_0466,38338.31,network_error,netbanking,1,56983.99,0.8651,0.5056,13,6,0
PAY_002487,CUS_0344,1498.31,insufficient_funds,netbanking,1,154365.49,0.8896,0.8553,10,4,0
PAY_002488,CUS_0514,25991.56,network_error,upi,3,159516.08,0.7364,0.68,20,5,0
PAY_002489,CUS_0614,41328.98,renewal_failed,wallet,2,208458.35,0.8197,0.7752,15,0,0
PAY_002490,CUS_0408,16276.12,insufficient_funds,upi,3,191738.71,0.7743,0.5977,19,5,0
PAY_002491,CUS_0417,4772.77,renewal_failed,netbanking,0,14513.04,0.8585,0.8578,8,5,0
PAY_002492,CUS_0605,11034.25,card_declined,card,1,269816.41,0.8136,0.5773,18,1,0
PAY_002493,CUS_0329,12791.24,expired_method,card,1,140337.57,0.7558,0.859,19,2,1
PAY_002494,CUS_0052,11598.56,expired_method,card,3,45593.75,0.8018,0.631,12,0,1
PAY_002495,CUS_0642,14918.25,insufficient_funds,upi,2,95256.17,0.8765,0.8888,17,2,1
PAY_002496,CUS_0101,8805.91,renewal_failed,wallet,2,130780.87,0.7844,0.7277,18,5,0
PAY_002497,CUS_0430,14278.14,expired_method,upi,2,247188.07,0.8868,0.4733,17,6,1
PAY_002498,CUS_0524,7061.9,network_error,card,1,94221.78,0.8668,0.8234,19,6,1
PAY_002499,CUS_0682,6603.33,network_error,upi,2,311325.61,0.7307,0.7767,13,5,0
PAY_002500,CUS_0434,5981.47,network_error,card,2,103498.25,0.6189,0.6574,14,6,0
PAY_002501,CUS_0008,30589.16,renewal_failed,netbanking,2,35355.98,0.844,0.798,17,1,0
PAY_002502,CUS_0723,5155.62,card_declined,wallet,1,298621.2,0.7674,0.5613,19,2,0
PAY_002503,CUS_0168,20603.59,expired_method,card,0,52713.27,0.9133,0.7584,13,2,1
PAY_002504,CUS_0149,11440.41,card_declined,netbanking,2,8943.3,0.8318,0.8238,18,3,0
PAY_002505,CUS_0471,23528.3,network_error,wallet,0,313775.41,0.7696,0.486,19,2,1
PAY_002506,CUS_0568,17678.03,renewal_failed,wallet,1,196150.17,0.7459,0.8621,8,3,0
PAY_002507,CUS_0848,13875.29,network_error,card,1,46301.22,0.746,0.6682,9,0,0
PAY_002508,CUS_0214,40728.47,renewal_failed,card,1,312174.51,0.8956,0.7261,17,0,0
PAY_002509,CUS_0454,18531.01,network_error,wallet,0,232518.94,0.894,0.5821,19,4,0
PAY_002510,CUS_0263,18102.47,renewal_failed,wallet,0,318712.0,0.7457,0.7761,4,3,1
PAY_002511,CUS_0145,7636.43,card_declined,card,0,314983.39,0.8697,0.8753,14,3,1
PAY_002512,CUS_0694,14952.73,card_declined,netbanking,3,64936.08,0.7916,0.7288,3,3,1
PAY_002513,CUS_0067,81994.61,renewal_failed,netbanking,1,280399.94,0.8755,0.7402,11,0,0
PAY_002514,CUS_0500,50411.72,expired_method,wallet,2,115559.07,0.8981,0.8244,17,0,0
PAY_002515,CUS_0488,13241.42,renewal_failed,wallet,1,54643.64,0.704,0.6892,19,5,1
PAY_002516,CUS_0007,43461.57,renewal_failed,card,2,223866.47,0.8392,0.4403,8,0,0
PAY_002517,CUS_0099,4803.09,renewal_failed,upi,3,122175.8,0.8593,0.7025,12,1,1
PAY_002518,CUS_0358,35055.31,insufficient_funds,card,1,249367.76,0.805,0.6396,17,0,0
PAY_002519,CUS_0116,36366.49,network_error,netbanking,2,12061.92,0.8386,0.7828,4,6,0
PAY_002520,CUS_0658,17466.82,renewal_failed,card,0,105958.62,0.7192,0.812,21,1,1
PAY_002521,CUS_0541,7315.76,expired_method,card,0,120062.2,0.7839,0.5376,18,4,0
PAY_002522,CUS_0382,15320.41,renewal_failed,upi,1,92808.44,0.6483,0.5571,17,0,0
PAY_002523,CUS_0111,7161.92,renewal_failed,wallet,0,132522.51,0.6525,0.9741,11,5,0
PAY_002524,CUS_0660,3441.42,card_declined,card,3,24422.18,0.8435,0.9521,2,4,0
PAY_002525,CUS_0043,9677.65,expired_method,wallet,1,187240.18,0.8119,0.6046,8,4,0
PAY_002526,CUS_0788,20273.42,card_declined,upi,2,247297.48,0.8577,0.7608,10,0,0
PAY_002527,CUS_0808,24940.15,card_declined,card,0,31172.16,0.853,0.7786,21,0,0
PAY_002528,CUS_0566,5503.66,renewal_failed,card,0,90110.3,0.9707,0.7516,13,2,0
PAY_002529,CUS_0055,7224.82,insufficient_funds,netbanking,3,20709.55,0.705,0.8996,15,2,0
PAY_002530,CUS_0827,4901.38,expired_method,wallet,1,182663.08,0.6792,0.7126,10,4,0
PAY_002531,CUS_0371,2691.94,insufficient_funds,netbanking,1,134778.98,0.9033,0.8255,14,3,0
PAY_002532,CUS_0793,3534.24,expired_method,card,2,205742.93,0.6972,0.7513,8,1,0
PAY_002533,CUS_0414,22751.23,renewal_failed,upi,2,64473.69,0.8067,0.7913,20,4,0
PAY_002534,CUS_0297,7463.05,insufficient_funds,netbanking,2,70638.35,0.9078,0.4885,20,1,0
PAY_002535,CUS_0834,12718.82,network_error,card,1,241421.71,0.7166,0.79,18,4,0
PAY_002536,CUS_0604,9069.19,card_declined,netbanking,2,220411.12,0.8513,0.7505,12,2,0
PAY_002537,CUS_0378,25597.85,network_error,upi,1,83789.72,0.9038,0.8075,21,1,1
PAY_002538,CUS_0218,43961.26,network_error,card,1,86343.82,0.6186,0.4744,20,2,0
PAY_002539,CUS_0634,11155.31,network_error,upi,1,302871.5,0.8395,0.854,17,4,1
PAY_002540,CUS_0610,8248.53,expired_method,netbanking,0,189856.93,0.6804,0.7386,16,6,0
PAY_002541,CUS_0619,7850.71,renewal_failed,upi,1,83268.05,0.8545,0.6464,18,0,0
PAY_002542,CUS_0505,55688.86,network_error,netbanking,1,9000.42,0.7809,0.8973,9,0,1
PAY_002543,CUS_0336,18117.49,card_declined,wallet,1,72499.36,0.7911,0.889,9,1,0
PAY_002544,CUS_0829,23479.25,expired_method,netbanking,1,24355.61,0.7278,0.6246,6,5,0
PAY_002545,CUS_0630,17641.09,card_declined,wallet,0,126511.55,0.9123,0.8353,10,6,1
PAY_002546,CUS_0675,68107.14,network_error,netbanking,1,231761.84,0.952,0.7063,7,6,0
PAY_002547,CUS_0181,7813.33,expired_method,card,1,152299.73,0.8212,0.9104,15,6,0
PAY_002548,CUS_0792,18976.24,network_error,netbanking,1,106181.6,0.64,0.7722,14,3,0
PAY_002549,CUS_0755,12334.81,insufficient_funds,upi,0,203751.27,0.5369,0.6714,9,0,0
PAY_002550,CUS_0381,14597.18,expired_method,netbanking,2,244447.12,0.8378,0.5503,17,1,0
PAY_002551,CUS_0767,25406.85,renewal_failed,card,3,223045.61,0.8744,0.7082,19,5,0
PAY_002552,CUS_0373,9197.77,expired_method,wallet,2,137548.2,0.6949,0.8883,18,1,0
PAY_002553,CUS_0274,38737.58,card_declined,card,1,181311.92,0.9183,0.7222,15,2,0
PAY_002554,CUS_0403,3042.76,network_error,wallet,1,145464.3,0.7407,0.8649,8,1,0
PAY_002555,CUS_0721,6907.88,expired_method,wallet,1,20674.34,0.6911,0.3982,17,1,1
PAY_002556,CUS_0627,14800.08,expired_method,netbanking,0,309710.8,0.8985,0.6726,18,1,1
PAY_002557,CUS_0127,28721.72,renewal_failed,upi,1,124400.1,0.8227,0.6788,21,4,0
PAY_002558,CUS_0406,55612.45,expired_method,wallet,1,44725.47,0.7566,0.5953,19,2,0
PAY_002559,CUS_0395,27796.05,card_declined,card,0,155736.26,0.7324,0.8312,18,1,1
PAY_002560,CUS_0697,34639.3,expired_method,upi,1,200114.89,0.8397,0.7564,5,0,0
PAY_002561,CUS_0342,6438.05,network_error,upi,1,204446.96,0.7992,0.8748,6,4,1
PAY_002562,CUS_0128,8034.54,expired_method,wallet,0,51351.52,0.8243,0.3459,19,4,1
PAY_002563,CUS_0261,24011.09,insufficient_funds,netbanking,0,253718.09,0.936,0.5762,18,1,0
PAY_002564,CUS_0142,6513.52,network_error,netbanking,1,107923.82,0.7705,0.9138,15,5,0
PAY_002565,CUS_0803,10524.07,renewal_failed,wallet,1,113275.21,0.7275,0.7029,16,1,1
PAY_002566,CUS_0104,38890.17,insufficient_funds,netbanking,2,251155.25,0.8306,0.7185,15,1,0
PAY_002567,CUS_0663,56847.96,renewal_failed,upi,0,114571.94,0.9284,0.6949,16,0,1
PAY_002568,CUS_0456,2884.46,expired_method,wallet,1,122752.44,0.8864,0.5926,17,6,0
PAY_002569,CUS_0212,8224.41,renewal_failed,card,1,315920.12,0.9242,0.7831,17,6,0
PAY_002570,CUS_0765,23434.76,expired_method,upi,1,119004.31,0.6546,0.7484,20,1,0
PAY_002571,CUS_0417,31873.96,card_declined,card,1,282982.01,0.8417,0.6675,8,2,0
PAY_002572,CUS_0756,9381.78,expired_method,card,3,77016.36,0.7774,0.7277,8,5,0
PAY_002573,CUS_0390,17771.4,insufficient_funds,card,1,313747.29,0.9686,0.5957,20,5,0
PAY_002574,CUS_0727,30671.34,expired_method,netbanking,1,159771.79,0.8295,0.7302,8,4,0
PAY_002575,CUS_0581,6406.63,card_declined,card,1,249762.74,0.8387,0.7509,18,3,1
PAY_002576,CUS_0154,10670.53,renewal_failed,netbanking,1,275417.53,0.8169,0.8673,10,2,0
PAY_002577,CUS_0463,6176.65,renewal_failed,card,2,310855.74,0.8432,0.8672,8,2,0
PAY_002578,CUS_0141,13905.39,renewal_failed,netbanking,2,21505.05,0.7178,0.4963,18,0,0
PAY_002579,CUS_0567,12785.12,card_declined,card,2,203101.48,0.7628,0.7821,19,1,0
PAY_002580,CUS_0842,7193.41,renewal_failed,netbanking,0,226006.86,0.7611,0.7796,13,3,0
PAY_002581,CUS_0413,6154.72,renewal_failed,netbanking,1,193064.85,0.6639,0.7093,12,2,1
PAY_002582,CUS_0773,14119.62,renewal_failed,netbanking,2,199694.28,0.7812,0.9095,6,5,0
PAY_002583,CUS_0666,20870.07,card_declined,card,0,113333.57,0.8616,0.6149,0,5,0
PAY_002584,CUS_0519,26588.2,network_error,card,3,308007.81,0.9553,0.9004,18,1,1
PAY_002585,CUS_0819,4599.47,expired_method,wallet,2,99806.18,0.7968,0.6822,9,3,0
PAY_002586,CUS_0347,6438.98,expired_method,wallet,1,164134.78,0.9215,0.8897,8,4,0
PAY_002587,CUS_0523,16458.55,expired_method,upi,2,179885.04,0.8777,0.7503,19,3,0
PAY_002588,CUS_0542,15369.85,expired_method,upi,1,272922.88,0.9041,0.909,14,4,1
PAY_002589,CUS_0091,45296.12,expired_method,wallet,1,222160.44,0.9323,0.8557,15,0,0
PAY_002590,CUS_0546,20872.6,card_declined,upi,3,181082.37,0.704,0.8385,10,3,0
PAY_002591,CUS_0045,17109.63,expired_method,wallet,1,188848.15,0.7422,0.7693,6,0,1
PAY_002592,CUS_0032,6608.51,network_error,wallet,0,9296.33,0.7955,0.8318,18,1,0
PAY_002593,CUS_0317,46091.6,card_declined,netbanking,2,294612.17,0.8667,0.8192,5,2,0
PAY_002594,CUS_0489,13307.56,insufficient_funds,card,2,135896.48,0.8844,0.4372,17,2,0
PAY_002595,CUS_0355,19610.75,card_declined,upi,2,16916.18,0.8446,0.6536,19,4,1
PAY_002596,CUS_0697,13696.4,insufficient_funds,netbanking,1,251051.91,0.9559,0.68,19,5,1
PAY_002597,CUS_0787,11356.41,network_error,wallet,0,151016.34,0.9464,0.7528,1,2,0
PAY_002598,CUS_0845,19731.56,renewal_failed,wallet,1,191981.41,0.8054,0.9256,19,1,1
PAY_002599,CUS_0508,19857.14,expired_method,upi,2,138350.89,0.7735,0.842,17,6,0
PAY_002600,CUS_0017,14334.55,insufficient_funds,upi,0,83017.88,0.9215,0.8633,20,4,0
PAY_002601,CUS_0578,6143.26,expired_method,wallet,1,8126.27,0.8667,0.7623,7,3,0
PAY_002602,CUS_0718,4398.47,network_error,upi,2,245962.43,0.9326,0.806,14,3,1
PAY_002603,CUS_0553,20932.1,insufficient_funds,wallet,3,150800.51,0.837,0.8286,18,5,0
PAY_002604,CUS_0167,14278.33,expired_method,upi,2,88440.63,0.7945,0.5501,21,0,0
PAY_002605,CUS_0591,1729.35,renewal_failed,upi,1,305170.38,0.7726,0.7755,9,4,1
PAY_002606,CUS_0487,6235.4,network_error,netbanking,2,33176.07,0.6581,0.8957,1,3,1
PAY_002607,CUS_0672,15438.53,card_declined,netbanking,2,297220.52,0.8795,0.6331,11,2,0
PAY_002608,CUS_0649,13360.73,card_declined,card,2,312679.04,0.7008,0.5094,18,4,0
PAY_002609,CUS_0137,50736.67,renewal_failed,netbanking,1,138843.99,0.8516,0.6065,8,3,0
PAY_002610,CUS_0392,28760.13,card_declined,upi,1,244528.88,0.8985,0.8493,14,6,0
PAY_002611,CUS_0658,17284.28,expired_method,wallet,2,163024.62,0.9019,0.6554,15,0,0
PAY_002612,CUS_0488,12715.17,insufficient_funds,wallet,1,217593.04,0.8477,0.7611,20,2,0
PAY_002613,CUS_0347,16474.9,network_error,wallet,2,109458.16,0.9057,0.8259,10,6,0
PAY_002614,CUS_0094,20586.3,expired_method,wallet,2,122406.27,0.901,0.5857,17,4,0
PAY_002615,CUS_0456,11352.7,renewal_failed,wallet,3,72833.62,0.7629,0.7589,15,3,0
PAY_002616,CUS_0449,18746.8,insufficient_funds,upi,1,171448.69,0.8173,0.7038,16,4,0
PAY_002617,CUS_0739,38516.98,card_declined,upi,1,227306.24,0.8487,0.8848,19,2,1
PAY_002618,CUS_0441,11028.19,insufficient_funds,netbanking,1,49383.42,0.6374,0.5545,4,5,0
PAY_002619,CUS_0379,19645.35,insufficient_funds,netbanking,1,135875.95,0.7303,0.7389,7,6,0
PAY_002620,CUS_0557,18316.69,network_error,netbanking,0,49721.74,0.7592,0.7149,21,2,1
PAY_002621,CUS_0341,22384.36,network_error,upi,0,211583.08,0.9321,0.6161,15,5,1
PAY_002622,CUS_0639,7264.28,card_declined,netbanking,2,75577.96,0.8012,0.5128,17,5,0
PAY_002623,CUS_0664,13870.16,renewal_failed,upi,1,129693.27,0.8962,0.7844,14,3,1
PAY_002624,CUS_0436,9146.34,expired_method,netbanking,1,312964.25,0.8752,0.5055,19,1,0
PAY_002625,CUS_0604,4787.82,expired_method,wallet,0,91488.52,0.9286,0.8081,9,4,0
PAY_002626,CUS_0236,14305.21,card_declined,card,0,306760.13,0.7389,0.7659,18,5,0
PAY_002627,CUS_0263,13151.27,renewal_failed,wallet,1,123998.18,0.9033,0.6792,9,3,0
PAY_002628,CUS_0562,28471.71,expired_method,card,0,27301.86,0.9156,0.7762,15,0,0
PAY_002629,CUS_0375,10289.62,renewal_failed,wallet,2,94618.26,0.8262,0.8252,6,2,0
PAY_002630,CUS_0635,45153.03,renewal_failed,card,2,60541.26,0.8979,0.843,15,0,0
PAY_002631,CUS_0499,37651.59,card_declined,netbanking,1,230417.94,0.7738,0.6577,23,6,0
PAY_002632,CUS_0820,3958.89,card_declined,netbanking,0,258949.92,0.8206,0.8413,9,0,0
PAY_002633,CUS_0800,15112.36,expired_method,netbanking,1,156584.55,0.7458,0.79,18,1,1
PAY_002634,CUS_0746,12086.33,renewal_failed,upi,1,143626.1,0.7144,0.7814,11,5,0
PAY_002635,CUS_0703,31869.37,renewal_failed,wallet,2,263013.05,0.7098,0.3979,20,4,0
PAY_002636,CUS_0458,14185.5,card_declined,upi,1,48952.17,0.853,0.6913,10,3,1
PAY_002637,CUS_0374,26919.69,renewal_failed,card,1,153325.23,0.7308,0.6258,16,5,0
PAY_002638,CUS_0712,12193.81,insufficient_funds,card,1,294945.86,0.9313,0.9038,19,0,0
PAY_002639,CUS_0750,17671.19,expired_method,upi,2,302443.47,0.749,0.6992,14,5,0
PAY_002640,CUS_0151,21890.05,insufficient_funds,netbanking,0,165568.55,0.9126,0.6128,19,1,0
PAY_002641,CUS_0378,5607.48,renewal_failed,card,1,141379.53,0.7905,0.7221,10,3,0
PAY_002642,CUS_0658,33382.62,insufficient_funds,wallet,0,236300.12,0.7884,0.5809,5,3,0
PAY_002643,CUS_0551,5875.58,expired_method,upi,1,165053.06,0.8188,0.6801,8,0,0
PAY_002644,CUS_0331,8917.03,renewal_failed,netbanking,0,216298.95,0.8364,0.7551,21,5,1
PAY_002645,CUS_0081,12478.92,network_error,card,1,279575.07,0.8593,0.4392,6,3,0
PAY_002646,CUS_0369,19420.75,network_error,card,1,157914.79,0.7316,0.8607,19,0,0
PAY_002647,CUS_0203,4158.34,insufficient_funds,upi,2,276242.2,0.6064,0.6894,17,2,0
PAY_002648,CUS_0684,18528.39,expired_method,card,1,192623.43,0.8502,0.5096,19,3,0
PAY_002649,CUS_0632,18129.8,network_error,card,1,115055.49,0.7702,0.8101,21,2,0
PAY_002650,CUS_0215,3599.8,card_declined,netbanking,3,293423.42,0.7544,0.7909,21,3,0
PAY_002651,CUS_0629,7505.75,card_declined,card,3,164606.59,0.8892,0.7327,23,0,0
PAY_002652,CUS_0009,5898.75,renewal_failed,upi,0,27396.88,0.942,0.8919,19,4,1
PAY_002653,CUS_0760,31753.46,insufficient_funds,netbanking,2,182274.68,0.9244,0.6985,13,4,0
PAY_002654,CUS_0107,28561.8,renewal_failed,upi,1,222743.6,0.8982,0.7604,21,5,0
PAY_002655,CUS_0798,7853.64,insufficient_funds,card,2,197999.2,0.784,0.851,17,4,0
PAY_002656,CUS_0515,17025.05,insufficient_funds,card,1,136365.81,0.7664,0.6534,15,0,0
PAY_002657,CUS_0709,28096.59,network_error,netbanking,1,290397.11,0.8192,0.7801,15,3,0
PAY_002658,CUS_0290,42969.76,renewal_failed,upi,0,152259.33,0.7011,0.8541,17,2,0
PAY_002659,CUS_0216,22714.95,renewal_failed,wallet,2,148024.79,0.8052,0.5587,8,3,0
PAY_002660,CUS_0837,6863.18,insufficient_funds,netbanking,1,144909.91,0.7944,0.8777,12,6,0
PAY_002661,CUS_0679,13356.12,card_declined,upi,1,175693.65,0.8388,0.7131,1,1,1
PAY_002662,CUS_0301,18270.78,expired_method,card,2,99603.86,0.806,0.8464,18,6,0
PAY_002663,CUS_0518,20092.04,renewal_failed,wallet,1,71036.4,0.7734,0.75,21,1,0
PAY_002664,CUS_0163,15921.25,network_error,upi,0,230563.8,0.7837,0.9587,18,4,0
PAY_002665,CUS_0093,18234.01,insufficient_funds,upi,0,32576.19,0.7015,0.5827,17,3,1
PAY_002666,CUS_0090,42713.05,expired_method,upi,1,268649.65,0.9224,0.8366,22,2,0
PAY_002667,CUS_0668,9397.7,card_declined,upi,2,127136.2,0.842,0.5876,8,6,0
PAY_002668,CUS_0351,5472.53,network_error,netbanking,1,259804.63,0.712,0.7202,8,0,0
PAY_002669,CUS_0467,6353.56,expired_method,card,1,15645.9,0.9234,0.6542,19,1,1
PAY_002670,CUS_0372,19711.99,card_declined,wallet,2,317872.82,0.9095,0.6946,17,1,0
PAY_002671,CUS_0762,4422.81,card_declined,card,2,257823.6,0.8501,0.6317,8,2,0
PAY_002672,CUS_0461,4449.39,card_declined,upi,2,141413.91,0.9443,0.9116,14,4,1
PAY_002673,CUS_0254,8676.37,renewal_failed,wallet,0,201493.03,0.7065,0.8039,12,0,0
PAY_002674,CUS_0440,10470.99,renewal_failed,wallet,2,232127.45,0.7732,0.8962,18,0,0
PAY_002675,CUS_0676,15496.57,renewal_failed,card,0,210964.41,0.8915,0.6974,10,6,0
PAY_002676,CUS_0258,18773.55,card_declined,card,3,58662.26,0.9215,0.6276,16,0,1
PAY_002677,CUS_0307,5846.83,card_declined,wallet,3,176947.72,0.8755,0.8247,6,2,0
PAY_002678,CUS_0006,16953.09,expired_method,card,2,75681.24,0.886,0.8296,17,4,0
PAY_002679,CUS_0192,36314.54,renewal_failed,wallet,1,295692.66,0.7798,0.7452,7,3,0
PAY_002680,CUS_0563,30353.52,insufficient_funds,netbanking,1,97000.69,0.9174,0.517,9,2,0
PAY_002681,CUS_0354,13524.0,network_error,upi,1,168498.75,0.7516,0.5777,10,1,1
PAY_002682,CUS_0586,21634.32,insufficient_funds,card,0,56926.86,0.8507,0.4583,7,2,0
PAY_002683,CUS_0356,13851.87,expired_method,netbanking,3,60677.46,0.846,0.9478,16,3,1
PAY_002684,CUS_0144,4927.1,expired_method,card,1,12213.02,0.7189,0.915,21,0,0
PAY_002685,CUS_0738,20119.42,network_error,upi,0,186631.86,0.7825,0.6838,14,6,0
PAY_002686,CUS_0677,12961.75,expired_method,upi,2,53549.19,0.8854,0.8252,18,3,0
PAY_002687,CUS_0084,10957.91,expired_method,netbanking,3,318366.06,0.8086,0.743,19,2,0
PAY_002688,CUS_0641,23519.36,network_error,upi,0,315284.25,0.7946,0.6842,20,4,1
PAY_002689,CUS_0714,19547.75,expired_method,wallet,1,263224.45,0.829,0.8951,19,0,1
PAY_002690,CUS_0229,14189.11,expired_method,netbanking,1,287071.3,0.8635,0.7922,14,4,1
PAY_002691,CUS_0513,3893.15,insufficient_funds,upi,0,135876.01,0.8574,0.7717,16,5,0
PAY_002692,CUS_0291,18314.71,expired_method,upi,3,194611.7,0.8318,0.7573,21,1,1
PAY_002693,CUS_0395,15818.66,insufficient_funds,upi,0,9791.11,0.8226,0.9055,21,1,1
PAY_002694,CUS_0385,3930.7,card_declined,upi,1,8909.21,0.9605,0.8769,5,0,0
PAY_002695,CUS_0749,11133.51,expired_method,card,2,15949.1,0.8101,0.6827,6,2,0
PAY_002696,CUS_0646,9547.61,expired_method,netbanking,2,308945.8,0.7887,0.7693,0,5,0
PAY_002697,CUS_0663,17779.36,insufficient_funds,wallet,0,262426.39,0.6841,0.6184,20,4,1
PAY_002698,CUS_0422,98522.32,insufficient_funds,card,2,152569.54,0.8131,0.8069,7,2,0
PAY_002699,CUS_0069,10108.08,expired_method,netbanking,1,117219.52,0.7783,0.8835,20,0,0
PAY_002700,CUS_0759,4669.44,renewal_failed,upi,1,298424.28,0.8201,0.5859,15,6,0
PAY_002701,CUS_0068,5276.29,insufficient_funds,wallet,2,129796.8,0.9033,0.6451,14,2,0
PAY_002702,CUS_0622,11033.9,network_error,wallet,1,143894.94,0.7641,0.8025,14,1,0
PAY_002703,CUS_0006,18259.93,network_error,upi,0,319184.82,0.9341,0.8135,19,1,0
PAY_002704,CUS_0239,4403.73,card_declined,upi,0,109180.18,0.7162,0.8565,22,6,0
PAY_002705,CUS_0602,8632.53,card_declined,netbanking,2,63444.06,0.819,0.7529,12,6,0
PAY_002706,CUS_0098,11120.36,renewal_failed,wallet,2,126000.5,0.7,0.4962,19,0,0
PAY_002707,CUS_0016,15137.95,insufficient_funds,netbanking,1,90011.52,0.7008,0.9032,21,5,1
PAY_002708,CUS_0498,14928.52,expired_method,netbanking,3,229250.17,0.6641,0.866,14,6,1
PAY_002709,CUS_0049,7336.87,card_declined,netbanking,3,223269.0,0.7829,0.4971,21,1,0
PAY_002710,CUS_0068,42950.23,network_error,wallet,1,316270.72,0.7411,0.6564,17,1,0
PAY_002711,CUS_0080,38093.07,renewal_failed,card,2,139561.91,0.9157,0.5309,20,1,1
PAY_002712,CUS_0792,22941.38,insufficient_funds,netbanking,1,266352.18,0.8948,0.4529,18,1,1
PAY_002713,CUS_0366,24359.94,renewal_failed,card,2,10546.05,0.8552,0.7392,17,5,0
PAY_002714,CUS_0268,10412.35,expired_method,netbanking,1,117982.45,0.8168,0.4534,12,1,0
PAY_002715,CUS_0297,18996.42,insufficient_funds,upi,1,234845.57,0.7799,0.8354,18,5,0
PAY_002716,CUS_0594,3161.0,expired_method,netbanking,1,252970.89,0.8722,0.8431,15,1,1
PAY_002717,CUS_0742,6353.29,renewal_failed,card,1,253159.12,0.7577,0.7909,17,1,0
PAY_002718,CUS_0573,14911.05,card_declined,wallet,0,308717.1,0.8747,0.9059,17,1,1
PAY_002719,CUS_0523,11480.09,network_error,netbanking,3,303698.9,0.9334,0.7393,21,4,0
PAY_002720,CUS_0650,24154.07,expired_method,upi,1,202191.0,0.9448,0.7811,21,2,0
PAY_002721,CUS_0395,11643.72,network_error,card,2,281170.12,0.7747,0.6568,18,0,0
PAY_002722,CUS_0622,21018.75,expired_method,netbanking,1,112096.79,0.7274,0.8003,6,0,0
PAY_002723,CUS_0047,6099.93,renewal_failed,card,0,184554.32,0.8787,0.5849,14,6,0
PAY_002724,CUS_0682,90097.66,card_declined,card,1,125982.66,0.9753,0.8141,17,3,1
PAY_002725,CUS_0437,26768.67,insufficient_funds,upi,0,75824.61,0.9093,0.695,14,1,0
PAY_002726,CUS_0356,12709.28,network_error,netbanking,1,73685.37,0.8525,0.8249,18,1,1
PAY_002727,CUS_0594,6203.15,renewal_failed,netbanking,2,117759.07,0.8014,0.8385,10,4,0
PAY_002728,CUS_0033,2269.93,renewal_failed,wallet,2,165697.02,0.8512,0.7796,10,2,0
PAY_002729,CUS_0047,6302.57,network_error,upi,3,278858.0,0.7654,0.7089,9,1,0
PAY_002730,CUS_0458,60363.96,expired_method,upi,1,201607.41,0.8136,0.7908,20,2,0
PAY_002731,CUS_0118,14544.01,expired_method,upi,2,163823.72,0.7259,0.7288,17,1,1
PAY_002732,CUS_0794,28165.12,renewal_failed,upi,1,132165.03,0.8722,0.9465,22,4,0
PAY_002733,CUS_0798,16567.84,insufficient_funds,netbanking,1,260839.37,0.778,0.8192,10,3,0
PAY_002734,CUS_0381,5308.07,network_error,wallet,1,266122.42,0.8181,0.7728,19,2,0
PAY_002735,CUS_0536,4169.57,network_error,wallet,1,178863.31,0.8616,0.8112,8,6,0
PAY_002736,CUS_0099,8420.63,expired_method,upi,1,24606.62,0.612,0.727,11,3,0
PAY_002737,CUS_0530,9356.74,renewal_failed,upi,1,29134.37,0.7802,0.7843,16,4,1
PAY_002738,CUS_0135,18210.36,expired_method,card,1,97887.94,0.8536,0.69,14,3,0
PAY_002739,CUS_0048,21104.35,network_error,card,0,243213.16,0.814,0.5331,9,3,0
PAY_002740,CUS_0136,15615.83,insufficient_funds,card,3,232419.95,0.7729,0.9646,15,1,0
PAY_002741,CUS_0654,21749.58,expired_method,netbanking,0,281117.8,0.8811,0.7368,17,1,0
PAY_002742,CUS_0153,21417.3,renewal_failed,card,0,221096.22,0.6338,0.7938,11,0,0
PAY_002743,CUS_0529,7883.08,card_declined,upi,1,14514.15,0.8501,0.8093,20,3,0
PAY_002744,CUS_0405,5851.13,insufficient_funds,netbanking,2,190241.55,0.7857,0.7693,21,2,0
PAY_002745,CUS_0083,3810.31,network_error,upi,0,228649.91,0.928,0.6319,11,5,0
PAY_002746,CUS_0180,23972.33,expired_method,netbanking,1,48942.71,0.6593,0.7893,19,6,1
PAY_002747,CUS_0054,23375.74,network_error,card,0,161384.88,0.7824,0.8532,18,6,0
PAY_002748,CUS_0240,21003.9,insufficient_funds,wallet,1,305936.68,0.7741,0.4552,18,5,0
PAY_002749,CUS_0781,7610.72,card_declined,card,1,310717.97,0.7465,0.7455,10,6,0
PAY_002750,CUS_0336,3301.83,network_error,upi,0,219078.15,0.7554,0.4812,9,1,0
PAY_002751,CUS_0429,6158.76,card_declined,wallet,0,32607.56,0.8779,0.7055,9,0,1
PAY_002752,CUS_0170,12184.89,expired_method,netbanking,2,254326.8,0.9604,0.5012,16,1,1
PAY_002753,CUS_0011,15063.56,insufficient_funds,upi,1,77999.03,0.8168,0.8596,5,6,1
PAY_002754,CUS_0580,6811.55,card_declined,upi,2,85777.63,0.7658,0.6113,18,4,0
PAY_002755,CUS_0576,12584.63,card_declined,card,2,158064.62,0.5744,0.9453,10,3,0
PAY_002756,CUS_0839,11549.2,insufficient_funds,card,1,273699.77,0.7501,0.7648,16,3,0
PAY_002757,CUS_0230,1969.56,renewal_failed,upi,0,117531.19,0.6515,0.6819,7,4,0
PAY_002758,CUS_0474,27182.82,expired_method,card,0,115278.71,0.9649,0.5692,20,4,1
PAY_002759,CUS_0294,11711.81,renewal_failed,wallet,0,145514.07,0.6808,0.7686,18,5,0
PAY_002760,CUS_0492,28339.1,card_declined,netbanking,2,174598.77,0.8152,0.798,7,0,0
PAY_002761,CUS_0161,23536.7,insufficient_funds,netbanking,1,266015.57,0.5668,0.7089,7,6,0
PAY_002762,CUS_0265,19939.41,expired_method,upi,1,159216.5,0.9179,0.8659,7,3,0
PAY_002763,CUS_0471,67003.86,expired_method,netbanking,2,96480.98,0.8911,0.8415,15,5,0
PAY_002764,CUS_0842,8636.03,network_error,wallet,1,248461.32,0.9829,0.5669,8,3,0
PAY_002765,CUS_0818,15096.19,renewal_failed,card,3,177916.85,0.8084,0.7813,8,3,0
PAY_002766,CUS_0298,15059.35,network_error,upi,0,307539.9,0.8558,0.682,21,4,0
PAY_002767,CUS_0633,4306.81,renewal_failed,card,2,164014.39,0.7881,0.858,7,2,0
PAY_002768,CUS_0822,10483.25,network_error,card,0,311114.99,0.8793,0.7159,14,5,0
PAY_002769,CUS_0383,9187.89,insufficient_funds,wallet,1,199786.79,0.7196,0.8321,6,4,1
PAY_002770,CUS_0255,49019.74,expired_method,card,2,25006.24,0.8059,0.5299,4,1,0
PAY_002771,CUS_0439,94252.65,card_declined,wallet,0,91952.41,0.6721,0.9542,16,2,1
PAY_002772,CUS_0040,12394.4,card_declined,wallet,1,159302.98,0.8409,0.5924,10,4,0
PAY_002773,CUS_0627,12021.39,card_declined,card,1,233884.73,0.968,0.733,18,1,0
PAY_002774,CUS_0066,10059.19,expired_method,netbanking,1,30133.7,0.7327,0.9479,19,1,0
PAY_002775,CUS_0197,4360.9,expired_method,wallet,1,201953.77,0.9091,0.834,18,3,0
PAY_002776,CUS_0369,54229.39,expired_method,netbanking,1,296377.45,0.7606,0.7338,16,4,0
PAY_002777,CUS_0293,1480.79,renewal_failed,wallet,3,299138.13,0.8812,0.888,18,4,0
PAY_002778,CUS_0520,26109.25,card_declined,card,0,207820.14,0.6014,0.7118,12,2,0
PAY_002779,CUS_0087,18747.74,expired_method,wallet,1,302557.91,0.7974,0.4806,13,3,0
PAY_002780,CUS_0837,32886.62,network_error,card,1,284976.87,0.8273,0.5797,17,2,0
PAY_002781,CUS_0293,39769.76,expired_method,card,2,82491.25,0.7923,0.7639,17,5,1
PAY_002782,CUS_0766,16701.24,card_declined,card,2,301537.38,0.8956,0.7371,3,1,0
PAY_002783,CUS_0797,11045.5,insufficient_funds,wallet,1,166536.35,0.8833,0.9409,7,3,0
PAY_002784,CUS_0607,47857.84,expired_method,card,1,244491.6,0.7464,0.7204,20,3,1
PAY_002785,CUS_0304,12311.76,network_error,upi,1,98052.34,0.7557,0.4223,11,0,0
PAY_002786,CUS_0031,9276.37,expired_method,upi,1,244822.4,0.8899,0.7651,19,2,1
PAY_002787,CUS_0134,7427.31,expired_method,upi,1,183072.18,0.8439,0.5992,20,1,0
PAY_002788,CUS_0357,11803.96,card_declined,netbanking,2,300926.48,0.8857,0.7368,20,4,0
PAY_002789,CUS_0582,7120.19,expired_method,netbanking,1,10355.93,0.9019,0.5089,9,5,0
PAY_002790,CUS_0007,6010.89,insufficient_funds,upi,0,207647.35,0.7895,0.6745,7,0,0
PAY_002791,CUS_0188,4540.52,network_error,wallet,1,33228.61,0.8661,0.71,18,3,0
PAY_002792,CUS_0477,22001.63,expired_method,netbanking,2,151516.3,0.7273,0.7039,14,4,0
PAY_002793,CUS_0041,6594.25,network_error,card,2,112338.6,0.7307,0.5457,5,3,0
PAY_002794,CUS_0166,9598.72,insufficient_funds,wallet,1,152190.06,0.8346,0.82,18,3,0
PAY_002795,CUS_0058,28515.52,network_error,card,1,73803.89,0.6997,0.7661,20,0,1
PAY_002796,CUS_0595,5815.41,card_declined,upi,1,162437.83,0.9401,0.7865,4,4,1
PAY_002797,CUS_0476,24549.12,expired_method,upi,2,269707.26,0.8387,0.8149,8,2,1
PAY_002798,CUS_0782,11238.24,network_error,netbanking,1,143634.34,0.8559,0.6315,17,1,0
PAY_002799,CUS_0219,8896.36,expired_method,card,1,255112.93,0.8633,0.8343,17,4,0
PAY_002800,CUS_0465,6644.67,insufficient_funds,wallet,1,117578.61,0.7414,0.5584,22,2,0
PAY_002801,CUS_0504,33614.4,expired_method,netbanking,3,204386.19,0.7739,0.6722,17,5,0
PAY_002802,CUS_0826,94633.7,expired_method,card,3,171493.32,0.8547,0.5588,6,3,0
PAY_002803,CUS_0844,17801.53,renewal_failed,wallet,2,197004.46,0.843,0.4029,7,3,0
PAY_002804,CUS_0273,6570.94,network_error,card,1,119110.44,0.8736,0.5956,15,4,1
PAY_002805,CUS_0714,3067.0,network_error,card,2,249946.87,0.7723,0.718,18,0,0
PAY_002806,CUS_0258,12738.28,expired_method,wallet,1,267517.38,0.6235,0.6038,17,2,0
PAY_002807,CUS_0021,33504.33,expired_method,wallet,1,261660.0,0.8811,0.8923,16,6,1
PAY_002808,CUS_0667,19118.88,expired_method,netbanking,1,42085.41,0.8712,0.6862,9,0,1
PAY_002809,CUS_0240,6600.84,network_error,wallet,1,284138.03,0.6892,0.7829,8,2,0
PAY_002810,CUS_0455,21688.64,insufficient_funds,wallet,2,251685.66,0.8548,0.8136,10,1,1
PAY_002811,CUS_0603,17911.07,renewal_failed,upi,1,143338.72,0.8349,0.8474,20,0,0
PAY_002812,CUS_0172,4308.0,expired_method,card,0,268334.53,0.9253,0.624,1,5,0
PAY_002813,CUS_0027,2093.05,expired_method,netbanking,1,79470.23,0.8546,0.8633,19,6,1
PAY_002814,CUS_0808,11724.25,network_error,upi,1,169560.57,0.5969,0.4797,18,1,1
PAY_002815,CUS_0368,16430.28,insufficient_funds,upi,2,11809.59,0.8357,0.7139,13,6,0
PAY_002816,CUS_0712,6313.56,network_error,card,1,133710.85,0.7252,0.642,6,4,0
PAY_002817,CUS_0557,6777.27,expired_method,netbanking,2,234434.36,0.8215,0.7903,16,0,0
PAY_002818,CUS_0006,14148.89,network_error,wallet,1,84084.28,0.6742,0.7909,10,6,0
PAY_002819,CUS_0737,39723.61,expired_method,upi,0,218468.28,0.8051,0.8244,15,5,0
PAY_002820,CUS_0343,6175.69,insufficient_funds,wallet,1,78401.29,0.8301,0.7548,11,6,0
PAY_002821,CUS_0306,18249.97,card_declined,upi,1,316200.45,0.8036,0.8676,16,1,1
PAY_002822,CUS_0655,8246.62,network_error,wallet,1,238357.01,0.8197,0.6984,15,1,0
PAY_002823,CUS_0462,17126.48,insufficient_funds,card,0,236867.57,0.8428,0.5383,22,6,0
PAY_002824,CUS_0839,3152.17,expired_method,upi,2,315372.08,0.81,0.8137,17,3,0
PAY_002825,CUS_0172,77930.44,renewal_failed,netbanking,2,225859.65,0.7268,0.8417,2,2,1
PAY_002826,CUS_0184,35054.0,expired_method,card,1,17345.43,0.8075,0.6318,2,5,0
PAY_002827,CUS_0453,53566.34,expired_method,netbanking,2,185697.59,0.8587,0.7346,6,4,0
PAY_002828,CUS_0551,25319.72,card_declined,netbanking,2,148073.76,0.7061,0.6453,14,4,0
PAY_002829,CUS_0810,22355.08,renewal_failed,netbanking,0,62825.61,0.806,0.8544,12,3,1
PAY_002830,CUS_0625,8626.93,card_declined,wallet,0,107941.0,0.8652,0.8838,14,2,0
PAY_002831,CUS_0462,8949.56,renewal_failed,netbanking,1,21772.75,0.8568,0.731,9,1,0
PAY_002832,CUS_0648,82174.04,renewal_failed,card,0,208127.98,0.8719,0.5681,18,3,0
PAY_002833,CUS_0558,9750.9,expired_method,card,2,269977.31,0.8428,0.7488,16,2,0
PAY_002834,CUS_0774,5331.36,network_error,upi,2,20264.77,0.8983,0.5928,8,5,0
PAY_002835,CUS_0457,3165.89,card_declined,card,1,26132.72,0.9138,0.7216,20,2,0
PAY_002836,CUS_0612,18106.61,card_declined,wallet,2,293620.06,0.8033,0.6732,17,5,0
PAY_002837,CUS_0552,20660.92,insufficient_funds,upi,1,146509.28,0.8572,0.6465,21,1,0
PAY_002838,CUS_0415,10825.22,expired_method,card,1,54105.92,0.9625,0.7112,19,1,0
PAY_002839,CUS_0813,4030.15,network_error,upi,1,284187.9,0.7163,0.6548,10,1,0
PAY_002840,CUS_0697,15197.69,card_declined,upi,2,161014.5,0.6663,0.6767,5,6,1
PAY_002841,CUS_0549,19842.53,insufficient_funds,upi,1,79658.22,0.6838,0.6108,10,0,0
PAY_002842,CUS_0084,2422.24,expired_method,netbanking,0,85424.02,0.7985,0.8908,7,5,0
PAY_002843,CUS_0330,12214.5,insufficient_funds,upi,1,82887.57,0.773,0.784,19,1,0
PAY_002844,CUS_0090,16993.37,insufficient_funds,upi,3,245925.32,0.8699,0.748,18,4,0
PAY_002845,CUS_0651,18519.16,card_declined,wallet,0,279057.27,0.8009,0.6458,21,2,0
PAY_002846,CUS_0429,10495.24,network_error,card,2,109403.54,0.5522,0.7946,21,6,0
PAY_002847,CUS_0130,15366.83,insufficient_funds,netbanking,1,191101.34,0.8105,0.544,16,3,0
PAY_002848,CUS_0220,11096.5,renewal_failed,netbanking,1,80674.6,0.8027,0.8528,1,1,1
PAY_002849,CUS_0403,9988.76,expired_method,upi,1,154155.5,0.7229,0.5793,16,1,0
PAY_002850,CUS_0464,25794.87,network_error,upi,1,114608.05,0.8491,0.7709,11,2,0
PAY_002851,CUS_0004,32898.3,expired_method,card,1,79939.75,0.7397,0.6914,16,2,1
PAY_002852,CUS_0244,31369.37,renewal_failed,card,1,269532.11,0.817,0.6927,19,3,0
PAY_002853,CUS_0591,8292.62,renewal_failed,card,2,126880.63,0.8875,0.7675,18,6,0
PAY_002854,CUS_0747,24557.99,renewal_failed,netbanking,0,275833.07,0.9105,0.673,4,5,1
PAY_002855,CUS_0452,6837.27,card_declined,netbanking,0,148310.62,0.7586,0.5397,9,0,0
PAY_002856,CUS_0845,24490.92,renewal_failed,wallet,1,37743.47,0.8746,0.8261,11,6,0
PAY_002857,CUS_0047,14337.42,card_declined,card,1,15183.56,0.9698,0.7165,16,2,1
PAY_002858,CUS_0445,4994.92,expired_method,upi,3,173522.07,0.8256,0.7297,3,6,1
PAY_002859,CUS_0627,9977.15,expired_method,card,2,229240.96,0.8709,0.6882,8,5,0
PAY_002860,CUS_0576,47125.04,card_declined,upi,1,266552.56,0.7996,0.8689,16,2,0
PAY_002861,CUS_0585,22951.08,expired_method,netbanking,1,217985.5,0.6456,0.914,10,3,0
PAY_002862,CUS_0528,10823.56,card_declined,upi,2,290759.83,0.7052,0.566,22,2,1
PAY_002863,CUS_0125,7136.26,card_declined,upi,3,33017.22,0.8755,0.9289,19,1,0
PAY_002864,CUS_0538,9509.06,expired_method,netbanking,0,103303.65,0.9172,0.7577,8,6,1
PAY_002865,CUS_0052,8518.74,card_declined,wallet,0,198193.57,0.7956,0.589,8,2,0
PAY_002866,CUS_0231,2575.11,card_declined,upi,0,39020.74,0.7957,0.8596,16,5,1
PAY_002867,CUS_0040,12425.8,expired_method,upi,1,88873.36,0.7854,0.571,19,1,0
PAY_002868,CUS_0646,4434.75,expired_method,wallet,0,75582.05,0.7128,0.7114,18,3,1
PAY_002869,CUS_0425,26566.21,insufficient_funds,netbanking,1,149776.95,0.6581,0.6787,20,4,0
PAY_002870,CUS_0381,8874.34,expired_method,upi,1,41176.82,0.8914,0.7704,18,4,1
PAY_002871,CUS_0337,4188.67,card_declined,card,1,223163.46,0.6808,0.7496,18,0,0
PAY_002872,CUS_0503,16566.35,expired_method,card,2,284126.82,0.869,0.7695,10,1,0
PAY_002873,CUS_0636,42075.14,network_error,netbanking,2,200712.74,0.9151,0.7854,19,1,0
PAY_002874,CUS_0753,117799.19,network_error,card,2,239462.77,0.8205,0.7085,17,1,0
PAY_002875,CUS_0272,12916.54,network_error,upi,1,136663.45,0.9086,0.5189,17,6,1
PAY_002876,CUS_0227,12453.47,insufficient_funds,netbanking,1,286259.42,0.8054,0.7879,18,0,0
PAY_002877,CUS_0772,141939.84,card_declined,card,2,207538.64,0.8646,0.8427,7,3,0
PAY_002878,CUS_0003,5522.32,network_error,wallet,1,110447.83,0.8753,0.875,20,4,0
PAY_002879,CUS_0558,5428.6,renewal_failed,netbanking,1,215722.39,0.6808,0.7861,18,4,0
PAY_002880,CUS_0413,6825.28,card_declined,wallet,1,283131.45,0.8088,0.6696,20,1,0
PAY_002881,CUS_0013,12059.36,expired_method,upi,1,94018.77,0.9046,0.6691,19,5,0
PAY_002882,CUS_0184,48493.33,renewal_failed,wallet,0,169144.7,0.8315,0.9824,17,1,1
PAY_002883,CUS_0206,18937.4,network_error,wallet,0,225323.66,0.668,0.7064,20,4,0
PAY_002884,CUS_0696,5071.17,card_declined,netbanking,0,188308.62,0.7901,0.7579,17,2,0
PAY_002885,CUS_0483,128535.55,network_error,upi,2,297669.94,0.8614,0.7364,18,6,0
PAY_002886,CUS_0664,3464.76,insufficient_funds,wallet,1,21579.48,0.5471,0.78,5,1,1
PAY_002887,CUS_0024,8755.08,card_declined,card,0,115221.51,0.8328,0.5801,17,1,0
PAY_002888,CUS_0311,7248.68,insufficient_funds,netbanking,0,283816.32,0.8869,0.6539,18,4,1
PAY_002889,CUS_0297,31852.58,renewal_failed,wallet,1,311492.86,0.7123,0.7508,13,4,0
PAY_002890,CUS_0554,11363.59,renewal_failed,upi,1,187494.87,0.8354,0.6719,9,3,1
PAY_002891,CUS_0218,37362.89,expired_method,upi,1,39355.9,0.7086,0.814,16,6,0
PAY_002892,CUS_0626,20377.35,card_declined,wallet,1,24795.52,0.7584,0.5854,18,5,0
PAY_002893,CUS_0172,57362.44,insufficient_funds,upi,2,246880.35,0.8796,0.8301,16,4,1
PAY_002894,CUS_0154,5815.67,network_error,wallet,1,288080.12,0.9138,0.8314,20,1,1
PAY_002895,CUS_0278,3793.27,renewal_failed,card,1,155795.06,0.9319,0.7815,19,3,0
PAY_002896,CUS_0328,5234.45,network_error,card,1,129994.42,0.8977,0.3925,21,6,0
PAY_002897,CUS_0036,16263.38,renewal_failed,card,0,165368.34,0.6784,0.5361,16,4,0
PAY_002898,CUS_0041,10420.18,card_declined,netbanking,1,51125.13,0.8238,0.6974,17,1,1
PAY_002899,CUS_0357,16914.76,renewal_failed,wallet,1,235700.04,0.6704,0.6858,22,3,0
PAY_002900,CUS_0151,7812.59,insufficient_funds,netbanking,1,132085.87,0.792,0.6636,6,6,1
PAY_002901,CUS_0332,23719.02,renewal_failed,upi,0,60588.0,0.8343,0.6398,21,0,0
PAY_002902,CUS_0040,7874.34,expired_method,upi,1,23693.92,0.7963,0.661,19,6,1
PAY_002903,CUS_0167,6039.47,insufficient_funds,netbanking,1,23122.69,0.8132,0.7079,20,2,1
PAY_002904,CUS_0383,6865.65,network_error,wallet,0,52020.06,0.8875,0.6155,17,6,1
PAY_002905,CUS_0334,8016.36,expired_method,netbanking,2,251489.04,0.9423,0.8301,6,6,0
PAY_002906,CUS_0238,9184.11,renewal_failed,netbanking,0,219308.15,0.9718,0.7963,18,6,0
PAY_002907,CUS_0351,28894.35,network_error,upi,1,277953.65,0.8514,0.8297,7,0,0
PAY_002908,CUS_0836,4121.73,expired_method,card,1,93455.1,0.8757,0.7542,14,4,0
PAY_002909,CUS_0390,13448.67,network_error,card,1,319571.37,0.6044,0.8115,19,0,0
PAY_002910,CUS_0421,4467.55,insufficient_funds,card,1,264376.75,0.9028,0.4058,19,5,1
PAY_002911,CUS_0413,29954.51,expired_method,wallet,2,161075.49,0.7411,0.8305,21,3,1
PAY_002912,CUS_0440,27372.93,network_error,upi,1,191608.71,0.9223,0.8575,16,3,1
PAY_002913,CUS_0751,19128.2,expired_method,card,1,170968.69,0.8862,0.7876,10,3,1
PAY_002914,CUS_0403,8987.9,expired_method,upi,1,224193.06,0.8342,0.6783,2,1,0
PAY_002915,CUS_0264,21660.32,card_declined,wallet,2,73448.42,0.6816,0.6667,11,5,1
PAY_002916,CUS_0460,5285.13,insufficient_funds,card,2,216138.64,0.7596,0.7905,17,6,0
PAY_002917,CUS_0193,19441.8,expired_method,upi,1,224223.67,0.8579,0.5957,3,3,0
PAY_002918,CUS_0027,44662.02,expired_method,upi,0,273449.01,0.8252,0.704,20,0,0
PAY_002919,CUS_0074,10376.57,card_declined,upi,2,164365.59,0.8878,0.6676,13,1,0
PAY_002920,CUS_0050,6259.02,renewal_failed,netbanking,3,223140.2,0.8598,0.7617,13,2,0
PAY_002921,CUS_0656,10623.49,expired_method,netbanking,2,240945.88,0.8628,0.7739,8,2,1
PAY_002922,CUS_0096,47503.82,expired_method,card,0,303432.49,0.6572,0.6189,21,1,0
PAY_002923,CUS_0759,6808.35,network_error,netbanking,2,276405.11,0.7133,0.7138,18,3,0
PAY_002924,CUS_0477,23478.6,renewal_failed,card,1,125889.91,0.8939,0.7831,17,3,0
PAY_002925,CUS_0439,17853.91,expired_method,wallet,1,309980.28,0.681,0.8612,13,4,0
PAY_002926,CUS_0509,8295.73,insufficient_funds,wallet,3,57164.13,0.6502,0.7506,18,1,0
PAY_002927,CUS_0273,8433.85,renewal_failed,wallet,1,278933.13,0.6847,0.6601,17,5,0
PAY_002928,CUS_0740,5242.81,renewal_failed,netbanking,2,270882.25,0.8687,0.6205,23,5,0
PAY_002929,CUS_0493,28306.49,renewal_failed,upi,1,140330.81,0.8101,0.9317,17,6,1
PAY_002930,CUS_0303,31455.37,renewal_failed,upi,1,205090.8,0.8369,0.7915,13,4,0
PAY_002931,CUS_0841,50524.63,renewal_failed,upi,2,158493.27,0.7955,0.6166,21,6,0
PAY_002932,CUS_0245,7978.98,card_declined,upi,0,39606.33,0.8927,0.7582,15,4,0
PAY_002933,CUS_0380,1707.9,card_declined,wallet,3,312237.76,0.8712,0.8541,15,3,0
PAY_002934,CUS_0002,26608.67,network_error,upi,0,201019.82,0.7584,0.7248,16,0,0
PAY_002935,CUS_0054,9815.35,network_error,netbanking,3,179178.73,0.7254,0.7653,7,1,0
PAY_002936,CUS_0512,4562.3,expired_method,wallet,1,103406.84,0.7097,0.761,19,1,1
PAY_002937,CUS_0352,10884.02,network_error,upi,3,258729.75,0.7904,0.6536,9,2,0
PAY_002938,CUS_0172,22163.62,network_error,netbanking,1,176287.42,0.7897,0.6335,14,3,0
PAY_002939,CUS_0302,20409.23,insufficient_funds,wallet,2,221675.48,0.9483,0.5613,17,3,0
PAY_002940,CUS_0843,13958.81,expired_method,wallet,0,217709.75,0.7997,0.8566,19,5,0
PAY_002941,CUS_0570,9748.99,network_error,upi,2,195326.07,0.965,0.9051,19,5,1
PAY_002942,CUS_0482,12217.9,network_error,upi,2,111579.65,0.8339,0.6127,17,0,0
PAY_002943,CUS_0161,42669.97,insufficient_funds,card,0,48277.25,0.8943,0.787,20,1,1
PAY_002944,CUS_0278,16180.19,insufficient_funds,card,3,169086.06,0.6975,0.7792,8,4,1
PAY_002945,CUS_0823,5041.76,insufficient_funds,netbanking,1,63153.96,0.7324,0.7555,8,4,1
PAY_002946,CUS_0117,71437.12,insufficient_funds,netbanking,1,259191.34,0.9248,0.9134,16,0,0
PAY_002947,CUS_0442,28875.05,renewal_failed,upi,1,294562.12,0.7757,0.4473,12,0,0
PAY_002948,CUS_0775,6001.85,renewal_failed,card,1,16029.54,0.854,0.6639,18,5,0
PAY_002949,CUS_0170,4673.31,insufficient_funds,card,1,64493.99,0.8185,0.7671,18,0,1
PAY_002950,CUS_0821,11790.27,renewal_failed,card,0,72428.0,0.8359,0.6004,9,0,0
PAY_002951,CUS_0145,30638.51,renewal_failed,card,1,158309.5,0.7984,0.7209,6,5,1
PAY_002952,CUS_0378,35766.46,network_error,upi,2,10146.55,0.805,0.7262,3,3,0
PAY_002953,CUS_0597,7055.48,renewal_failed,upi,1,171322.8,0.9189,0.807,12,5,1
PAY_002954,CUS_0099,10199.59,card_declined,card,1,87719.33,0.7232,0.9682,8,6,1
PAY_002955,CUS_0257,18224.98,expired_method,card,0,195767.42,0.7604,0.9599,18,6,0
PAY_002956,CUS_0813,13338.59,network_error,netbanking,1,167564.17,0.8865,0.5223,1,5,0
PAY_002957,CUS_0295,11933.3,renewal_failed,wallet,1,319456.11,0.8904,0.5825,12,5,1
PAY_002958,CUS_0632,23265.21,insufficient_funds,wallet,0,92524.54,0.7305,0.6386,21,0,0
PAY_002959,CUS_0026,3712.39,expired_method,netbanking,0,107870.82,0.7627,0.6445,16,1,0
PAY_002960,CUS_0733,27246.24,card_declined,netbanking,1,183998.49,0.7488,0.5444,9,1,1
PAY_002961,CUS_0577,10521.91,card_declined,card,1,137572.46,0.809,0.7399,19,2,1
PAY_002962,CUS_0209,13442.85,expired_method,card,1,42676.63,0.8566,0.5585,8,2,1
PAY_002963,CUS_0554,43856.09,renewal_failed,wallet,1,123742.1,0.8487,0.5807,6,5,0
PAY_002964,CUS_0842,13141.34,card_declined,card,2,295111.1,0.7603,0.7887,14,0,1
PAY_002965,CUS_0472,10605.92,card_declined,wallet,2,312528.32,0.9435,0.842,16,4,0
PAY_002966,CUS_0646,8483.47,renewal_failed,netbanking,1,275469.6,0.9261,0.8791,20,6,1
PAY_002967,CUS_0726,15015.3,insufficient_funds,upi,2,62388.76,0.9595,0.6867,17,3,0
PAY_002968,CUS_0333,10229.54,card_declined,upi,1,151114.49,0.862,0.8369,13,6,0
PAY_002969,CUS_0048,13645.02,expired_method,wallet,2,309425.59,0.8754,0.8034,8,1,0
PAY_002970,CUS_0847,34577.81,insufficient_funds,netbanking,0,9215.67,0.8731,0.775,6,3,1
PAY_002971,CUS_0270,11520.79,insufficient_funds,wallet,0,89342.46,0.8507,0.8044,9,2,1
PAY_002972,CUS_0622,11868.39,card_declined,netbanking,1,296333.54,0.8139,0.805,6,1,0
PAY_002973,CUS_0279,5747.53,expired_method,upi,1,177749.32,0.9055,0.7701,13,2,1
PAY_002974,CUS_0026,16237.74,network_error,wallet,3,120493.79,0.935,0.3623,8,0,0
PAY_002975,CUS_0141,17593.47,network_error,wallet,0,232086.59,0.8941,0.5838,8,0,0
PAY_002976,CUS_0400,1703.29,insufficient_funds,netbanking,1,234967.34,0.7695,0.6243,11,0,0
PAY_002977,CUS_0755,25538.0,network_error,netbanking,1,168370.6,0.8008,0.7634,9,2,0
PAY_002978,CUS_0158,17091.93,expired_method,netbanking,0,98951.99,0.8803,0.9281,18,2,1
PAY_002979,CUS_0534,5003.77,insufficient_funds,wallet,1,85445.76,0.8029,0.9319,20,1,0
PAY_002980,CUS_0363,8965.36,insufficient_funds,netbanking,2,214021.67,0.8103,0.6635,16,0,0
PAY_002981,CUS_0307,36928.33,card_declined,netbanking,0,38504.42,0.8597,0.8154,17,3,0
PAY_002982,CUS_0203,6586.55,expired_method,upi,1,268154.47,0.9676,0.8959,14,3,0
PAY_002983,CUS_0703,9917.67,network_error,upi,1,108850.76,0.8534,0.6053,19,0,0
PAY_002984,CUS_0566,2641.34,insufficient_funds,card,1,155041.66,0.9717,0.6892,6,4,0
PAY_002985,CUS_0111,26626.34,insufficient_funds,wallet,2,301731.76,0.9554,0.5884,19,4,0
PAY_002986,CUS_0013,25530.01,expired_method,netbanking,1,193928.82,0.7906,0.7863,16,2,0
PAY_002987,CUS_0707,40638.97,expired_method,netbanking,1,55670.84,0.6168,0.7689,16,4,0
PAY_002988,CUS_0004,10011.88,expired_method,upi,1,36696.67,0.7186,0.7971,14,3,0
PAY_002989,CUS_0415,44887.59,insufficient_funds,upi,0,20564.16,0.6913,0.8083,9,4,0
PAY_002990,CUS_0264,8010.64,network_error,netbanking,2,36150.44,0.9363,0.7173,9,1,0
PAY_002991,CUS_0137,7249.46,renewal_failed,upi,1,15868.57,0.9265,0.5962,13,3,0
PAY_002992,CUS_0057,8809.78,network_error,wallet,1,42688.3,0.7634,0.6048,7,5,0
PAY_002993,CUS_0394,91825.48,network_error,upi,1,157722.49,0.8095,0.698,17,0,0
PAY_002994,CUS_0166,69650.51,card_declined,wallet,2,104264.62,0.8092,0.6112,4,6,0
PAY_002995,CUS_0264,78100.28,renewal_failed,netbanking,2,162819.57,0.7433,0.8553,18,3,0
PAY_002996,CUS_0546,25323.42,renewal_failed,upi,1,33918.81,0.8705,0.5678,18,2,0
PAY_002997,CUS_0699,6440.71,renewal_failed,wallet,1,166563.48,0.914,0.5651,8,5,0
PAY_002998,CUS_0449,25226.62,insufficient_funds,card,0,133464.08,0.7616,0.6294,10,1,0
PAY_002999,CUS_0652,21246.18,card_declined,upi,0,113672.6,0.8102,0.7287,21,6,0
PAY_003000,CUS_0129,17352.59,network_error,card,2,128709.93,0.7911,0.4361,8,1,0
PAY_003001,CUS_0231,19263.45,card_declined,upi,1,228328.17,0.6886,0.4597,1,4,0
PAY_003002,CUS_0082,15165.66,insufficient_funds,netbanking,2,13930.61,0.7792,0.7835,14,5,0
PAY_003003,CUS_0444,8777.47,network_error,upi,3,215024.66,0.9354,0.5921,16,3,0
PAY_003004,CUS_0068,11873.8,renewal_failed,wallet,1,261366.23,0.7556,0.6909,15,2,0
PAY_003005,CUS_0548,28734.83,expired_method,upi,2,301333.73,0.7955,0.8923,19,3,0
PAY_003006,CUS_0206,13108.49,insufficient_funds,netbanking,0,86743.87,0.8848,0.5709,7,0,0
PAY_003007,CUS_0356,22072.42,card_declined,wallet,1,199265.93,0.8273,0.8013,7,4,0
PAY_003008,CUS_0577,14008.5,renewal_failed,card,0,175622.25,0.8969,0.4657,18,3,1
PAY_003009,CUS_0378,32575.41,expired_method,card,1,60463.13,0.8577,0.6683,22,3,0
PAY_003010,CUS_0143,18364.91,renewal_failed,wallet,1,13161.89,0.8258,0.7326,0,3,0
PAY_003011,CUS_0463,16004.96,network_error,upi,1,188627.4,0.8653,0.7221,20,6,0
PAY_003012,CUS_0786,23331.97,insufficient_funds,upi,1,292021.54,0.6808,0.8352,20,6,0
PAY_003013,CUS_0484,26359.74,network_error,upi,2,106593.64,0.7075,0.6477,6,1,0
PAY_003014,CUS_0063,17775.02,insufficient_funds,upi,1,319685.74,0.7232,0.6461,16,0,0
PAY_003015,CUS_0703,8103.24,insufficient_funds,wallet,0,264757.35,0.7089,0.9478,16,3,0
PAY_003016,CUS_0343,43051.38,network_error,netbanking,3,38206.67,0.8767,0.8046,16,2,1
PAY_003017,CUS_0277,4276.91,network_error,upi,3,318840.69,0.8942,0.934,15,0,0
PAY_003018,CUS_0575,10591.96,network_error,upi,2,56974.36,0.9313,0.49,14,1,1
PAY_003019,CUS_0587,9107.52,insufficient_funds,card,0,68814.71,0.7893,0.7955,16,3,1
PAY_003020,CUS_0399,70316.53,network_error,card,2,254894.48,0.9297,0.6311,14,0,0
PAY_003021,CUS_0475,7170.02,expired_method,netbanking,2,156365.25,0.8474,0.6241,21,0,0
PAY_003022,CUS_0059,34387.62,card_declined,wallet,2,264254.99,0.8299,0.8767,18,1,0
PAY_003023,CUS_0273,4238.43,renewal_failed,card,0,47878.42,0.7657,0.2801,12,1,0
PAY_003024,CUS_0489,7860.85,expired_method,wallet,1,293950.81,0.9113,0.6128,12,4,0
PAY_003025,CUS_0599,20089.39,expired_method,wallet,1,138596.26,0.8415,0.7183,18,0,0
PAY_003026,CUS_0343,72003.12,expired_method,upi,1,102148.0,0.8122,0.5908,21,0,0
PAY_003027,CUS_0552,19321.69,network_error,netbanking,0,99362.17,0.7849,0.781,18,0,1
PAY_003028,CUS_0045,7923.67,insufficient_funds,upi,1,19195.28,0.6519,0.4866,21,1,0
PAY_003029,CUS_0178,22395.1,renewal_failed,netbanking,0,67655.47,0.7838,0.7495,20,2,0
PAY_003030,CUS_0551,18039.94,network_error,netbanking,1,258111.14,0.7963,0.8583,9,5,0
PAY_003031,CUS_0210,27176.75,network_error,card,2,212149.45,0.6462,0.7422,20,2,1
PAY_003032,CUS_0132,8055.22,renewal_failed,wallet,3,77780.4,0.898,0.8299,18,3,0
PAY_003033,CUS_0463,22175.83,card_declined,wallet,3,32420.0,0.8199,0.6767,10,4,0
PAY_003034,CUS_0004,8432.25,network_error,upi,0,100423.57,0.6875,0.7452,12,4,1
PAY_003035,CUS_0534,11979.96,expired_method,card,1,110310.37,0.8432,0.8583,20,5,0
PAY_003036,CUS_0453,13113.68,expired_method,upi,1,72188.05,0.8506,0.656,19,3,0
PAY_003037,CUS_0761,4979.92,network_error,card,2,131716.32,0.8302,0.8224,18,4,0
PAY_003038,CUS_0392,4399.15,renewal_failed,netbanking,0,146820.04,0.6659,0.6173,13,4,0
PAY_003039,CUS_0794,15393.08,expired_method,wallet,1,13817.04,0.8671,0.8666,21,1,0
PAY_003040,CUS_0113,3367.3,expired_method,card,2,85307.45,0.7576,0.84,16,1,1
PAY_003041,CUS_0395,18573.42,network_error,wallet,1,254579.03,0.814,0.764,16,4,0
PAY_003042,CUS_0650,10570.57,renewal_failed,netbanking,3,43556.0,0.8585,0.8298,18,4,1
PAY_003043,CUS_0570,2008.59,card_declined,wallet,1,219923.69,0.9177,0.5714,9,6,0
PAY_003044,CUS_0030,7679.11,renewal_failed,wallet,0,210552.07,0.9055,0.5637,22,5,0
PAY_003045,CUS_0384,8273.05,insufficient_funds,card,3,278517.64,0.9139,0.8228,20,6,0
PAY_003046,CUS_0377,23147.16,insufficient_funds,card,2,154421.36,0.8917,0.6969,20,1,0
PAY_003047,CUS_0841,14617.01,renewal_failed,wallet,3,201173.92,0.6463,0.8401,16,3,0
PAY_003048,CUS_0322,32863.48,renewal_failed,netbanking,2,119721.19,0.8416,0.4892,12,6,0
PAY_003049,CUS_0693,23002.69,insufficient_funds,netbanking,1,312907.33,0.9177,0.5482,15,1,0
PAY_003050,CUS_0123,25738.84,insufficient_funds,wallet,2,53589.08,0.7475,0.816,7,2,0
PAY_003051,CUS_0529,10398.05,insufficient_funds,netbanking,2,206215.65,0.8523,0.9077,9,3,1
PAY_003052,CUS_0474,9525.5,card_declined,wallet,1,149957.6,0.7148,0.7343,13,0,0
PAY_003053,CUS_0456,7820.69,insufficient_funds,card,2,36040.99,0.7564,0.8102,10,5,0
PAY_003054,CUS_0267,12635.53,expired_method,upi,2,223952.56,0.9142,0.9081,19,5,0
PAY_003055,CUS_0651,31272.99,network_error,card,0,120914.91,0.9294,0.8051,19,5,0
PAY_003056,CUS_0786,51475.46,expired_method,card,0,243752.26,0.7753,0.5277,18,1,0
PAY_003057,CUS_0715,5811.48,insufficient_funds,upi,1,11109.13,0.5276,0.8575,16,2,1
PAY_003058,CUS_0686,35903.11,expired_method,upi,1,14327.39,0.7612,0.6662,20,3,1
PAY_003059,CUS_0550,10613.07,insufficient_funds,upi,1,89279.04,0.7155,0.8034,21,1,0
PAY_003060,CUS_0635,22849.91,renewal_failed,netbanking,1,231351.11,0.7804,0.7889,17,1,0
PAY_003061,CUS_0269,8978.81,renewal_failed,wallet,1,40369.1,0.7455,0.7345,11,6,0
PAY_003062,CUS_0570,5007.02,insufficient_funds,card,2,80964.81,0.9198,0.7485,18,5,0
PAY_003063,CUS_0004,6851.45,insufficient_funds,card,1,268543.97,0.7244,0.726,7,0,0
PAY_003064,CUS_0089,13811.65,expired_method,netbanking,1,275451.03,0.7279,0.5619,17,6,0
PAY_003065,CUS_0525,35194.97,card_declined,wallet,1,243987.84,0.8606,0.6045,19,0,0
PAY_003066,CUS_0572,15075.38,network_error,wallet,1,253616.37,0.8151,0.8901,17,2,1
PAY_003067,CUS_0327,28020.97,network_error,wallet,2,301901.87,0.9168,0.5524,8,3,0
PAY_003068,CUS_0233,43107.23,card_declined,netbanking,3,105869.87,0.9463,0.6767,14,6,0
PAY_003069,CUS_0789,22672.51,renewal_failed,upi,0,310140.23,0.8055,0.8066,18,5,0
PAY_003070,CUS_0481,6797.62,network_error,wallet,1,319347.8,0.6861,0.523,19,1,0
PAY_003071,CUS_0490,2745.52,network_error,card,1,16877.93,0.918,0.8118,16,6,0
PAY_003072,CUS_0340,8536.73,renewal_failed,upi,1,90850.15,0.7521,0.7579,14,4,0
PAY_003073,CUS_0355,43290.86,card_declined,upi,1,217428.21,0.7973,0.6383,10,5,0
PAY_003074,CUS_0738,5520.73,insufficient_funds,netbanking,1,60528.36,0.6192,0.8947,6,5,0
PAY_003075,CUS_0786,59090.74,expired_method,upi,1,24580.06,0.9587,0.6698,16,5,0
PAY_003076,CUS_0774,7423.74,insufficient_funds,card,2,215994.97,0.752,0.5664,15,1,1
PAY_003077,CUS_0333,17577.25,network_error,card,0,268392.99,0.8427,0.4802,19,0,1
PAY_003078,CUS_0328,18183.07,expired_method,netbanking,2,187500.52,0.8799,0.8443,15,5,0
PAY_003079,CUS_0722,5478.38,insufficient_funds,wallet,1,275723.6,0.9473,0.821,11,0,0
PAY_003080,CUS_0246,11281.33,insufficient_funds,card,0,19076.16,0.6852,0.7644,17,4,0
PAY_003081,CUS_0542,13348.91,expired_method,upi,1,141700.64,0.9299,0.8103,19,6,0
PAY_003082,CUS_0395,22979.67,renewal_failed,wallet,1,319205.84,0.9233,0.9016,15,6,0
PAY_003083,CUS_0160,17045.79,insufficient_funds,netbanking,0,214117.04,0.9446,0.8911,11,5,1
PAY_003084,CUS_0761,16745.82,card_declined,wallet,1,22075.91,0.764,0.7599,12,3,1
PAY_003085,CUS_0082,36990.14,expired_method,upi,0,192172.61,0.8058,0.5815,13,4,1
PAY_003086,CUS_0771,7697.44,insufficient_funds,netbanking,2,120637.91,0.875,0.8528,6,0,0
PAY_003087,CUS_0144,11094.17,expired_method,netbanking,1,142526.87,0.8562,0.8696,18,5,1
PAY_003088,CUS_0587,31965.23,renewal_failed,upi,1,239649.09,0.5793,0.8451,7,4,1
PAY_003089,CUS_0022,16325.02,insufficient_funds,wallet,1,74536.53,0.7338,0.8885,17,6,0
PAY_003090,CUS_0255,32997.26,renewal_failed,wallet,1,215133.71,0.9198,0.7348,16,1,0
PAY_003091,CUS_0205,30748.49,renewal_failed,upi,1,177338.15,0.8561,0.8991,14,2,1
PAY_003092,CUS_0656,202004.93,network_error,netbanking,1,16815.46,0.9159,0.5977,19,1,0
PAY_003093,CUS_0385,6138.29,insufficient_funds,upi,1,128702.2,0.7185,0.5262,17,2,0
PAY_003094,CUS_0427,10499.35,insufficient_funds,netbanking,0,84898.4,0.605,0.6618,8,6,1
PAY_003095,CUS_0711,7515.53,network_error,upi,1,29953.27,0.8824,0.7927,18,4,1
PAY_003096,CUS_0360,96178.79,expired_method,wallet,0,158819.08,0.6466,0.5762,20,3,1
PAY_003097,CUS_0720,16279.09,card_declined,card,2,191226.28,0.8372,0.5472,19,2,0
PAY_003098,CUS_0488,21665.67,insufficient_funds,upi,1,108815.63,0.8466,0.7239,17,4,0
PAY_003099,CUS_0113,16542.57,network_error,netbanking,3,226358.98,0.9002,0.5903,11,2,0
PAY_003100,CUS_0763,30212.26,card_declined,card,1,311913.16,0.9317,0.7924,16,4,0
PAY_003101,CUS_0724,3273.4,network_error,upi,2,23159.03,0.8511,0.8105,15,6,0
PAY_003102,CUS_0559,17371.43,network_error,netbanking,1,309491.12,0.9614,0.7522,11,0,0
PAY_003103,CUS_0574,3683.74,network_error,netbanking,0,292213.65,0.937,0.8124,10,1,0
PAY_003104,CUS_0237,26374.0,card_declined,netbanking,1,194009.96,0.7378,0.719,11,2,0
PAY_003105,CUS_0076,25563.55,network_error,upi,1,224017.5,0.9052,0.8593,19,4,1
PAY_003106,CUS_0718,7112.87,network_error,upi,2,233895.26,0.8779,0.7058,10,0,1
PAY_003107,CUS_0016,14444.85,card_declined,wallet,1,55064.58,0.875,0.7747,23,2,1
PAY_003108,CUS_0580,9702.42,insufficient_funds,wallet,1,170181.56,0.9785,0.6427,15,1,0
PAY_003109,CUS_0675,25643.0,renewal_failed,card,1,230986.31,0.849,0.4632,17,6,1
PAY_003110,CUS_0388,49610.91,card_declined,card,1,282478.04,0.7873,0.6723,18,5,0
PAY_003111,CUS_0845,7762.34,expired_method,netbanking,3,136284.35,0.8413,0.507,10,6,0
PAY_003112,CUS_0126,10322.71,network_error,netbanking,1,16876.07,0.9125,0.5894,16,4,1
PAY_003113,CUS_0477,3836.83,card_declined,netbanking,1,175057.27,0.7905,0.7727,18,2,1
PAY_003114,CUS_0707,7910.28,network_error,card,0,274803.07,0.8262,0.8213,18,1,1
PAY_003115,CUS_0779,19702.22,renewal_failed,upi,0,175678.54,0.7481,0.7861,17,1,0
PAY_003116,CUS_0392,19237.54,card_declined,netbanking,1,253331.25,0.7987,0.828,14,0,0
PAY_003117,CUS_0772,9472.18,insufficient_funds,upi,1,64678.27,0.7233,0.9127,8,5,1
PAY_003118,CUS_0146,23066.32,renewal_failed,card,3,176556.56,0.9362,0.6682,19,2,0
PAY_003119,CUS_0640,18129.27,expired_method,card,2,275064.4,0.8873,0.8294,18,5,0
PAY_003120,CUS_0457,33685.5,renewal_failed,upi,1,83364.96,0.7997,0.8451,18,6,0
PAY_003121,CUS_0654,32863.8,insufficient_funds,wallet,1,116556.2,0.766,0.7173,8,3,1
PAY_003122,CUS_0329,19161.2,expired_method,wallet,1,222550.65,0.705,0.9269,12,4,0
PAY_003123,CUS_0846,23007.86,card_declined,netbanking,2,189991.75,0.9199,0.7216,15,0,0
PAY_003124,CUS_0351,2562.37,expired_method,upi,1,52155.68,0.8757,0.9147,14,5,1
PAY_003125,CUS_0795,23220.85,insufficient_funds,upi,1,98610.35,0.8539,0.7463,18,3,1
PAY_003126,CUS_0121,12592.34,network_error,card,1,61119.03,0.9031,0.8107,16,5,1
PAY_003127,CUS_0765,13559.67,insufficient_funds,netbanking,1,113462.82,0.884,0.783,13,4,0
PAY_003128,CUS_0539,8596.9,renewal_failed,netbanking,3,86340.86,0.9083,0.8328,21,0,1
PAY_003129,CUS_0421,15290.22,renewal_failed,netbanking,2,291693.3,0.8872,0.7063,8,4,0
PAY_003130,CUS_0014,1566.6,expired_method,upi,1,254805.2,0.7502,0.7976,8,5,0
PAY_003131,CUS_0697,26675.03,card_declined,netbanking,0,40667.59,0.8128,0.7521,20,0,1
PAY_003132,CUS_0746,5567.67,card_declined,card,1,274109.82,0.6507,0.7281,19,2,0
PAY_003133,CUS_0475,5005.81,renewal_failed,wallet,2,122986.78,0.758,0.6481,14,3,0
PAY_003134,CUS_0599,11656.72,card_declined,card,1,114176.47,0.9257,0.829,20,1,1
PAY_003135,CUS_0254,7914.07,network_error,card,1,106454.26,0.7972,0.7647,16,1,1
PAY_003136,CUS_0554,1853.34,insufficient_funds,upi,3,304002.4,0.8317,0.7909,18,2,0
PAY_003137,CUS_0209,21664.56,network_error,upi,1,105264.41,0.8005,0.5519,11,6,0
PAY_003138,CUS_0238,8176.62,expired_method,card,1,142484.21,0.545,0.6634,12,3,0
PAY_003139,CUS_0481,3932.57,card_declined,wallet,2,244422.17,0.899,0.7235,12,6,0
PAY_003140,CUS_0269,18085.38,insufficient_funds,card,0,42327.24,0.9294,0.8733,18,1,1
PAY_003141,CUS_0251,15403.4,network_error,netbanking,1,291417.09,0.8077,0.7955,16,0,0
PAY_003142,CUS_0337,4346.14,insufficient_funds,wallet,3,76980.57,0.8191,0.5673,19,0,0
PAY_003143,CUS_0368,3938.55,renewal_failed,wallet,0,185419.62,0.8145,0.8135,19,4,0
PAY_003144,CUS_0091,14026.16,insufficient_funds,netbanking,0,100521.54,0.9223,0.8519,12,4,0
PAY_003145,CUS_0260,27355.28,insufficient_funds,netbanking,2,253363.34,0.8699,0.7679,18,2,0
PAY_003146,CUS_0633,1964.92,card_declined,wallet,0,75237.64,0.8446,0.7782,16,5,0
PAY_003147,CUS_0445,8467.34,insufficient_funds,upi,1,195339.56,0.833,0.8679,18,3,0
PAY_003148,CUS_0256,7248.05,card_declined,upi,1,267196.19,0.6781,0.7876,19,3,0
PAY_003149,CUS_0330,7230.81,expired_method,wallet,0,235392.75,0.9073,0.8909,8,1,1
PAY_003150,CUS_0259,11514.79,card_declined,netbanking,2,82661.19,0.9003,0.8642,16,0,1
PAY_003151,CUS_0271,10318.04,expired_method,card,2,218805.08,0.6946,0.4395,16,3,0
PAY_003152,CUS_0219,7394.53,network_error,upi,1,217943.36,0.9056,0.9365,6,1,0
PAY_003153,CUS_0737,6442.72,card_declined,wallet,1,141309.52,0.8209,0.5465,7,3,1
PAY_003154,CUS_0387,23409.24,insufficient_funds,netbanking,0,286517.04,0.7837,0.8561,20,6,1
PAY_003155,CUS_0214,13235.86,network_error,card,1,258405.15,0.8708,0.7587,8,0,0
PAY_003156,CUS_0775,12697.44,renewal_failed,wallet,2,98678.21,0.8832,0.6569,3,2,0
PAY_003157,CUS_0763,9478.87,card_declined,card,1,167704.97,0.8443,0.4604,19,5,0
PAY_003158,CUS_0370,13775.06,insufficient_funds,upi,1,266950.91,0.9681,0.8032,18,5,0
PAY_003159,CUS_0699,26020.71,network_error,upi,3,276863.41,0.9581,0.5964,17,2,0
PAY_003160,CUS_0823,65011.59,renewal_failed,upi,3,122552.98,0.7487,0.9308,19,3,0
PAY_003161,CUS_0493,33030.82,expired_method,netbanking,1,48913.93,0.7909,0.6095,18,2,0
PAY_003162,CUS_0031,9718.83,renewal_failed,netbanking,2,28441.76,0.9055,0.7436,21,5,0
PAY_003163,CUS_0239,8923.16,card_declined,wallet,2,271290.34,0.9529,0.6144,16,3,0
PAY_003164,CUS_0520,8067.48,network_error,wallet,1,74593.77,0.9499,0.6664,10,4,0
PAY_003165,CUS_0524,26893.85,expired_method,upi,1,116601.88,0.9027,0.6597,19,4,0
PAY_003166,CUS_0762,7141.57,insufficient_funds,upi,1,138660.66,0.8933,0.7558,18,2,0
PAY_003167,CUS_0123,18479.77,network_error,card,1,129851.96,0.7277,0.7661,23,3,0
PAY_003168,CUS_0789,11154.42,expired_method,card,1,193302.88,0.8396,0.8296,9,5,1
PAY_003169,CUS_0562,39430.84,renewal_failed,card,1,181233.75,0.8579,0.8661,19,6,0
PAY_003170,CUS_0606,2028.92,expired_method,netbanking,1,296160.66,0.7969,0.7606,21,5,1
PAY_003171,CUS_0304,52300.49,insufficient_funds,card,2,71268.71,0.6315,0.8167,5,1,1
PAY_003172,CUS_0172,5288.38,expired_method,upi,1,47871.47,0.7989,0.6574,17,3,1
PAY_003173,CUS_0625,12395.45,renewal_failed,upi,1,316691.6,0.9048,0.8676,15,6,1
PAY_003174,CUS_0374,36148.7,expired_method,netbanking,1,137341.35,0.9091,0.9025,22,2,0
PAY_003175,CUS_0714,6118.16,card_declined,card,3,249870.75,0.8917,0.8273,20,4,0
PAY_003176,CUS_0617,22283.08,insufficient_funds,wallet,2,178503.73,0.8653,0.7537,17,3,1
PAY_003177,CUS_0823,5770.56,insufficient_funds,wallet,0,121584.22,0.5165,0.6705,11,3,0
PAY_003178,CUS_0178,25911.3,card_declined,wallet,3,285293.61,0.7641,0.6466,19,3,0
PAY_003179,CUS_0161,1991.05,renewal_failed,card,1,210442.52,0.6807,0.9393,14,5,0
PAY_003180,CUS_0565,11114.52,card_declined,wallet,0,315445.87,0.686,0.6286,23,4,1
PAY_003181,CUS_0145,9767.42,expired_method,card,1,29529.73,0.9168,0.8017,16,5,0
PAY_003182,CUS_0328,5508.77,insufficient_funds,wallet,1,233818.22,0.7866,0.5565,8,5,0
PAY_003183,CUS_0635,4063.45,renewal_failed,wallet,0,295897.0,0.6796,0.8023,7,1,0
PAY_003184,CUS_0392,4003.05,card_declined,netbanking,1,304113.66,0.7307,0.7163,18,5,1
PAY_003185,CUS_0124,21906.47,network_error,netbanking,0,276800.52,0.8707,0.9013,17,3,0
PAY_003186,CUS_0053,7713.62,renewal_failed,netbanking,3,98512.35,0.8899,0.6655,13,6,0
PAY_003187,CUS_0228,5048.12,insufficient_funds,netbanking,1,318565.71,0.9605,0.789,17,1,0
PAY_003188,CUS_0817,32766.45,card_declined,netbanking,1,9960.76,0.8237,0.672,17,0,0
PAY_003189,CUS_0251,38483.23,insufficient_funds,netbanking,1,196779.34,0.9302,0.4944,7,4,0
PAY_003190,CUS_0307,11126.54,insufficient_funds,wallet,1,240784.56,0.8409,0.7744,10,5,1
PAY_003191,CUS_0503,7957.29,renewal_failed,card,1,81288.67,0.875,0.8295,19,5,0
PAY_003192,CUS_0259,24814.3,insufficient_funds,wallet,2,205772.15,0.8581,0.6746,6,2,0
PAY_003193,CUS_0719,24305.44,card_declined,card,0,99199.06,0.7982,0.8424,20,1,0
PAY_003194,CUS_0658,15774.91,renewal_failed,upi,0,105349.56,0.9152,0.7902,8,5,0
PAY_003195,CUS_0655,20430.7,network_error,wallet,0,306602.48,0.832,0.8191,4,5,1
PAY_003196,CUS_0811,6891.66,card_declined,upi,1,171775.96,0.8548,0.8001,8,6,0
PAY_003197,CUS_0473,25921.37,card_declined,upi,0,17901.88,0.9237,0.9383,6,4,0
PAY_003198,CUS_0078,4622.03,renewal_failed,netbanking,1,33993.24,0.7139,0.7238,18,2,1
PAY_003199,CUS_0620,7069.91,renewal_failed,wallet,2,299051.08,0.7687,0.6551,15,4,1
PAY_003200,CUS_0246,45694.29,insufficient_funds,upi,0,123400.81,0.7295,0.8985,9,2,0
PAY_003201,CUS_0834,7738.21,card_declined,wallet,1,79085.07,0.8513,0.7071,12,6,0
PAY_003202,CUS_0024,14971.09,network_error,card,1,139574.63,0.8243,0.8556,15,0,0
PAY_003203,CUS_0212,11570.31,network_error,wallet,3,143223.62,0.911,0.9377,19,1,1
PAY_003204,CUS_0534,7339.84,card_declined,upi,1,266823.41,0.7484,0.5518,14,0,1
PAY_003205,CUS_0790,9523.03,network_error,netbanking,1,240896.11,0.8637,0.7502,8,3,1
PAY_003206,CUS_0379,14872.25,card_declined,card,1,293206.81,0.9015,0.8804,23,3,1
PAY_003207,CUS_0682,15002.19,network_error,upi,3,130391.42,0.8712,0.9079,15,4,0
PAY_003208,CUS_0192,29633.57,renewal_failed,card,1,83337.85,0.8438,0.9371,17,0,0
PAY_003209,CUS_0612,16122.2,expired_method,wallet,2,215995.74,0.5854,0.7451,20,4,0
PAY_003210,CUS_0511,11920.18,renewal_failed,netbanking,0,213589.87,0.9502,0.739,16,1,1
PAY_003211,CUS_0265,15865.29,card_declined,upi,1,12645.74,0.9308,0.8852,22,2,0
PAY_003212,CUS_0485,15514.42,expired_method,upi,0,33702.82,0.7829,0.891,13,0,1
PAY_003213,CUS_0730,12725.09,card_declined,card,1,53157.31,0.5552,0.7417,14,3,0
PAY_003214,CUS_0822,24849.11,network_error,upi,2,165734.61,0.8835,0.7645,12,6,0
PAY_003215,CUS_0061,37127.99,expired_method,card,2,213566.25,0.89,0.9207,19,0,0
PAY_003216,CUS_0666,15608.74,network_error,wallet,2,158991.83,0.8111,0.8186,13,0,0
PAY_003217,CUS_0202,18055.41,expired_method,netbanking,2,286320.98,0.8858,0.8707,14,0,0
PAY_003218,CUS_0502,5252.48,expired_method,card,1,65123.65,0.7995,0.7336,13,5,1
PAY_003219,CUS_0404,27285.42,renewal_failed,upi,1,245348.95,0.7915,0.795,15,0,1
PAY_003220,CUS_0105,37554.39,renewal_failed,wallet,1,49626.32,0.9328,0.7525,18,0,1
PAY_003221,CUS_0366,10901.3,insufficient_funds,netbanking,2,41140.36,0.9162,0.7525,14,6,0
PAY_003222,CUS_0164,29061.01,expired_method,upi,1,206537.01,0.8293,0.7328,12,3,0
PAY_003223,CUS_0822,59473.94,expired_method,wallet,1,286219.17,0.5866,0.7216,22,4,0
PAY_003224,CUS_0658,20283.03,insufficient_funds,card,2,164529.68,0.7626,0.7291,6,2,1
PAY_003225,CUS_0580,19117.47,network_error,netbanking,2,97862.09,0.79,0.842,20,6,0
PAY_003226,CUS_0178,25145.87,expired_method,wallet,0,150464.45,0.7999,0.6899,17,4,0
PAY_003227,CUS_0449,20347.34,network_error,upi,0,19362.87,0.8211,0.7023,17,4,0
PAY_003228,CUS_0526,10029.34,expired_method,card,0,202694.25,0.9288,0.6468,19,6,0
PAY_003229,CUS_0708,6336.88,expired_method,upi,0,173045.34,0.7241,0.7676,9,0,1
PAY_003230,CUS_0063,10060.75,insufficient_funds,wallet,0,183364.35,0.8608,0.6583,15,1,0
PAY_003231,CUS_0139,12108.37,expired_method,card,1,179037.43,0.8049,0.6435,20,3,0
PAY_003232,CUS_0229,17887.14,renewal_failed,card,1,291404.37,0.9377,0.8284,4,6,0
PAY_003233,CUS_0254,23571.95,renewal_failed,netbanking,1,307246.1,0.9049,0.8244,10,3,1
PAY_003234,CUS_0313,17137.91,card_declined,card,1,21727.32,0.9248,0.8939,20,2,0
PAY_003235,CUS_0676,28548.79,insufficient_funds,wallet,1,202426.55,0.8091,0.6272,21,2,0
PAY_003236,CUS_0808,44278.8,card_declined,netbanking,2,161590.87,0.7699,0.7854,16,6,1
PAY_003237,CUS_0228,19428.0,network_error,wallet,1,122737.03,0.797,0.6518,23,5,0
PAY_003238,CUS_0095,13019.54,card_declined,card,2,71709.79,0.9184,0.6439,20,3,0
PAY_003239,CUS_0491,5394.14,insufficient_funds,upi,2,312100.34,0.844,0.5541,3,3,1
PAY_003240,CUS_0057,3053.93,insufficient_funds,card,2,254250.64,0.8832,0.9016,16,0,0
PAY_003241,CUS_0180,19441.53,expired_method,upi,0,80700.41,0.9493,0.9021,9,6,0
PAY_003242,CUS_0553,49062.88,insufficient_funds,wallet,1,204392.74,0.8065,0.924,14,2,0
PAY_003243,CUS_0583,11334.06,renewal_failed,wallet,1,141911.62,0.8183,0.7226,20,2,1
PAY_003244,CUS_0708,10871.11,network_error,netbanking,2,240224.36,0.8939,0.6329,8,1,1
PAY_003245,CUS_0155,3830.37,network_error,netbanking,2,246524.18,0.7612,0.8928,19,4,0
PAY_003246,CUS_0635,12156.61,renewal_failed,upi,0,150060.91,0.7724,0.6718,6,5,0
PAY_003247,CUS_0442,12544.37,insufficient_funds,netbanking,1,169538.56,0.933,0.7683,7,5,0
PAY_003248,CUS_0425,24196.31,network_error,card,2,270347.68,0.7742,0.5558,21,6,1
PAY_003249,CUS_0034,27193.11,expired_method,wallet,2,95830.47,0.9602,0.7535,14,6,1
PAY_003250,CUS_0831,10439.55,expired_method,card,0,74989.86,0.8936,0.7596,12,3,0
PAY_003251,CUS_0765,7201.3,card_declined,wallet,3,124200.32,0.877,0.6722,19,5,0
PAY_003252,CUS_0674,28168.0,network_error,upi,2,30935.4,0.7541,0.7157,8,1,1
PAY_003253,CUS_0178,8937.71,expired_method,card,1,195112.28,0.6925,0.9675,19,4,0
PAY_003254,CUS_0463,6719.97,card_declined,card,1,99015.14,0.8946,0.9545,13,2,0
PAY_003255,CUS_0620,8976.17,network_error,upi,1,55208.52,0.948,0.8339,2,5,1
PAY_003256,CUS_0731,10958.65,renewal_failed,upi,2,54802.72,0.802,0.7344,19,3,0
PAY_003257,CUS_0694,18242.65,expired_method,wallet,3,256843.17,0.7941,0.8092,8,3,0
PAY_003258,CUS_0679,7144.26,expired_method,wallet,1,242791.07,0.8528,0.6088,4,0,1
PAY_003259,CUS_0487,10860.23,card_declined,upi,1,48271.66,0.9368,0.7259,22,6,0
PAY_003260,CUS_0515,11628.33,insufficient_funds,upi,0,241012.08,0.8679,0.8797,19,1,1
PAY_003261,CUS_0399,14233.23,renewal_failed,netbanking,1,11058.64,0.8624,0.5128,10,4,1
PAY_003262,CUS_0488,10355.74,expired_method,wallet,0,198959.02,0.6982,0.765,14,6,0
PAY_003263,CUS_0278,33022.84,expired_method,card,2,28166.78,0.8707,0.8475,2,4,0
PAY_003264,CUS_0403,16927.95,expired_method,wallet,1,216505.73,0.9013,0.5253,18,3,1
PAY_003265,CUS_0015,7350.48,network_error,upi,0,258523.51,0.895,0.5369,15,3,0
PAY_003266,CUS_0373,7974.13,network_error,upi,0,112594.13,0.8333,0.9198,5,5,0
PAY_003267,CUS_0045,16291.71,renewal_failed,wallet,1,183151.76,0.8833,0.6339,12,5,0
PAY_003268,CUS_0299,24823.58,insufficient_funds,wallet,1,80426.57,0.7396,0.8497,20,1,0
PAY_003269,CUS_0162,4051.9,renewal_failed,upi,1,76505.68,0.848,0.735,10,0,0
PAY_003270,CUS_0686,18311.57,insufficient_funds,netbanking,3,199008.1,0.8107,0.6025,22,0,0
PAY_003271,CUS_0624,26946.11,insufficient_funds,card,1,275002.31,0.7763,0.7585,5,3,0
PAY_003272,CUS_0408,10722.83,insufficient_funds,upi,1,43305.73,0.8444,0.8249,18,0,0
PAY_003273,CUS_0156,5669.85,network_error,card,1,319248.46,0.8393,0.8258,19,6,1
PAY_003274,CUS_0764,20873.87,network_error,wallet,1,284463.19,0.9182,0.78,16,0,0
PAY_003275,CUS_0201,16622.63,network_error,card,1,147340.41,0.9076,0.5313,16,0,0
PAY_003276,CUS_0558,19251.35,card_declined,upi,2,317097.23,0.9514,0.8214,7,4,0
PAY_003277,CUS_0673,4059.24,insufficient_funds,upi,1,65785.16,0.6527,0.6693,17,4,0
PAY_003278,CUS_0083,9592.48,expired_method,netbanking,1,229112.06,0.66,0.7148,0,2,0
PAY_003279,CUS_0834,8939.72,card_declined,wallet,1,281657.96,0.7518,0.7551,8,6,0
PAY_003280,CUS_0466,9504.48,network_error,card,2,298462.6,0.6186,0.6921,17,5,0
PAY_003281,CUS_0466,13178.25,renewal_failed,upi,1,290842.4,0.8494,0.5571,20,0,0
PAY_003282,CUS_0177,5304.83,expired_method,card,2,274896.04,0.7412,0.6373,20,6,0
PAY_003283,CUS_0105,16913.58,expired_method,card,1,83336.33,0.8487,0.7261,16,3,0
PAY_003284,CUS_0368,10773.28,insufficient_funds,upi,1,152571.19,0.9701,0.5779,20,3,0
PAY_003285,CUS_0675,43069.75,insufficient_funds,netbanking,3,111383.27,0.8434,0.8978,16,5,0
PAY_003286,CUS_0048,17567.65,network_error,card,2,61138.0,0.9688,0.8457,18,0,0
PAY_003287,CUS_0059,15874.06,renewal_failed,card,3,262172.05,0.929,0.6745,15,6,0
PAY_003288,CUS_0178,88057.06,renewal_failed,card,1,197632.42,0.8982,0.7722,20,4,0
PAY_003289,CUS_0790,18407.12,card_declined,wallet,1,69354.24,0.74,0.9518,15,4,1
PAY_003290,CUS_0573,11809.7,insufficient_funds,netbanking,2,230858.04,0.676,0.8917,21,3,0
PAY_003291,CUS_0257,17483.0,card_declined,wallet,1,299678.63,0.9283,0.6189,19,6,0
PAY_003292,CUS_0030,8853.19,insufficient_funds,netbanking,1,136808.02,0.7716,0.6222,18,6,1
PAY_003293,CUS_0134,22001.07,insufficient_funds,upi,0,282946.53,0.8231,0.6281,17,0,1
PAY_003294,CUS_0605,23800.14,insufficient_funds,netbanking,0,145855.11,0.786,0.8407,13,0,1
PAY_003295,CUS_0399,31105.02,card_declined,netbanking,1,30858.91,0.884,0.7351,17,3,1
PAY_003296,CUS_0759,12058.7,insufficient_funds,wallet,0,299667.9,0.8374,0.8695,2,6,1
PAY_003297,CUS_0375,13682.08,network_error,netbanking,0,163874.08,0.8071,0.596,6,0,0
PAY_003298,CUS_0513,6318.1,expired_method,wallet,1,107753.31,0.8959,0.827,21,0,1
PAY_003299,CUS_0801,15905.0,expired_method,wallet,0,169431.35,0.741,0.7207,17,4,0
PAY_003300,CUS_0436,46707.17,expired_method,upi,1,226042.03,0.898,0.7664,18,1,0
PAY_003301,CUS_0218,11080.07,card_declined,card,1,61632.25,0.6893,0.7216,6,0,0
PAY_003302,CUS_0815,11849.7,renewal_failed,wallet,1,42219.97,0.8344,0.8342,6,2,1
PAY_003303,CUS_0820,14849.59,expired_method,wallet,0,146898.12,0.732,0.5177,19,0,0
PAY_003304,CUS_0287,10727.04,insufficient_funds,wallet,2,151113.98,0.8516,0.745,6,3,0
PAY_003305,CUS_0778,13800.03,card_declined,wallet,0,92397.79,0.7119,0.6594,21,5,0
PAY_003306,CUS_0324,12708.57,card_declined,netbanking,1,80912.64,0.8331,0.8905,20,2,1
PAY_003307,CUS_0773,42346.53,renewal_failed,card,1,106361.49,0.8134,0.7913,15,6,1
PAY_003308,CUS_0469,26507.81,card_declined,wallet,2,248657.4,0.8764,0.6574,10,2,1
PAY_003309,CUS_0158,19859.34,network_error,wallet,1,158017.92,0.8426,0.5948,13,6,1
PAY_003310,CUS_0608,40650.89,card_declined,netbanking,1,71117.49,0.9818,0.5745,6,3,0
PAY_003311,CUS_0011,27413.95,insufficient_funds,card,1,269395.31,0.9162,0.5806,8,1,0
PAY_003312,CUS_0768,46762.49,expired_method,wallet,3,295608.31,0.7667,0.8826,15,6,1
PAY_003313,CUS_0672,9514.35,insufficient_funds,wallet,1,103314.48,0.7755,0.6637,19,2,0
PAY_003314,CUS_0077,6095.18,card_declined,card,0,181138.24,0.8674,0.7295,10,2,1
PAY_003315,CUS_0100,86758.81,insufficient_funds,upi,1,229031.33,0.7941,0.8742,10,5,0
PAY_003316,CUS_0093,5755.59,insufficient_funds,wallet,1,235347.57,0.7476,0.7789,18,3,1
PAY_003317,CUS_0520,7727.95,renewal_failed,wallet,1,11693.26,0.7983,0.8874,5,0,0
PAY_003318,CUS_0597,50351.06,card_declined,netbanking,2,110204.86,0.83,0.7663,5,2,0
PAY_003319,CUS_0780,23438.23,expired_method,card,1,232494.0,0.8181,0.6725,13,6,0
PAY_003320,CUS_0261,22767.89,renewal_failed,netbanking,2,29410.88,0.8321,0.7423,19,2,0
PAY_003321,CUS_0725,23483.75,network_error,upi,1,28161.08,0.8589,0.7454,2,6,0
PAY_003322,CUS_0109,18299.44,insufficient_funds,netbanking,2,42095.06,0.8788,0.9059,7,6,0
PAY_003323,CUS_0649,7002.31,expired_method,netbanking,1,134678.72,0.9435,0.7559,17,5,0
PAY_003324,CUS_0096,38288.82,card_declined,wallet,1,259406.04,0.8601,0.6412,3,4,1
PAY_003325,CUS_0508,9381.51,renewal_failed,wallet,0,221902.67,0.7342,0.8733,0,6,1
PAY_003326,CUS_0339,5378.61,renewal_failed,card,0,54846.2,0.8626,0.7056,6,2,0
PAY_003327,CUS_0321,3455.37,network_error,wallet,1,135464.92,0.8601,0.7237,18,6,1
PAY_003328,CUS_0035,23928.07,insufficient_funds,netbanking,1,274124.18,0.7583,0.793,9,4,0
PAY_003329,CUS_0181,31308.96,network_error,wallet,1,202787.1,0.9785,0.5236,17,3,0
PAY_003330,CUS_0664,10402.5,network_error,upi,3,88566.62,0.8367,0.6416,16,5,0
PAY_003331,CUS_0276,12926.5,insufficient_funds,wallet,1,288731.19,0.7706,0.6773,19,1,0
PAY_003332,CUS_0145,41774.41,expired_method,upi,1,270705.34,0.9248,0.8153,19,4,1
PAY_003333,CUS_0725,5270.27,card_declined,card,0,189360.17,0.9171,0.7724,8,3,1
PAY_003334,CUS_0380,12940.19,card_declined,upi,0,49247.12,0.8353,0.774,15,6,0
PAY_003335,CUS_0502,10474.46,insufficient_funds,card,1,185366.46,0.8576,0.8254,11,3,0
PAY_003336,CUS_0582,4660.42,card_declined,card,1,73019.24,0.8864,0.8142,9,1,0
PAY_003337,CUS_0293,7530.61,insufficient_funds,card,3,10944.86,0.9118,0.6327,19,1,0
PAY_003338,CUS_0556,8050.45,card_declined,upi,2,143416.91,0.8092,0.9554,17,1,0
PAY_003339,CUS_0687,12778.73,expired_method,upi,1,90441.99,0.8656,0.874,22,5,1
PAY_003340,CUS_0435,7670.85,network_error,netbanking,1,65960.6,0.7248,0.9319,16,1,0
PAY_003341,CUS_0415,15402.26,card_declined,card,2,70161.44,0.8429,0.7969,10,2,0
PAY_003342,CUS_0358,8653.24,expired_method,netbanking,1,164052.73,0.8433,0.5822,9,5,0
PAY_003343,CUS_0780,6194.63,insufficient_funds,upi,2,256614.32,0.6009,0.8324,19,6,0
PAY_003344,CUS_0097,40431.75,network_error,wallet,0,303036.06,0.914,0.7059,17,1,1
PAY_003345,CUS_0281,6465.3,card_declined,upi,0,25234.39,0.7283,0.7443,12,4,1
PAY_003346,CUS_0577,11087.62,insufficient_funds,netbanking,2,202106.83,0.659,0.8518,14,2,0
PAY_003347,CUS_0191,9000.24,renewal_failed,netbanking,0,289345.6,0.9051,0.5715,8,4,1
PAY_003348,CUS_0150,8458.17,renewal_failed,wallet,1,149058.36,0.9505,0.7705,20,4,1
PAY_003349,CUS_0491,12210.34,renewal_failed,netbanking,1,77835.28,0.7908,0.8789,12,4,0
PAY_003350,CUS_0589,41319.72,network_error,upi,2,280997.17,0.8855,0.829,14,0,0
PAY_003351,CUS_0156,52984.32,network_error,netbanking,2,35521.83,0.7718,0.6655,16,2,1
PAY_003352,CUS_0740,8493.44,card_declined,wallet,1,30851.06,0.8304,0.6535,16,3,0
PAY_003353,CUS_0616,72857.77,insufficient_funds,card,0,144922.3,0.8032,0.5638,19,6,0
PAY_003354,CUS_0639,22205.88,card_declined,wallet,2,23820.88,0.7838,0.7563,14,0,1
PAY_003355,CUS_0325,17194.67,network_error,netbanking,1,204309.74,0.6451,0.6452,21,3,0
PAY_003356,CUS_0820,23140.73,insufficient_funds,upi,2,129620.03,0.9417,0.6305,19,3,1
PAY_003357,CUS_0626,62914.6,card_declined,wallet,1,269410.49,0.749,0.7844,19,2,0
PAY_003358,CUS_0691,14517.31,renewal_failed,upi,1,53236.18,0.7876,0.7781,9,1,0
PAY_003359,CUS_0501,7304.41,card_declined,upi,0,149116.09,0.8522,0.8495,22,0,1
PAY_003360,CUS_0159,8611.42,renewal_failed,upi,1,69783.65,0.9667,0.9208,17,1,0
PAY_003361,CUS_0362,7539.82,insufficient_funds,card,0,165508.28,0.9497,0.7548,14,1,0
PAY_003362,CUS_0090,19776.62,renewal_failed,upi,2,59766.6,0.7139,0.707,14,5,1
PAY_003363,CUS_0678,8103.87,card_declined,upi,3,259501.62,0.8276,0.8429,10,2,0
PAY_003364,CUS_0124,2160.32,insufficient_funds,wallet,2,169268.36,0.8679,0.6056,7,5,1
PAY_003365,CUS_0587,5278.04,insufficient_funds,card,0,66424.17,0.5707,0.8425,16,0,1
PAY_003366,CUS_0188,9322.87,card_declined,netbanking,1,46822.64,0.6106,0.5557,16,1,0
PAY_003367,CUS_0094,16430.98,card_declined,wallet,3,145111.6,0.7711,0.9185,18,4,0
PAY_003368,CUS_0317,17648.2,expired_method,netbanking,3,90397.19,0.9892,0.6078,20,4,0
PAY_003369,CUS_0797,60359.35,insufficient_funds,upi,2,64582.15,0.8917,0.7857,18,1,0
PAY_003370,CUS_0591,38943.31,network_error,wallet,1,15874.08,0.9107,0.7022,9,2,0
PAY_003371,CUS_0547,5010.38,expired_method,wallet,0,146063.8,0.7952,0.5728,17,1,1
PAY_003372,CUS_0462,55578.45,network_error,upi,1,69413.15,0.94,0.6285,7,2,1
PAY_003373,CUS_0622,29627.64,insufficient_funds,upi,1,263850.92,0.8445,0.6703,20,4,0
PAY_003374,CUS_0248,21108.6,network_error,card,1,67257.09,0.7681,0.4662,20,2,1
PAY_003375,CUS_0486,23518.41,insufficient_funds,upi,3,253447.9,0.7682,0.6701,12,4,0
PAY_003376,CUS_0797,39897.65,card_declined,card,3,204004.3,0.6223,0.5089,18,5,0
PAY_003377,CUS_0804,15384.33,renewal_failed,upi,1,142827.14,0.6902,0.7224,15,0,1
PAY_003378,CUS_0787,48721.53,expired_method,upi,2,123514.48,0.9302,0.8665,8,3,0
PAY_003379,CUS_0827,38357.87,expired_method,netbanking,1,11665.62,0.863,0.8413,7,5,0
PAY_003380,CUS_0681,7309.57,network_error,netbanking,3,135220.9,0.9172,0.4684,11,1,1
PAY_003381,CUS_0293,6924.46,expired_method,card,1,193819.66,0.7797,0.682,12,5,0
PAY_003382,CUS_0602,4747.6,expired_method,card,1,54923.95,0.8404,0.8512,7,3,0
PAY_003383,CUS_0377,33902.54,renewal_failed,netbanking,2,67575.42,0.8378,0.854,16,6,1
PAY_003384,CUS_0425,15580.1,insufficient_funds,netbanking,2,237426.02,0.78,0.6162,17,2,1
PAY_003385,CUS_0544,8275.29,expired_method,card,3,180523.49,0.785,0.6093,17,6,0
PAY_003386,CUS_0039,16523.95,renewal_failed,upi,1,169450.2,0.7312,0.7797,20,3,1
PAY_003387,CUS_0645,11031.08,network_error,upi,1,171470.25,0.7223,0.8572,7,1,0
PAY_003388,CUS_0805,7739.84,card_declined,wallet,1,195957.04,0.8821,0.8089,16,4,0
PAY_003389,CUS_0578,7713.5,network_error,card,0,165301.76,0.9475,0.828,16,2,1
PAY_003390,CUS_0359,32977.62,network_error,upi,1,143212.31,0.6597,0.7941,16,5,0
PAY_003391,CUS_0043,18825.34,network_error,upi,1,311188.24,0.8557,0.6521,17,6,0
PAY_003392,CUS_0308,17589.46,insufficient_funds,wallet,2,189920.61,0.8874,0.9562,18,3,0
PAY_003393,CUS_0719,78484.76,renewal_failed,wallet,0,234950.99,0.681,0.7647,20,3,1
PAY_003394,CUS_0549,7784.45,network_error,card,2,302169.26,0.8684,0.67,8,3,0
PAY_003395,CUS_0176,7523.83,insufficient_funds,upi,3,280872.29,0.8438,0.537,10,0,0
PAY_003396,CUS_0167,2694.6,renewal_failed,upi,0,219729.56,0.7023,0.9437,18,6,0
PAY_003397,CUS_0023,9510.47,expired_method,wallet,2,10996.65,0.8265,0.7336,17,1,0
PAY_003398,CUS_0502,19227.72,renewal_failed,wallet,1,28248.36,0.8025,0.9308,18,1,1
PAY_003399,CUS_0197,11683.83,renewal_failed,card,1,161798.04,0.6751,0.7765,15,4,0
PAY_003400,CUS_0429,8649.91,renewal_failed,netbanking,1,161624.01,0.9646,0.6354,12,1,0
PAY_003401,CUS_0638,35425.07,expired_method,wallet,1,141660.69,0.822,0.508,11,3,0
PAY_003402,CUS_0729,2146.54,expired_method,upi,1,181577.06,0.9531,0.6802,17,3,1
PAY_003403,CUS_0147,9415.14,renewal_failed,wallet,1,179751.73,0.8239,0.8748,18,3,0
PAY_003404,CUS_0372,16353.79,card_declined,upi,1,95877.42,0.8899,0.6091,9,6,0
PAY_003405,CUS_0148,19100.7,card_declined,upi,3,155092.42,0.913,0.976,22,1,1
PAY_003406,CUS_0780,3214.5,insufficient_funds,card,0,262208.62,0.8512,0.6704,12,0,0
PAY_003407,CUS_0453,13868.26,insufficient_funds,wallet,2,291858.14,0.8074,0.7102,14,2,1
PAY_003408,CUS_0568,16674.49,network_error,card,2,168622.57,0.776,0.6833,21,1,0
PAY_003409,CUS_0114,19197.87,insufficient_funds,upi,1,186892.42,0.8755,0.6962,20,0,1
PAY_003410,CUS_0073,26688.85,card_declined,card,2,249207.48,0.9363,0.6919,16,1,0
PAY_003411,CUS_0384,22286.75,card_declined,wallet,2,148545.6,0.8176,0.8554,16,2,0
PAY_003412,CUS_0496,56127.54,expired_method,wallet,2,282809.03,0.8381,0.7554,16,1,1
PAY_003413,CUS_0819,8915.39,insufficient_funds,netbanking,2,133203.63,0.9659,0.473,7,4,0
PAY_003414,CUS_0206,13380.0,insufficient_funds,wallet,0,77172.23,0.7828,0.8647,10,0,0
PAY_003415,CUS_0231,21548.63,renewal_failed,card,1,281495.49,0.8782,0.6759,17,0,1
PAY_003416,CUS_0108,19315.54,card_declined,wallet,3,106892.62,0.8443,0.6456,15,0,1
PAY_003417,CUS_0500,12595.25,expired_method,netbanking,2,61656.07,0.8803,0.8389,20,3,0
PAY_003418,CUS_0418,144582.32,network_error,netbanking,1,223519.83,0.7335,0.8405,14,5,0
PAY_003419,CUS_0808,20523.56,network_error,upi,1,305790.31,0.7873,0.8471,12,6,1
PAY_003420,CUS_0493,31688.75,insufficient_funds,upi,1,124407.23,0.9024,0.7816,1,5,1
PAY_003421,CUS_0035,12008.29,card_declined,card,1,253743.59,0.7414,0.6953,20,1,0
PAY_003422,CUS_0788,1053.81,expired_method,upi,1,30125.08,0.8671,0.8022,11,5,1
PAY_003423,CUS_0491,17721.83,network_error,wallet,0,112280.72,0.7367,0.67,8,0,0
PAY_003424,CUS_0309,11163.74,renewal_failed,wallet,2,39643.73,0.8559,0.7749,19,6,0
PAY_003425,CUS_0583,12241.99,card_declined,upi,0,146393.25,0.8567,0.7989,19,3,0
PAY_003426,CUS_0011,14044.1,network_error,card,0,198117.35,0.9919,0.7735,14,6,0
PAY_003427,CUS_0543,8483.91,renewal_failed,wallet,0,310189.59,0.836,0.7862,14,0,1
PAY_003428,CUS_0616,8441.46,card_declined,netbanking,2,218413.55,0.634,0.845,21,6,0
PAY_003429,CUS_0353,18454.86,renewal_failed,netbanking,1,95853.12,0.8379,0.5064,11,3,0
PAY_003430,CUS_0573,4639.06,card_declined,netbanking,1,226173.86,0.7693,0.6458,15,3,0
PAY_003431,CUS_0418,18757.54,network_error,wallet,2,149743.81,0.6975,0.9148,11,5,0
PAY_003432,CUS_0824,12067.31,network_error,card,3,207671.87,0.8616,0.4879,19,1,0
PAY_003433,CUS_0178,10442.76,insufficient_funds,card,0,283904.1,0.7847,0.7471,9,1,0
PAY_003434,CUS_0414,23441.01,renewal_failed,card,1,311029.3,0.6963,0.6508,15,5,0
PAY_003435,CUS_0262,51313.22,insufficient_funds,netbanking,3,227339.64,0.8311,0.693,9,5,0
PAY_003436,CUS_0561,3596.49,network_error,card,0,36008.54,0.885,0.5673,17,6,1
PAY_003437,CUS_0264,17631.74,card_declined,card,3,291031.54,0.6625,0.776,19,6,0
PAY_003438,CUS_0844,2318.64,network_error,wallet,2,192371.04,0.9398,0.5974,7,0,1
PAY_003439,CUS_0094,6490.84,network_error,upi,1,313118.22,0.9562,0.8398,9,1,1
PAY_003440,CUS_0468,14597.8,expired_method,wallet,1,33334.34,0.9266,0.7834,21,6,0
PAY_003441,CUS_0194,19424.77,card_declined,card,1,297155.54,0.8418,0.8035,9,2,0
PAY_003442,CUS_0692,54826.39,network_error,netbanking,0,199362.34,0.9094,0.744,17,6,1
PAY_003443,CUS_0143,7769.25,renewal_failed,upi,1,282323.81,0.9421,0.7783,20,6,1
PAY_003444,CUS_0629,37251.32,card_declined,wallet,2,113595.11,0.7539,0.8914,23,5,0
PAY_003445,CUS_0176,18209.3,network_error,card,2,274760.96,0.8187,0.7178,15,2,0
PAY_003446,CUS_0648,10839.61,network_error,netbanking,2,201840.25,0.8441,0.7378,1,2,0
PAY_003447,CUS_0342,21067.45,insufficient_funds,wallet,0,92695.23,0.8356,0.8312,19,5,0
PAY_003448,CUS_0334,76797.42,card_declined,wallet,1,86554.47,0.7747,0.5014,20,6,0
PAY_003449,CUS_0711,4002.62,network_error,netbanking,1,292642.27,0.7368,0.7333,17,4,0
PAY_003450,CUS_0130,36748.82,network_error,card,2,119158.78,0.7697,0.8899,12,0,1
PAY_003451,CUS_0666,32519.7,renewal_failed,upi,1,217116.48,0.8208,0.6671,20,4,0
PAY_003452,CUS_0488,4334.37,network_error,upi,1,210966.06,0.7064,0.7834,14,3,0
PAY_003453,CUS_0631,7253.69,card_declined,netbanking,1,105228.55,0.6442,0.8743,6,6,1
PAY_003454,CUS_0540,6532.16,expired_method,card,1,45952.17,0.7506,0.885,9,0,0
PAY_003455,CUS_0059,5655.38,network_error,upi,1,189965.29,0.913,0.8952,10,5,0
PAY_003456,CUS_0433,18694.18,insufficient_funds,upi,1,246553.59,0.7886,0.8756,16,4,1
PAY_003457,CUS_0512,38764.5,expired_method,wallet,0,92180.98,0.8904,0.7724,21,1,1
PAY_003458,CUS_0799,8241.92,card_declined,card,1,253696.36,0.7633,0.8106,19,3,0
PAY_003459,CUS_0434,25000.38,renewal_failed,card,1,257199.23,0.9084,0.6924,11,2,0
PAY_003460,CUS_0602,13318.0,card_declined,upi,1,143363.34,0.8576,0.7536,11,3,0
PAY_003461,CUS_0320,22160.14,network_error,netbanking,0,202795.4,0.775,0.8126,20,0,0
PAY_003462,CUS_0146,44133.92,expired_method,wallet,1,266018.39,0.8846,0.7655,20,2,1
PAY_003463,CUS_0286,28810.98,insufficient_funds,netbanking,2,85065.19,0.8802,0.7127,15,0,0
PAY_003464,CUS_0530,17708.79,network_error,upi,2,200820.53,0.7998,0.7207,18,4,0
PAY_003465,CUS_0401,25336.96,expired_method,wallet,0,228783.21,0.7251,0.9362,14,1,1
PAY_003466,CUS_0177,16033.42,renewal_failed,card,1,296971.75,0.756,0.906,14,4,0
PAY_003467,CUS_0839,3915.76,expired_method,upi,3,286102.25,0.9007,0.7451,18,2,0
PAY_003468,CUS_0848,22217.06,network_error,netbanking,1,177928.3,0.917,0.72,5,2,0
PAY_003469,CUS_0651,27105.52,expired_method,card,0,284050.71,0.7105,0.8006,17,1,1
PAY_003470,CUS_0716,8533.4,renewal_failed,card,0,270881.84,0.8314,0.6076,5,1,1
PAY_003471,CUS_0692,12799.8,renewal_failed,card,1,146124.67,0.8149,0.657,20,0,1
PAY_003472,CUS_0389,21664.49,card_declined,upi,2,235058.36,0.836,0.7018,23,1,0
PAY_003473,CUS_0321,6508.77,card_declined,card,1,10748.43,0.7724,0.9233,22,4,0
PAY_003474,CUS_0385,37000.68,network_error,upi,1,74224.2,0.7591,0.6431,1,2,0
PAY_003475,CUS_0153,105768.37,insufficient_funds,card,1,175406.9,0.853,0.5857,20,6,0
PAY_003476,CUS_0833,164385.12,expired_method,upi,0,111314.11,0.8052,0.6845,5,0,0
PAY_003477,CUS_0700,5655.85,network_error,card,0,201565.77,0.8557,0.6519,19,3,1
PAY_003478,CUS_0448,7915.62,insufficient_funds,netbanking,1,8236.67,0.7118,0.6216,15,5,0
PAY_003479,CUS_0688,7357.53,card_declined,card,2,96344.97,0.8485,0.7577,2,3,0
PAY_003480,CUS_0455,24478.5,network_error,netbanking,1,301394.06,0.6222,0.674,8,4,0
PAY_003481,CUS_0294,19542.88,card_declined,upi,2,116294.92,0.9226,0.6542,9,0,1
PAY_003482,CUS_0076,20656.99,renewal_failed,card,1,192632.84,0.9666,0.5264,20,1,1
PAY_003483,CUS_0435,12564.73,network_error,wallet,1,102939.56,0.7875,0.6346,21,2,1
PAY_003484,CUS_0262,37856.34,renewal_failed,upi,3,106810.57,0.8217,0.6388,18,4,0
PAY_003485,CUS_0761,31725.62,network_error,wallet,1,253442.94,0.8191,0.6598,14,5,0
PAY_003486,CUS_0755,7756.93,insufficient_funds,upi,1,139031.36,0.7681,0.7682,7,4,1
PAY_003487,CUS_0469,23475.29,renewal_failed,upi,2,267639.18,0.8871,0.8653,13,3,0
PAY_003488,CUS_0846,24613.93,card_declined,wallet,1,306042.0,0.7321,0.9833,1,5,1
PAY_003489,CUS_0405,10680.88,renewal_failed,card,2,24361.81,0.8329,0.6585,10,2,0
PAY_003490,CUS_0191,27407.47,expired_method,upi,1,186163.78,0.7618,0.774,11,6,0
PAY_003491,CUS_0206,32714.63,insufficient_funds,upi,3,55060.33,0.8112,0.8325,20,5,1
PAY_003492,CUS_0106,2059.38,insufficient_funds,wallet,2,137889.06,0.8722,0.8223,8,1,0
PAY_003493,CUS_0643,5669.61,expired_method,card,2,229384.99,0.8882,0.8285,12,1,0
PAY_003494,CUS_0389,16361.1,renewal_failed,card,2,36023.14,0.9285,0.4919,16,5,0
PAY_003495,CUS_0053,11745.19,insufficient_funds,wallet,1,172140.4,0.9336,0.5165,18,5,0
PAY_003496,CUS_0436,9570.72,expired_method,wallet,2,319495.35,0.8992,0.6448,3,0,0
PAY_003497,CUS_0831,16056.11,renewal_failed,card,2,274489.58,0.9166,0.6912,19,0,0
PAY_003498,CUS_0677,8228.41,renewal_failed,upi,1,36495.88,0.8696,0.7666,20,1,1
PAY_003499,CUS_0176,34646.62,insufficient_funds,wallet,3,188623.0,0.7699,0.5883,8,1,0
PAY_003500,CUS_0690,18470.27,insufficient_funds,card,2,70119.79,0.8638,0.3892,1,2,0
PAY_003501,CUS_0541,7014.65,card_declined,upi,1,232944.94,0.5941,0.6199,16,6,0
PAY_003502,CUS_0760,9535.77,card_declined,netbanking,1,67649.5,0.8011,0.6457,21,0,1
PAY_003503,CUS_0462,7983.73,expired_method,upi,1,105612.17,0.8158,0.7563,10,6,0
PAY_003504,CUS_0027,16723.46,card_declined,netbanking,2,83232.37,0.8995,0.5716,15,5,0
PAY_003505,CUS_0571,3703.6,insufficient_funds,upi,1,160639.79,0.8315,0.7443,14,3,0
PAY_003506,CUS_0300,15459.41,network_error,netbanking,2,118744.38,0.8733,0.6923,18,0,1
PAY_003507,CUS_0365,20225.45,insufficient_funds,card,2,79861.09,0.8453,0.618,2,0,0
PAY_003508,CUS_0234,19863.96,network_error,card,0,316104.2,0.759,0.6213,16,1,1
PAY_003509,CUS_0150,4982.95,card_declined,upi,0,191049.99,0.8772,0.6473,6,4,1
PAY_003510,CUS_0207,25996.1,network_error,netbanking,2,200178.72,0.8679,0.711,17,1,0
PAY_003511,CUS_0153,23452.0,renewal_failed,netbanking,2,242900.52,0.7251,0.6664,8,4,0
PAY_003512,CUS_0139,5607.13,insufficient_funds,wallet,1,180915.34,0.9474,0.7837,19,1,0
PAY_003513,CUS_0071,45589.86,insufficient_funds,card,1,235019.82,0.7085,0.6046,10,1,0
PAY_003514,CUS_0125,10265.57,insufficient_funds,wallet,1,78978.32,0.775,0.7175,21,2,0
PAY_003515,CUS_0362,9281.52,network_error,card,2,286563.95,0.9227,0.701,17,1,0
PAY_003516,CUS_0065,15486.42,expired_method,wallet,0,77797.42,0.7133,0.9675,16,0,0
PAY_003517,CUS_0523,20133.8,card_declined,wallet,3,25036.83,0.8648,0.6224,14,4,0
PAY_003518,CUS_0843,32692.55,insufficient_funds,netbanking,1,176809.16,0.9401,0.5712,8,6,0
PAY_003519,CUS_0604,10749.99,card_declined,card,2,213809.78,0.7401,0.7179,17,4,0
PAY_003520,CUS_0169,35463.87,network_error,card,1,169833.6,0.9494,0.6791,19,3,0
PAY_003521,CUS_0847,81730.46,insufficient_funds,card,1,113062.71,0.864,0.6928,8,5,0
PAY_003522,CUS_0277,23469.73,renewal_failed,netbanking,2,135502.85,0.8152,0.7978,6,5,0
PAY_003523,CUS_0062,13947.14,expired_method,netbanking,2,221770.8,0.8486,0.621,17,0,0
PAY_003524,CUS_0139,3387.74,insufficient_funds,netbanking,1,242597.99,0.7532,0.8086,12,6,0
PAY_003525,CUS_0320,11662.76,network_error,wallet,1,210488.11,0.8238,0.7078,4,6,0
PAY_003526,CUS_0403,7480.41,insufficient_funds,wallet,3,150612.78,0.9506,0.6046,8,2,0
PAY_003527,CUS_0813,5511.24,insufficient_funds,wallet,0,19860.08,0.9711,0.6373,12,0,1
PAY_003528,CUS_0686,24442.71,network_error,upi,1,171154.46,0.628,0.7959,16,3,0
PAY_003529,CUS_0823,8376.49,insufficient_funds,netbanking,2,125207.46,0.8329,0.6689,11,1,0
PAY_003530,CUS_0585,11065.07,expired_method,card,3,80520.22,0.671,0.7956,19,1,0
PAY_003531,CUS_0290,29082.25,insufficient_funds,netbanking,2,155856.23,0.9401,0.8499,15,6,0
PAY_003532,CUS_0571,43608.58,insufficient_funds,netbanking,1,140811.54,0.777,0.5198,22,2,1
PAY_003533,CUS_0393,13554.81,insufficient_funds,wallet,1,100634.47,0.8161,0.8905,8,4,0
PAY_003534,CUS_0413,27405.39,renewal_failed,upi,1,245255.42,0.9457,0.5647,19,0,0
PAY_003535,CUS_0618,7555.22,network_error,upi,2,143308.32,0.8207,0.9085,4,0,1
PAY_003536,CUS_0644,28626.79,insufficient_funds,wallet,1,282672.02,0.883,0.8412,22,3,0
PAY_003537,CUS_0477,4167.89,card_declined,card,1,56433.35,0.7331,0.8083,11,3,0
PAY_003538,CUS_0746,19834.31,card_declined,netbanking,0,28169.44,0.6981,0.6123,19,3,0
PAY_003539,CUS_0385,26759.51,renewal_failed,wallet,0,274327.22,0.8258,0.6773,14,4,0
PAY_003540,CUS_0572,9987.98,renewal_failed,card,1,274735.15,0.9447,0.9147,10,0,1
PAY_003541,CUS_0065,14207.68,card_declined,upi,1,294161.0,0.9015,0.765,11,0,1
PAY_003542,CUS_0268,13853.46,network_error,wallet,0,249507.79,0.7654,0.7894,9,6,0
PAY_003543,CUS_0815,19995.47,renewal_failed,card,2,141398.01,0.8402,0.4144,5,1,0
PAY_003544,CUS_0160,3541.11,renewal_failed,upi,2,166791.29,0.8573,0.8275,17,5,1
PAY_003545,CUS_0044,18469.66,expired_method,card,1,229939.65,0.7427,0.7655,19,1,1
PAY_003546,CUS_0188,4172.44,expired_method,upi,0,65210.06,0.7866,0.8057,18,6,0
PAY_003547,CUS_0384,51775.58,renewal_failed,netbanking,2,265936.42,0.9104,0.758,18,1,0
PAY_003548,CUS_0015,35295.79,insufficient_funds,netbanking,2,307865.38,0.8993,0.6774,19,3,0
PAY_003549,CUS_0507,12677.3,network_error,card,1,129325.17,0.8127,0.6338,7,2,0
PAY_003550,CUS_0023,18291.01,expired_method,card,1,177317.23,0.9546,0.7916,8,0,0
PAY_003551,CUS_0752,21430.66,expired_method,netbanking,0,251890.58,0.7879,0.248,19,5,0
PAY_003552,CUS_0578,10906.27,network_error,upi,1,232768.16,0.7697,0.4584,11,4,0
PAY_003553,CUS_0578,47723.0,card_declined,card,2,14899.04,0.952,0.646,15,4,0
PAY_003554,CUS_0039,2516.09,expired_method,wallet,1,17895.64,0.9371,0.6744,10,4,0
PAY_003555,CUS_0211,5195.41,card_declined,wallet,2,226608.66,0.8477,0.9186,17,2,1
PAY_003556,CUS_0160,22136.09,renewal_failed,card,3,236037.28,0.7414,0.6184,15,0,1
PAY_003557,CUS_0820,29673.54,expired_method,netbanking,0,197788.06,0.9664,0.7667,9,2,0
PAY_003558,CUS_0507,21441.52,card_declined,card,3,230750.19,0.691,0.8272,11,1,0
PAY_003559,CUS_0220,18241.77,network_error,upi,1,118386.81,0.9248,0.624,8,1,1
PAY_003560,CUS_0160,3236.06,renewal_failed,upi,1,186757.78,0.8385,0.7483,6,0,1
PAY_003561,CUS_0418,4371.94,card_declined,upi,2,255833.76,0.9096,0.8128,10,6,0
PAY_003562,CUS_0838,6363.64,network_error,upi,1,76249.27,0.8424,0.6984,20,6,0
PAY_003563,CUS_0819,27862.85,insufficient_funds,upi,1,90433.5,0.8781,0.6921,18,4,0
PAY_003564,CUS_0473,11999.7,insufficient_funds,wallet,2,271544.65,0.7258,0.9278,13,3,0
PAY_003565,CUS_0525,27557.2,insufficient_funds,wallet,1,201254.8,0.8274,0.9469,11,3,0
PAY_003566,CUS_0800,22574.02,expired_method,card,1,190483.16,0.9195,0.9243,7,0,1
PAY_003567,CUS_0736,12656.78,network_error,upi,0,102216.91,0.8535,0.5464,18,3,0
PAY_003568,CUS_0100,15181.04,expired_method,card,0,158837.06,0.8603,0.6019,18,1,0
PAY_003569,CUS_0244,8680.24,network_error,upi,2,118987.3,0.9433,0.5145,16,3,0
PAY_003570,CUS_0162,13450.73,renewal_failed,card,1,303449.91,0.7255,0.5708,19,6,0
PAY_003571,CUS_0167,8682.6,expired_method,upi,2,99995.21,0.8637,0.6638,18,4,0
PAY_003572,CUS_0415,13704.3,renewal_failed,upi,2,183837.45,0.9344,0.7698,19,3,0
PAY_003573,CUS_0817,13259.9,renewal_failed,wallet,2,144297.12,0.7743,0.7497,13,3,0
PAY_003574,CUS_0312,15805.94,renewal_failed,upi,1,296706.14,0.8849,0.7957,15,5,0
PAY_003575,CUS_0587,9403.18,insufficient_funds,netbanking,1,86419.21,0.7528,0.6943,18,2,0
PAY_003576,CUS_0444,16152.62,card_declined,card,1,289642.33,0.6729,0.7375,7,3,0
PAY_003577,CUS_0176,3898.35,card_declined,netbanking,2,35167.35,0.8904,0.6184,22,5,0
PAY_003578,CUS_0669,17329.98,insufficient_funds,card,1,285103.3,0.7674,0.6532,14,5,0
PAY_003579,CUS_0605,1705.19,insufficient_funds,wallet,1,157389.0,0.9178,0.676,18,4,1
PAY_003580,CUS_0502,29164.19,expired_method,wallet,2,54380.2,0.8043,0.9267,7,0,0
PAY_003581,CUS_0427,23766.0,network_error,card,1,167255.24,0.7483,0.7305,19,0,0
PAY_003582,CUS_0563,10392.88,renewal_failed,upi,3,267149.38,0.8446,0.7483,5,2,0
PAY_003583,CUS_0110,29261.86,expired_method,netbanking,1,50485.61,0.7235,0.7792,17,5,0
PAY_003584,CUS_0091,6826.14,card_declined,wallet,2,139536.1,0.9365,0.7837,19,1,0
PAY_003585,CUS_0386,5258.04,renewal_failed,upi,1,169433.06,0.8032,0.7128,0,2,0
PAY_003586,CUS_0547,13918.41,renewal_failed,card,1,226014.63,0.8859,0.8426,8,6,1
PAY_003587,CUS_0466,37124.35,renewal_failed,card,0,203647.43,0.9194,0.8152,13,1,0
PAY_003588,CUS_0798,16919.68,card_declined,upi,0,37691.48,0.7874,0.7087,15,2,0
PAY_003589,CUS_0462,14262.84,card_declined,card,1,119918.86,0.7466,0.7266,18,2,0
PAY_003590,CUS_0141,13832.91,expired_method,netbanking,1,68374.93,0.9493,0.6047,0,1,1
PAY_003591,CUS_0631,7664.21,network_error,netbanking,1,192811.38,0.6607,0.5874,16,6,0
PAY_003592,CUS_0522,20796.38,network_error,wallet,3,154285.62,0.6972,0.7658,21,1,0
PAY_003593,CUS_0671,53034.02,network_error,netbanking,0,284417.03,0.8346,0.7573,4,1,0
PAY_003594,CUS_0763,16176.33,renewal_failed,netbanking,0,236356.11,0.949,0.5632,9,0,0
PAY_003595,CUS_0702,12258.85,renewal_failed,netbanking,0,312697.04,0.9506,0.9434,21,1,0
PAY_003596,CUS_0391,3258.93,network_error,card,1,238292.67,0.8491,0.3305,14,3,1
PAY_003597,CUS_0830,26450.83,expired_method,netbanking,2,64208.98,0.9114,0.5064,1,6,0
PAY_003598,CUS_0265,3581.86,network_error,card,1,95090.47,0.6939,0.5791,16,6,0
PAY_003599,CUS_0510,41726.96,card_declined,netbanking,2,310011.19,0.8386,0.5924,12,0,0
PAY_003600,CUS_0024,32015.41,renewal_failed,netbanking,1,49519.5,0.9267,0.5993,20,5,0
PAY_003601,CUS_0837,7795.09,network_error,wallet,1,156997.88,0.8205,0.6255,9,3,0
PAY_003602,CUS_0111,16882.16,insufficient_funds,upi,1,249068.3,0.642,0.7541,13,1,0
PAY_003603,CUS_0007,9712.81,insufficient_funds,wallet,0,203627.16,0.8157,0.529,19,1,0
PAY_003604,CUS_0168,4112.29,network_error,card,3,287631.43,0.9107,0.657,1,1,1
PAY_003605,CUS_0633,9255.67,card_declined,card,1,107583.74,0.8834,0.7512,9,5,1
PAY_003606,CUS_0038,6134.24,expired_method,upi,0,124813.69,0.888,0.9483,20,0,0
PAY_003607,CUS_0675,4189.84,card_declined,netbanking,1,149083.91,0.8947,0.6773,18,5,0
PAY_003608,CUS_0829,12502.73,renewal_failed,upi,1,262963.53,0.8752,0.6715,18,1,0
PAY_003609,CUS_0556,23413.97,network_error,wallet,3,49372.42,0.8586,0.7722,17,6,0
PAY_003610,CUS_0190,15732.93,expired_method,upi,1,315700.63,0.7556,0.6497,17,2,0
PAY_003611,CUS_0204,25516.27,insufficient_funds,netbanking,1,292932.67,0.8997,0.7801,9,1,0
PAY_003612,CUS_0570,28238.62,expired_method,card,1,108942.25,0.7689,0.9122,15,1,0
PAY_003613,CUS_0151,26493.6,insufficient_funds,upi,1,269792.18,0.9314,0.5863,6,2,0
PAY_003614,CUS_0507,22301.83,network_error,card,2,87175.82,0.5896,0.9119,1,4,0
PAY_003615,CUS_0249,5419.5,insufficient_funds,card,1,32002.77,0.8653,0.8616,13,4,0
PAY_003616,CUS_0487,4638.76,card_declined,wallet,0,92277.85,0.7262,0.3637,19,1,1
PAY_003617,CUS_0465,31318.15,insufficient_funds,card,1,171807.66,0.8765,0.7673,21,5,0
PAY_003618,CUS_0201,1859.25,network_error,card,1,163764.75,0.9214,0.6947,10,0,1
PAY_003619,CUS_0321,42229.81,card_declined,card,1,11890.63,0.9027,0.6658,18,3,0
PAY_003620,CUS_0141,36186.37,expired_method,netbanking,0,130098.73,0.8609,0.5806,18,0,1
PAY_003621,CUS_0595,13964.94,expired_method,card,3,91250.58,0.8497,0.6335,2,5,0
PAY_003622,CUS_0686,18873.92,insufficient_funds,upi,0,283827.64,0.5997,0.5601,17,2,0
PAY_003623,CUS_0689,38668.71,renewal_failed,card,2,142927.25,0.6869,0.5496,18,2,1
PAY_003624,CUS_0721,10842.58,network_error,netbanking,1,105653.31,0.8368,0.7055,16,4,0
PAY_003625,CUS_0722,23021.87,renewal_failed,wallet,2,245389.97,0.7949,0.7466,7,5,1
PAY_003626,CUS_0799,5654.32,expired_method,wallet,1,63454.03,0.884,0.6884,21,5,0
PAY_003627,CUS_0449,58168.22,insufficient_funds,card,1,72981.8,0.7871,0.7673,14,5,0
PAY_003628,CUS_0638,13753.43,insufficient_funds,card,2,231306.53,0.8877,0.8004,17,5,0
PAY_003629,CUS_0780,7134.71,network_error,upi,0,74261.38,0.5456,0.6874,9,4,0
PAY_003630,CUS_0524,11754.8,expired_method,upi,1,26981.6,0.8287,0.8047,15,6,0
PAY_003631,CUS_0333,10095.42,renewal_failed,upi,1,101945.37,0.7191,0.7894,20,5,0
PAY_003632,CUS_0724,25339.66,expired_method,card,0,62121.95,0.7701,0.9375,19,0,1
PAY_003633,CUS_0103,19243.35,card_declined,upi,1,58610.92,0.8858,0.8424,7,3,0
PAY_003634,CUS_0603,6837.18,network_error,card,0,307467.09,0.9422,0.7088,18,0,0
PAY_003635,CUS_0350,11223.12,network_error,card,1,32753.48,0.7655,0.8053,19,1,0
PAY_003636,CUS_0722,18096.16,expired_method,upi,2,208732.57,0.9235,0.8268,10,4,0
PAY_003637,CUS_0413,2525.19,renewal_failed,upi,0,261432.56,0.8186,0.5437,20,5,1
PAY_003638,CUS_0056,30447.11,expired_method,card,3,294943.61,0.7814,0.8253,17,4,1
PAY_003639,CUS_0163,5277.59,network_error,netbanking,3,254674.73,0.8914,0.4053,8,2,1
PAY_003640,CUS_0365,5898.41,renewal_failed,upi,1,175454.15,0.8835,0.8532,17,1,1
PAY_003641,CUS_0489,22842.9,card_declined,netbanking,2,100302.87,0.9062,0.9462,16,1,0
PAY_003642,CUS_0275,12435.82,renewal_failed,wallet,1,89669.02,0.8527,0.7945,8,5,0
PAY_003643,CUS_0151,4201.19,insufficient_funds,card,0,196573.02,0.8151,0.5494,17,6,1
PAY_003644,CUS_0249,4887.59,card_declined,netbanking,2,278204.09,0.9663,0.7748,10,0,0
PAY_003645,CUS_0219,23343.47,card_declined,wallet,1,300882.42,0.8334,0.4792,16,0,0
PAY_003646,CUS_0805,41839.99,expired_method,upi,0,189543.73,0.6657,0.6431,17,3,0
PAY_003647,CUS_0671,7319.45,network_error,wallet,1,241834.6,0.8368,0.5707,17,6,0
PAY_003648,CUS_0530,27815.46,card_declined,card,1,219963.28,0.9144,0.7281,20,1,1
PAY_003649,CUS_0561,16234.04,expired_method,wallet,2,215145.73,0.9742,0.6811,21,6,0
PAY_003650,CUS_0742,20286.78,renewal_failed,card,1,303391.32,0.9013,0.9066,21,6,0
PAY_003651,CUS_0820,13087.92,expired_method,netbanking,1,135776.19,0.7652,0.5953,17,4,1
PAY_003652,CUS_0665,8864.8,expired_method,upi,0,10864.47,0.819,0.6721,16,5,0
PAY_003653,CUS_0707,19564.08,network_error,card,2,119236.32,0.8563,0.7235,10,3,0
PAY_003654,CUS_0507,20732.07,renewal_failed,netbanking,1,163634.93,0.8901,0.5317,17,3,0
PAY_003655,CUS_0393,12032.02,card_declined,upi,0,262758.61,0.8529,0.5891,7,5,0
PAY_003656,CUS_0479,43731.06,insufficient_funds,upi,1,260333.22,0.8804,0.7086,18,5,0
PAY_003657,CUS_0488,5106.75,network_error,card,1,309060.69,0.6735,0.7118,19,4,0
PAY_003658,CUS_0385,14847.35,insufficient_funds,wallet,1,291577.41,0.916,0.4911,18,4,0
PAY_003659,CUS_0502,16078.03,card_declined,upi,1,244926.59,0.7192,0.8673,18,0,0
PAY_003660,CUS_0424,21327.29,network_error,wallet,2,293526.56,0.6683,0.8005,12,2,1
PAY_003661,CUS_0707,5641.89,renewal_failed,upi,1,96578.58,0.6107,0.6044,16,4,0
PAY_003662,CUS_0443,32480.93,insufficient_funds,wallet,0,181641.42,0.8298,0.8329,3,5,0
PAY_003663,CUS_0061,38461.22,expired_method,card,0,212319.1,0.8931,0.8484,7,0,1
PAY_003664,CUS_0273,16525.27,renewal_failed,upi,0,179175.51,0.8381,0.3287,14,6,0
PAY_003665,CUS_0769,5581.15,network_error,upi,2,185777.45,0.7615,0.8015,20,0,0
PAY_003666,CUS_0849,15199.11,card_declined,wallet,1,107201.98,0.6375,0.8458,12,6,1
PAY_003667,CUS_0447,9755.34,network_error,card,1,12702.04,0.8845,0.7648,18,2,1
PAY_003668,CUS_0724,8185.47,network_error,wallet,1,94468.33,0.7555,0.6976,14,4,0
PAY_003669,CUS_0689,17706.53,renewal_failed,wallet,3,74120.45,0.8457,0.5664,20,3,1
PAY_003670,CUS_0737,6785.41,expired_method,netbanking,1,295280.28,0.8886,0.9247,7,4,1
PAY_003671,CUS_0693,16135.81,expired_method,upi,2,195437.24,0.767,0.6839,4,2,0
PAY_003672,CUS_0010,27796.56,card_declined,upi,0,86672.8,0.8671,0.7877,16,5,0
PAY_003673,CUS_0431,6409.19,insufficient_funds,netbanking,1,166550.53,0.7434,0.6972,14,1,1
PAY_003674,CUS_0300,3423.54,expired_method,card,1,96241.86,0.8413,0.8434,19,5,0
PAY_003675,CUS_0609,76611.51,network_error,upi,1,171962.6,0.8607,0.5756,5,4,0
PAY_003676,CUS_0326,10942.27,network_error,netbanking,3,24146.97,0.838,0.9018,7,5,0
PAY_003677,CUS_0452,9001.02,insufficient_funds,card,1,166174.77,0.7303,0.6488,5,4,0
PAY_003678,CUS_0233,7633.36,renewal_failed,netbanking,1,307812.65,0.91,0.6096,14,0,0
PAY_003679,CUS_0795,13917.92,expired_method,wallet,2,233050.23,0.9207,0.5307,17,5,0
PAY_003680,CUS_0459,905.79,insufficient_funds,netbanking,0,152735.02,0.9525,0.7647,18,2,1
PAY_003681,CUS_0495,7462.62,insufficient_funds,card,3,177517.73,0.7625,0.6794,5,4,1
PAY_003682,CUS_0477,10252.95,insufficient_funds,netbanking,1,223936.66,0.8637,0.8848,18,6,1
PAY_003683,CUS_0060,31321.62,insufficient_funds,card,3,31598.46,0.7912,0.8715,20,2,0
PAY_003684,CUS_0093,17018.86,renewal_failed,card,0,156443.09,0.8633,0.628,19,6,0
PAY_003685,CUS_0652,35660.62,network_error,netbanking,1,272449.5,0.8057,0.5909,16,3,0
PAY_003686,CUS_0560,23939.79,network_error,upi,1,36821.42,0.8924,0.6093,18,1,1
PAY_003687,CUS_0713,16414.21,card_declined,upi,1,104926.55,0.8895,0.6043,19,2,1
PAY_003688,CUS_0784,4661.38,renewal_failed,card,0,316663.79,0.8123,0.7468,14,3,1
PAY_003689,CUS_0295,40112.05,card_declined,netbanking,0,301759.06,0.9382,0.7122,19,2,1
PAY_003690,CUS_0099,17543.92,network_error,netbanking,1,135890.27,0.9622,0.9243,10,4,0
PAY_003691,CUS_0577,3793.94,renewal_failed,card,1,54430.63,0.8323,0.9104,16,0,0
PAY_003692,CUS_0155,29391.84,expired_method,wallet,1,56845.47,0.7219,0.713,7,2,0
PAY_003693,CUS_0562,10961.54,renewal_failed,upi,2,177171.09,0.8297,0.8337,18,6,1
PAY_003694,CUS_0685,20739.15,expired_method,card,2,284940.99,0.8806,0.8475,1,3,1
PAY_003695,CUS_0028,19461.18,expired_method,netbanking,2,209960.14,0.8952,0.4894,14,5,0
PAY_003696,CUS_0526,19299.11,card_declined,netbanking,0,260655.85,0.8467,0.5626,20,2,0
PAY_003697,CUS_0393,50478.33,network_error,card,2,207659.84,0.8448,0.8437,20,5,0
PAY_003698,CUS_0212,17506.22,insufficient_funds,netbanking,1,137042.24,0.7823,0.8485,10,2,0
PAY_003699,CUS_0663,53143.32,expired_method,wallet,1,57115.95,0.9299,0.7122,20,0,1
PAY_003700,CUS_0325,3779.14,expired_method,upi,0,174181.39,0.8716,0.4936,15,6,0
PAY_003701,CUS_0096,17034.06,card_declined,upi,1,207874.43,0.8188,0.8434,20,3,0
PAY_003702,CUS_0616,5635.99,card_declined,netbanking,1,249706.06,0.8582,0.66,19,4,0
PAY_003703,CUS_0640,14305.09,network_error,upi,1,157176.59,0.7909,0.8318,7,5,0
PAY_003704,CUS_0127,10967.52,network_error,upi,1,172364.43,0.9062,0.6562,7,4,0
PAY_003705,CUS_0370,18499.13,network_error,wallet,0,185681.23,0.81,0.5753,12,0,1
PAY_003706,CUS_0335,17960.53,insufficient_funds,netbanking,1,25678.7,0.9287,0.8823,12,5,1
PAY_003707,CUS_0478,30089.89,network_error,netbanking,1,73119.3,0.9359,0.8567,16,5,0
PAY_003708,CUS_0578,36667.39,network_error,wallet,0,284020.47,0.7413,0.7617,9,6,0
PAY_003709,CUS_0532,4999.43,expired_method,upi,3,100690.93,0.8962,0.8685,21,5,0
PAY_003710,CUS_0271,4513.86,card_declined,netbanking,1,33751.12,0.846,0.8642,20,1,0
PAY_003711,CUS_0729,12554.74,network_error,upi,1,213471.63,0.9469,0.6784,4,3,0
PAY_003712,CUS_0393,24158.44,network_error,wallet,1,300195.93,0.7004,0.842,7,4,1
PAY_003713,CUS_0035,37553.47,insufficient_funds,upi,1,256642.19,0.8007,0.763,3,5,1
PAY_003714,CUS_0222,26476.67,expired_method,card,1,272382.39,0.6806,0.6563,18,1,0
PAY_003715,CUS_0671,5862.86,insufficient_funds,card,2,154561.91,0.6031,0.8428,18,4,0
PAY_003716,CUS_0785,14449.31,expired_method,wallet,1,141019.39,0.9099,0.6535,18,5,0
PAY_003717,CUS_0431,10481.13,insufficient_funds,netbanking,1,150038.92,0.4698,0.7139,7,1,0
PAY_003718,CUS_0256,19050.97,renewal_failed,card,1,110753.73,0.8703,0.6606,10,1,0
PAY_003719,CUS_0749,10112.02,expired_method,card,1,199301.85,0.805,0.6879,10,4,0
PAY_003720,CUS_0714,15863.46,renewal_failed,card,1,169745.22,0.7716,0.6699,23,4,0
PAY_003721,CUS_0634,4197.67,renewal_failed,card,1,305797.21,0.7194,0.599,9,2,0
PAY_003722,CUS_0542,9660.47,expired_method,card,1,276962.79,0.8398,0.531,22,1,0
PAY_003723,CUS_0209,7544.94,expired_method,wallet,1,282124.59,0.9359,0.6975,8,6,0
PAY_003724,CUS_0656,49653.02,card_declined,netbanking,1,159455.0,0.7344,0.7694,17,0,1
PAY_003725,CUS_0830,7869.66,expired_method,wallet,1,173899.55,0.824,0.6321,16,3,0
PAY_003726,CUS_0776,27636.69,card_declined,wallet,1,38564.24,0.901,0.6863,16,1,0
PAY_003727,CUS_0527,13705.94,expired_method,netbanking,2,65295.25,0.8479,0.6772,6,4,1
PAY_003728,CUS_0625,19150.84,card_declined,upi,1,48900.52,0.8445,0.7174,9,3,0
PAY_003729,CUS_0815,7009.06,card_declined,card,0,135268.29,0.7589,0.7554,18,3,0
PAY_003730,CUS_0463,28954.87,network_error,netbanking,3,84667.43,0.6573,0.5632,12,1,0
PAY_003731,CUS_0536,26376.02,renewal_failed,card,2,211457.05,0.9071,0.7961,6,6,0
PAY_003732,CUS_0734,25410.0,renewal_failed,wallet,0,52550.08,0.8342,0.8402,17,4,0
PAY_003733,CUS_0781,17943.93,card_declined,card,1,211141.81,0.7178,0.7294,10,5,0
PAY_003734,CUS_0078,13232.19,expired_method,card,2,291408.22,0.7191,0.4808,0,2,1
PAY_003735,CUS_0261,59963.94,network_error,card,1,148411.63,0.914,0.9253,18,4,1
PAY_003736,CUS_0704,6593.92,card_declined,netbanking,2,303288.35,0.9335,0.8049,13,5,0
PAY_003737,CUS_0331,24919.09,card_declined,netbanking,1,55649.41,0.9468,0.6617,10,4,1
PAY_003738,CUS_0433,12031.84,renewal_failed,wallet,2,69669.6,0.9401,0.7707,3,6,0
PAY_003739,CUS_0242,17528.76,renewal_failed,upi,1,272556.41,0.7459,0.9076,14,4,1
PAY_003740,CUS_0542,19369.67,expired_method,upi,2,39754.23,0.9075,0.7088,0,4,0
PAY_003741,CUS_0522,20482.67,network_error,netbanking,1,20798.21,0.8668,0.8559,5,5,0
PAY_003742,CUS_0173,8049.68,network_error,card,2,221932.79,0.8819,0.8561,7,0,0
PAY_003743,CUS_0232,16962.52,card_declined,upi,1,218154.16,0.9066,0.6622,18,0,0
PAY_003744,CUS_0262,9570.11,renewal_failed,wallet,0,157256.59,0.8353,0.4075,11,2,1
PAY_003745,CUS_0509,9380.45,network_error,card,1,241134.89,0.5919,0.6769,21,4,1
PAY_003746,CUS_0333,20971.18,expired_method,wallet,1,226876.27,0.7083,0.7617,19,2,0
PAY_003747,CUS_0729,7986.43,insufficient_funds,upi,1,142490.98,0.8328,0.7568,10,4,1
PAY_003748,CUS_0163,57702.78,insufficient_funds,netbanking,1,118024.68,0.815,0.6112,22,6,1
PAY_003749,CUS_0172,13121.04,expired_method,upi,1,195658.07,0.7427,0.8674,17,4,0
PAY_003750,CUS_0849,6808.45,expired_method,upi,1,191117.88,0.7683,0.7669,3,1,0
PAY_003751,CUS_0492,12635.4,expired_method,card,1,195534.24,0.8803,0.8749,16,5,1
PAY_003752,CUS_0076,4280.18,card_declined,wallet,1,127351.24,0.9256,0.8777,18,1,0
PAY_003753,CUS_0839,16515.65,network_error,card,0,223965.96,0.772,0.7094,19,4,1
PAY_003754,CUS_0215,14659.66,renewal_failed,card,3,221180.33,0.8891,0.7812,20,0,0
PAY_003755,CUS_0177,29186.04,card_declined,card,1,191959.28,0.7941,0.3904,5,1,0
PAY_003756,CUS_0170,17149.42,expired_method,wallet,2,27394.78,0.7773,0.7742,18,6,0
PAY_003757,CUS_0163,19826.84,network_error,upi,2,51265.1,0.774,0.6784,8,2,1
PAY_003758,CUS_0098,14447.92,renewal_failed,upi,1,115592.86,0.7884,0.6827,18,6,1
PAY_003759,CUS_0825,15881.14,insufficient_funds,wallet,1,167118.87,0.6724,0.7818,15,6,0
PAY_003760,CUS_0493,16370.3,expired_method,wallet,1,94322.52,0.8154,0.8284,23,4,0
PAY_003761,CUS_0109,6185.39,expired_method,upi,2,58928.09,0.5134,0.5642,14,6,0
PAY_003762,CUS_0344,9408.28,network_error,wallet,3,243789.04,0.86,0.727,19,2,0
PAY_003763,CUS_0850,6485.62,insufficient_funds,upi,1,49918.03,0.9627,0.7341,17,6,0
PAY_003764,CUS_0622,93158.38,card_declined,card,1,308450.11,0.7987,0.6678,14,0,0
PAY_003765,CUS_0090,1729.15,network_error,upi,1,199493.39,0.8059,0.559,22,1,0
PAY_003766,CUS_0352,8719.58,card_declined,netbanking,0,148552.39,0.7493,0.8077,21,0,1
PAY_003767,CUS_0513,31905.36,expired_method,wallet,2,240837.76,0.7859,0.7835,11,4,0
PAY_003768,CUS_0002,26425.55,insufficient_funds,upi,2,123027.92,0.9389,0.8573,19,6,1
PAY_003769,CUS_0579,8621.28,network_error,upi,1,186939.05,0.5796,0.6904,21,1,0
PAY_003770,CUS_0607,16964.51,insufficient_funds,card,2,61107.51,0.87,0.7496,4,3,0
PAY_003771,CUS_0572,22247.63,card_declined,netbanking,1,143511.82,0.594,0.9412,10,2,1
PAY_003772,CUS_0077,49653.1,renewal_failed,card,1,59517.58,0.7015,0.567,11,3,0
PAY_003773,CUS_0531,23171.24,expired_method,upi,3,275426.36,0.8996,0.379,9,1,0
PAY_003774,CUS_0074,2849.01,card_declined,wallet,1,129800.16,0.8963,0.8744,7,3,0
PAY_003775,CUS_0258,6664.98,card_declined,card,0,214345.57,0.8459,0.6885,10,1,0
PAY_003776,CUS_0676,10588.31,card_declined,upi,1,137032.81,0.7288,0.8509,19,5,0
PAY_003777,CUS_0729,6087.8,insufficient_funds,card,2,10737.93,0.7921,0.7522,0,2,0
PAY_003778,CUS_0543,7503.78,insufficient_funds,card,1,65227.04,0.8257,0.6211,8,4,0
PAY_003779,CUS_0693,12977.24,insufficient_funds,netbanking,0,165167.73,0.9067,0.6313,20,4,1
PAY_003780,CUS_0714,31633.73,card_declined,wallet,0,157211.65,0.8783,0.5695,18,1,0
PAY_003781,CUS_0024,9269.04,network_error,netbanking,1,254601.72,0.6707,0.5205,8,0,0
PAY_003782,CUS_0380,12129.75,network_error,upi,2,151257.36,0.9509,0.821,3,5,0
PAY_003783,CUS_0086,9062.05,card_declined,netbanking,1,31337.49,0.6248,0.8526,16,4,1
PAY_003784,CUS_0775,19704.84,card_declined,upi,1,152865.09,0.8634,0.5993,10,6,1
PAY_003785,CUS_0313,15122.39,card_declined,wallet,0,80989.78,0.9194,0.6539,9,4,0
PAY_003786,CUS_0484,5626.74,card_declined,card,0,64827.8,0.5264,0.5739,19,2,0
PAY_003787,CUS_0534,11897.55,network_error,wallet,1,269481.8,0.8636,0.5601,16,4,0
PAY_003788,CUS_0746,23219.16,renewal_failed,upi,1,212659.27,0.8769,0.7341,12,1,1
PAY_003789,CUS_0602,7847.5,card_declined,upi,1,165972.76,0.942,0.7501,20,3,1
PAY_003790,CUS_0345,10626.29,expired_method,netbanking,1,295106.44,0.7886,0.7982,19,3,1
PAY_003791,CUS_0411,31706.84,renewal_failed,wallet,0,309977.17,0.8465,0.4742,1,6,1
PAY_003792,CUS_0710,19773.2,network_error,upi,0,107607.74,0.9424,0.813,11,1,0
PAY_003793,CUS_0758,12540.99,card_declined,wallet,2,313831.81,0.6895,0.7086,18,3,0
PAY_003794,CUS_0345,3272.54,expired_method,netbanking,1,231809.24,0.9071,0.57,7,6,0
PAY_003795,CUS_0004,4398.85,network_error,netbanking,1,77085.44,0.8215,0.8672,16,1,1
PAY_003796,CUS_0812,49668.85,renewal_failed,card,0,98316.71,0.8357,0.7576,20,0,0
PAY_003797,CUS_0343,3822.97,insufficient_funds,wallet,1,190251.59,0.6715,0.2592,2,4,0
PAY_003798,CUS_0327,8925.21,expired_method,card,1,249825.94,0.8232,0.5554,8,0,0
PAY_003799,CUS_0427,11473.17,card_declined,card,1,148883.88,0.9256,0.873,16,6,0
PAY_003800,CUS_0426,15348.92,insufficient_funds,card,0,255756.58,0.748,0.7384,18,2,0
PAY_003801,CUS_0754,11243.97,expired_method,card,1,80091.54,0.9335,0.8256,18,0,1
PAY_003802,CUS_0178,40419.08,expired_method,netbanking,2,98705.18,0.9503,0.4871,6,4,0
PAY_003803,CUS_0318,27624.88,network_error,card,1,269765.55,0.8461,0.8182,7,1,0
PAY_003804,CUS_0070,11285.63,insufficient_funds,wallet,1,193569.13,0.7151,0.5763,17,0,0
PAY_003805,CUS_0105,16787.14,renewal_failed,netbanking,0,281878.18,0.8438,0.7993,12,3,0
PAY_003806,CUS_0829,33144.84,expired_method,card,1,215325.08,0.9579,0.4656,10,2,0
PAY_003807,CUS_0365,20278.13,card_declined,netbanking,1,224069.64,0.9386,0.753,8,4,0
PAY_003808,CUS_0228,69216.61,expired_method,wallet,3,313295.33,0.8292,0.7908,9,2,0
PAY_003809,CUS_0500,20030.35,renewal_failed,wallet,1,25543.53,0.7425,0.707,5,1,0
PAY_003810,CUS_0386,75047.84,insufficient_funds,card,2,316396.25,0.6914,0.8994,13,1,0
PAY_003811,CUS_0709,8999.65,renewal_failed,upi,0,44692.07,0.9032,0.4626,10,0,0
PAY_003812,CUS_0509,13853.59,insufficient_funds,wallet,2,159880.7,0.9589,0.8653,16,2,0
PAY_003813,CUS_0121,21050.87,insufficient_funds,upi,2,204565.59,0.8628,0.7072,6,4,1
PAY_003814,CUS_0683,2889.44,network_error,wallet,1,41258.13,0.8664,0.7586,17,4,1
PAY_003815,CUS_0088,7678.57,card_declined,netbanking,2,263970.3,0.9612,0.8365,18,5,1
PAY_003816,CUS_0847,20847.25,network_error,netbanking,0,285433.47,0.9277,0.9397,19,3,0
PAY_003817,CUS_0542,14802.72,card_declined,wallet,0,13669.79,0.8328,0.5556,11,1,1
PAY_003818,CUS_0843,24390.4,card_declined,card,3,16678.84,0.8674,0.8171,18,6,0
PAY_003819,CUS_0786,4259.29,network_error,netbanking,1,199415.6,0.7819,0.7646,13,1,0
PAY_003820,CUS_0218,20480.29,network_error,wallet,1,166128.39,0.9003,0.8354,21,2,0
PAY_003821,CUS_0316,7323.69,insufficient_funds,wallet,1,223092.43,0.7918,0.8917,8,4,0
PAY_003822,CUS_0567,1605.54,expired_method,wallet,1,88337.95,0.6926,0.6848,7,0,1
PAY_003823,CUS_0620,6342.95,renewal_failed,netbanking,3,53416.78,0.7286,0.8899,7,3,0
PAY_003824,CUS_0132,5680.41,renewal_failed,upi,1,313366.17,0.8992,0.7087,9,6,1
PAY_003825,CUS_0722,27147.97,renewal_failed,upi,2,318838.99,0.7508,0.8138,17,4,0
PAY_003826,CUS_0625,41015.23,network_error,wallet,2,91940.86,0.6118,0.565,18,1,0
PAY_003827,CUS_0559,9227.26,insufficient_funds,upi,1,108355.47,0.9428,0.886,18,0,0
PAY_003828,CUS_0598,7845.28,network_error,upi,1,180150.73,0.6701,0.7379,21,4,0
PAY_003829,CUS_0627,12295.51,card_declined,upi,1,281189.74,0.9431,0.8349,16,1,0
PAY_003830,CUS_0842,32557.84,card_declined,wallet,2,123649.78,0.777,0.5629,18,4,1
PAY_003831,CUS_0797,22881.68,network_error,netbanking,1,217913.07,0.8169,0.8462,20,2,0
PAY_003832,CUS_0362,9752.13,renewal_failed,wallet,1,31208.77,0.6887,0.8552,18,4,0
PAY_003833,CUS_0663,39688.13,expired_method,upi,1,42023.69,0.7392,0.6075,21,6,0
PAY_003834,CUS_0298,6535.92,card_declined,wallet,0,196618.97,0.8884,0.8639,12,4,0
PAY_003835,CUS_0256,5526.9,card_declined,card,1,265066.7,0.8786,0.6853,6,5,1
PAY_003836,CUS_0594,82718.17,expired_method,netbanking,2,63120.48,0.78,0.6822,21,6,1
PAY_003837,CUS_0827,13536.15,renewal_failed,card,0,115766.44,0.573,0.6424,7,3,0
PAY_003838,CUS_0817,4800.32,expired_method,upi,2,31791.25,0.6054,0.5157,22,6,0
PAY_003839,CUS_0677,13168.62,renewal_failed,wallet,2,168666.74,0.7222,0.8945,4,0,0
PAY_003840,CUS_0550,39461.42,renewal_failed,upi,1,225355.62,0.8348,0.8777,14,0,0
PAY_003841,CUS_0356,15571.13,insufficient_funds,upi,0,101034.74,0.7092,0.6932,19,1,1
PAY_003842,CUS_0129,6117.38,network_error,upi,2,103437.2,0.8721,0.833,13,4,0
PAY_003843,CUS_0689,15767.32,insufficient_funds,netbanking,2,316058.41,0.7899,0.4476,8,4,0
PAY_003844,CUS_0848,6579.81,card_declined,wallet,0,232500.99,0.859,0.8517,16,2,0
PAY_003845,CUS_0429,2979.84,insufficient_funds,wallet,3,193659.72,0.7983,0.7026,11,0,0
PAY_003846,CUS_0248,4080.08,expired_method,card,2,43922.35,0.8288,0.6381,19,1,1
PAY_003847,CUS_0716,6297.9,network_error,netbanking,1,140934.81,0.8238,0.8642,6,0,1
PAY_003848,CUS_0267,69760.78,network_error,upi,3,138883.46,0.7597,0.7756,18,3,0
PAY_003849,CUS_0034,6180.51,insufficient_funds,upi,1,12431.27,0.8681,0.9118,17,4,0
PAY_003850,CUS_0756,4770.64,expired_method,netbanking,3,89629.96,0.8744,0.7333,5,2,0
PAY_003851,CUS_0366,47055.83,network_error,upi,2,293547.93,0.7596,0.6871,18,6,0
PAY_003852,CUS_0834,22045.67,card_declined,upi,1,198465.16,0.6081,0.7981,20,6,1
PAY_003853,CUS_0471,8405.22,renewal_failed,upi,1,204988.88,0.9095,0.6968,18,6,1
PAY_003854,CUS_0079,6509.03,network_error,upi,1,72473.1,0.7256,0.6985,20,2,1
PAY_003855,CUS_0784,3967.16,network_error,wallet,2,125820.84,0.7198,0.5885,21,5,0
PAY_003856,CUS_0003,10454.82,renewal_failed,netbanking,0,262138.97,0.8447,0.7307,15,3,0
PAY_003857,CUS_0600,5183.34,insufficient_funds,upi,1,241679.63,0.9242,0.3341,19,3,0
PAY_003858,CUS_0435,33535.07,network_error,wallet,1,200013.5,0.8305,0.7926,16,6,0
PAY_003859,CUS_0704,9622.6,renewal_failed,wallet,0,180105.18,0.9267,0.6434,5,1,1
PAY_003860,CUS_0202,20774.15,renewal_failed,upi,1,242074.17,0.8899,0.7625,19,6,0
PAY_003861,CUS_0666,17437.76,expired_method,netbanking,0,124556.7,0.6336,0.7923,7,0,0
PAY_003862,CUS_0756,20397.65,network_error,card,2,293213.51,0.7457,0.7482,7,1,0
PAY_003863,CUS_0483,6493.73,renewal_failed,card,1,110017.85,0.7795,0.9383,9,3,0
PAY_003864,CUS_0239,18290.86,network_error,card,3,289110.95,0.7004,0.701,9,5,0
PAY_003865,CUS_0790,6915.62,network_error,card,2,107294.4,0.59,0.6795,8,3,1
PAY_003866,CUS_0364,2304.35,renewal_failed,card,2,232508.01,0.8812,0.766,19,4,0
PAY_003867,CUS_0372,13487.72,insufficient_funds,netbanking,2,278840.59,0.8113,0.7382,16,3,0
PAY_003868,CUS_0187,4279.68,insufficient_funds,wallet,0,170385.66,0.8958,0.5947,9,2,0
PAY_003869,CUS_0406,27330.75,network_error,netbanking,0,39529.57,0.8624,0.769,20,4,1
PAY_003870,CUS_0625,35509.66,card_declined,wallet,1,54455.35,0.9027,0.7423,3,0,1
PAY_003871,CUS_0148,4306.14,expired_method,wallet,1,35389.57,0.735,0.8042,16,3,0
PAY_003872,CUS_0823,11290.08,renewal_failed,card,1,254109.86,0.668,0.771,12,5,0
PAY_003873,CUS_0833,79812.48,insufficient_funds,card,1,48869.43,0.8756,0.9165,21,0,1
PAY_003874,CUS_0378,6132.4,expired_method,upi,1,210892.22,0.7641,0.7486,16,2,0
PAY_003875,CUS_0004,6409.71,network_error,netbanking,0,283024.71,0.9009,0.5202,18,3,0
PAY_003876,CUS_0537,25320.69,card_declined,wallet,0,196226.67,0.9221,0.6416,23,4,1
PAY_003877,CUS_0846,8680.29,network_error,card,3,21790.58,0.7617,0.8389,18,4,0
PAY_003878,CUS_0661,18474.33,renewal_failed,upi,1,278191.9,0.8365,0.731,9,2,0
PAY_003879,CUS_0142,12469.14,insufficient_funds,card,3,318187.55,0.8818,0.8393,13,0,0
PAY_003880,CUS_0738,28324.54,renewal_failed,wallet,2,204622.35,0.7438,0.5886,6,1,0
PAY_003881,CUS_0816,29205.38,card_declined,wallet,2,277969.05,0.7033,0.5147,18,2,0
PAY_003882,CUS_0032,36495.3,card_declined,netbanking,3,67174.43,0.8414,0.769,16,1,1
PAY_003883,CUS_0249,7308.97,insufficient_funds,upi,0,118849.96,0.8898,0.9165,8,1,1
PAY_003884,CUS_0296,6123.3,card_declined,upi,1,295075.15,0.9101,0.7856,17,2,0
PAY_003885,CUS_0004,18389.68,network_error,netbanking,1,121725.2,0.7438,0.6776,7,1,0
PAY_003886,CUS_0396,13869.62,network_error,upi,0,53801.16,0.9126,0.7242,19,2,0
PAY_003887,CUS_0232,23584.32,network_error,wallet,2,309059.57,0.8315,0.9289,19,1,0
PAY_003888,CUS_0042,7366.99,expired_method,wallet,2,247580.44,0.9249,0.8208,17,1,0
PAY_003889,CUS_0386,3045.81,expired_method,netbanking,1,33689.98,0.7982,0.6835,18,4,0
PAY_003890,CUS_0062,13658.18,expired_method,netbanking,0,288550.08,0.7997,0.8608,10,6,0
PAY_003891,CUS_0512,7724.52,network_error,upi,1,12123.53,0.8481,0.5254,22,2,1
PAY_003892,CUS_0823,6023.74,renewal_failed,netbanking,1,61244.88,0.8636,0.5966,16,4,0
PAY_003893,CUS_0314,6718.83,insufficient_funds,upi,1,97998.13,0.796,0.6574,8,4,0
PAY_003894,CUS_0085,9772.12,expired_method,netbanking,1,308372.31,0.8441,0.844,8,4,0
PAY_003895,CUS_0395,16263.0,insufficient_funds,netbanking,0,95485.08,0.8296,0.8846,13,1,1
PAY_003896,CUS_0269,21996.89,insufficient_funds,netbanking,1,50358.98,0.7784,0.4751,17,1,0
PAY_003897,CUS_0114,2378.12,network_error,netbanking,1,18625.46,0.9167,0.7591,2,3,0
PAY_003898,CUS_0046,19685.95,insufficient_funds,upi,0,43347.32,0.7452,0.8775,0,5,1
PAY_003899,CUS_0462,14547.7,card_declined,wallet,0,51586.26,0.9608,0.7114,20,2,1
PAY_003900,CUS_0324,20578.99,renewal_failed,netbanking,0,295302.22,0.6888,0.5865,20,1,0
PAY_003901,CUS_0683,10907.65,expired_method,netbanking,1,214333.83,0.9015,0.9096,18,0,0
PAY_003902,CUS_0380,7808.34,card_declined,card,1,77640.99,0.8365,0.5259,16,6,1
PAY_003903,CUS_0549,13886.98,expired_method,upi,1,285067.5,0.8584,0.909,10,0,0
PAY_003904,CUS_0230,7948.29,expired_method,card,0,232007.52,0.8706,0.561,21,6,1
PAY_003905,CUS_0199,25664.04,renewal_failed,card,0,241024.45,0.8901,0.8553,9,5,0
PAY_003906,CUS_0415,2564.55,expired_method,card,1,106130.39,0.7692,0.7546,12,6,0
PAY_003907,CUS_0386,10002.05,insufficient_funds,wallet,3,280569.79,0.9087,0.8763,13,6,0
PAY_003908,CUS_0600,13304.64,card_declined,upi,1,66027.09,0.9657,0.5248,1,0,0
PAY_003909,CUS_0093,14713.44,card_declined,upi,1,222684.15,0.8677,0.5361,19,2,0
PAY_003910,CUS_0358,17947.05,network_error,card,1,62279.64,0.8727,0.8605,20,5,0
PAY_003911,CUS_0273,76479.95,renewal_failed,upi,2,151037.88,0.7864,0.5936,13,0,0
PAY_003912,CUS_0344,7953.6,card_declined,upi,2,122801.23,0.9468,0.6771,15,4,0
PAY_003913,CUS_0553,8221.1,card_declined,upi,1,15334.0,0.7686,0.7157,20,3,0
PAY_003914,CUS_0386,29063.4,card_declined,wallet,1,22827.19,0.9125,0.7287,14,2,1
PAY_003915,CUS_0679,12973.32,card_declined,card,2,191572.12,0.8269,0.5908,7,4,0
PAY_003916,CUS_0342,10760.95,expired_method,upi,1,308499.59,0.9106,0.7587,15,4,0
PAY_003917,CUS_0136,5730.33,renewal_failed,upi,0,317345.77,0.9539,0.4786,14,6,1
PAY_003918,CUS_0517,29826.21,network_error,card,2,269374.62,0.8397,0.7615,19,5,0
PAY_003919,CUS_0056,7836.42,insufficient_funds,wallet,3,286146.08,0.8543,0.8642,20,5,0
PAY_003920,CUS_0322,17079.99,renewal_failed,upi,1,247880.66,0.8902,0.7109,7,0,1
PAY_003921,CUS_0318,7980.96,expired_method,netbanking,2,60327.8,0.8717,0.6511,16,3,0
PAY_003922,CUS_0248,4894.63,expired_method,netbanking,2,132369.79,0.8478,0.7544,17,4,0
PAY_003923,CUS_0121,16693.25,network_error,upi,3,305765.79,0.7724,0.7902,21,1,0
PAY_003924,CUS_0009,6274.57,insufficient_funds,netbanking,1,213567.33,0.523,0.7346,7,6,0
PAY_003925,CUS_0729,19744.02,expired_method,card,3,20865.84,0.8577,0.7779,7,1,0
PAY_003926,CUS_0765,8479.81,card_declined,netbanking,1,64589.21,0.9137,0.6971,14,5,0
PAY_003927,CUS_0484,17508.02,card_declined,upi,1,217949.08,0.7616,0.8063,18,4,1
PAY_003928,CUS_0216,41862.56,expired_method,card,3,163558.48,0.783,0.4565,19,0,0
PAY_003929,CUS_0429,20708.67,network_error,card,2,159925.58,0.7847,0.7709,8,1,0
PAY_003930,CUS_0440,1343.14,network_error,netbanking,2,209307.48,0.746,0.3948,23,2,0
PAY_003931,CUS_0660,6597.38,card_declined,card,1,50907.35,0.8441,0.7748,8,0,1
PAY_003932,CUS_0289,4599.64,renewal_failed,wallet,2,213807.02,0.8047,0.7052,23,6,0
PAY_003933,CUS_0269,13129.13,renewal_failed,card,1,82475.08,0.8962,0.867,19,6,0
PAY_003934,CUS_0334,18757.16,insufficient_funds,netbanking,1,298050.86,0.8284,0.8557,13,6,0
PAY_003935,CUS_0703,15186.77,expired_method,card,2,28872.94,0.9092,0.8077,20,4,0
PAY_003936,CUS_0023,12321.28,insufficient_funds,netbanking,1,138174.75,0.7651,0.6139,19,3,1
PAY_003937,CUS_0090,26807.63,insufficient_funds,upi,2,265569.06,0.8727,0.6423,2,1,0
PAY_003938,CUS_0328,25652.3,insufficient_funds,upi,1,255415.41,0.8534,0.7625,10,6,0
PAY_003939,CUS_0558,806.47,card_declined,wallet,1,74800.85,0.8329,0.7961,11,3,0
PAY_003940,CUS_0619,25943.87,card_declined,wallet,1,144531.96,0.7713,0.7818,21,0,0
PAY_003941,CUS_0690,11404.7,renewal_failed,netbanking,1,295755.67,0.6875,0.694,13,6,0
PAY_003942,CUS_0633,24058.02,renewal_failed,upi,1,205205.54,0.7868,0.7625,13,5,1
PAY_003943,CUS_0735,27225.93,card_declined,wallet,1,47541.31,0.8288,0.7041,18,1,0
PAY_003944,CUS_0546,13246.22,insufficient_funds,card,2,203269.97,0.864,0.4472,11,0,0
PAY_003945,CUS_0171,11237.27,insufficient_funds,wallet,2,296618.56,0.9359,0.673,8,4,0
PAY_003946,CUS_0661,22128.34,renewal_failed,card,1,216971.25,0.8628,0.8936,3,2,0
PAY_003947,CUS_0609,11724.25,card_declined,upi,2,157529.61,0.881,0.534,3,0,0
PAY_003948,CUS_0257,23045.49,card_declined,wallet,1,141605.89,0.7009,0.8539,14,6,0
PAY_003949,CUS_0537,7325.55,card_declined,wallet,1,214564.96,0.8226,0.7774,15,0,0
PAY_003950,CUS_0035,10245.59,insufficient_funds,card,1,196361.15,0.9723,0.7179,7,3,1
PAY_003951,CUS_0040,22242.08,renewal_failed,netbanking,2,191140.35,0.9585,0.7056,18,3,0
PAY_003952,CUS_0675,6433.0,insufficient_funds,wallet,0,242089.79,0.7724,0.7077,18,0,0
PAY_003953,CUS_0522,20046.55,expired_method,card,1,49620.42,0.6467,0.5517,15,6,1
PAY_003954,CUS_0261,12083.63,insufficient_funds,card,0,266250.85,0.7775,0.6757,17,0,1
PAY_003955,CUS_0058,11809.11,network_error,wallet,1,217043.54,0.722,0.5946,13,6,0
PAY_003956,CUS_0035,4988.82,card_declined,netbanking,1,154459.15,0.7588,0.6836,18,2,0
PAY_003957,CUS_0426,8302.76,insufficient_funds,netbanking,1,265479.67,0.9419,0.8964,18,1,1
PAY_003958,CUS_0500,42578.32,card_declined,card,0,282366.38,0.8541,0.6429,6,3,0
PAY_003959,CUS_0461,25959.14,network_error,wallet,1,105865.64,0.8268,0.6987,18,5,0
PAY_003960,CUS_0154,15427.86,insufficient_funds,wallet,1,14831.03,0.9096,0.5846,7,6,0
PAY_003961,CUS_0314,3537.95,renewal_failed,netbanking,2,150812.81,0.9031,0.8306,6,2,1
PAY_003962,CUS_0445,18900.97,insufficient_funds,card,1,284032.14,0.7905,0.5175,17,3,0
PAY_003963,CUS_0808,17602.33,expired_method,upi,2,218415.03,0.8178,0.6098,19,4,1
PAY_003964,CUS_0211,5051.23,network_error,wallet,0,267331.14,0.8332,0.6811,19,4,0
PAY_003965,CUS_0209,4911.79,renewal_failed,upi,3,120430.76,0.9423,0.7358,18,3,1
PAY_003966,CUS_0112,12394.81,insufficient_funds,netbanking,1,215174.46,0.8667,0.6133,18,6,1
PAY_003967,CUS_0556,35760.1,network_error,card,1,165656.68,0.843,0.8801,16,6,0
PAY_003968,CUS_0305,7732.17,renewal_failed,upi,0,109992.28,0.7972,0.7973,2,4,0
PAY_003969,CUS_0759,6737.99,renewal_failed,netbanking,2,290225.47,0.9077,0.797,8,6,0
PAY_003970,CUS_0107,10859.23,network_error,upi,0,231009.66,0.7836,0.841,21,1,0
PAY_003971,CUS_0392,8082.41,network_error,card,1,236976.86,0.8769,0.7599,21,1,0
PAY_003972,CUS_0177,4808.95,renewal_failed,wallet,2,89378.92,0.8474,0.9742,22,2,0
PAY_003973,CUS_0486,9211.02,network_error,wallet,1,17695.11,0.6569,0.8606,15,5,0
PAY_003974,CUS_0787,8525.26,card_declined,wallet,1,38009.67,0.8245,0.8419,16,6,1
PAY_003975,CUS_0551,9993.06,network_error,upi,0,39694.29,0.8203,0.7897,17,3,0
PAY_003976,CUS_0292,4745.45,card_declined,card,1,33457.24,0.8267,0.6148,18,6,0
PAY_003977,CUS_0401,12918.82,card_declined,netbanking,1,198917.79,0.816,0.696,19,5,0
PAY_003978,CUS_0232,4770.84,renewal_failed,card,1,169529.19,0.9275,0.6641,2,4,0
PAY_003979,CUS_0721,8046.95,renewal_failed,netbanking,0,87730.39,0.7058,0.7768,8,2,0
PAY_003980,CUS_0711,25363.18,network_error,card,0,160597.93,0.8223,0.8424,19,6,0
PAY_003981,CUS_0751,3900.0,network_error,netbanking,0,209909.45,0.877,0.787,16,4,0
PAY_003982,CUS_0213,36319.93,insufficient_funds,netbanking,1,64403.03,0.8885,0.8473,4,5,0
PAY_003983,CUS_0147,5848.23,renewal_failed,netbanking,1,203207.51,0.6203,0.8627,17,4,0
PAY_003984,CUS_0357,44065.28,expired_method,upi,2,225219.93,0.9494,0.8423,18,5,0
PAY_003985,CUS_0588,23128.31,network_error,netbanking,1,71708.43,0.7174,0.8253,6,5,1
PAY_003986,CUS_0178,30436.37,insufficient_funds,wallet,1,92404.07,0.8232,0.6533,18,5,0
PAY_003987,CUS_0111,19629.37,expired_method,wallet,1,58512.22,0.9442,0.643,6,1,1
PAY_003988,CUS_0739,11018.32,card_declined,upi,0,20553.84,0.8301,0.7171,9,6,0
PAY_003989,CUS_0429,30964.39,expired_method,upi,3,237811.68,0.5846,0.7225,15,3,0
PAY_003990,CUS_0250,23174.41,card_declined,netbanking,1,230508.2,0.8779,0.8503,17,5,0
PAY_003991,CUS_0209,15253.51,expired_method,netbanking,1,317775.72,0.8148,0.8521,20,5,0
PAY_003992,CUS_0696,6452.33,network_error,netbanking,2,221361.37,0.9276,0.63,17,2,1
PAY_003993,CUS_0713,16402.78,network_error,card,1,258069.7,0.9315,0.5499,17,4,1
PAY_003994,CUS_0157,22794.48,expired_method,card,1,69335.24,0.8979,0.7273,21,6,0
PAY_003995,CUS_0013,8580.19,renewal_failed,netbanking,1,88417.27,0.8372,0.8026,12,6,0
PAY_003996,CUS_0090,4133.2,card_declined,netbanking,2,262961.38,0.8096,0.6616,8,6,0
PAY_003997,CUS_0534,1445.96,card_declined,card,2,75344.79,0.7686,0.7785,5,4,1
PAY_003998,CUS_0235,10599.54,insufficient_funds,card,1,250068.41,0.9264,0.8316,22,6,0
PAY_003999,CUS_0427,13656.14,renewal_failed,netbanking,2,78643.19,0.8491,0.8167,12,3,1
PAY_004000,CUS_0445,6731.31,insufficient_funds,wallet,1,188235.44,0.7436,0.7712,9,1,0
PAY_004001,CUS_0778,4004.47,expired_method,card,3,40440.62,0.6697,0.6662,6,6,0
PAY_004002,CUS_0077,14695.36,insufficient_funds,wallet,1,272509.38,0.7335,0.722,16,3,0
PAY_004003,CUS_0095,63989.8,card_declined,netbanking,2,74427.14,0.8563,0.5392,18,6,1
PAY_004004,CUS_0210,27549.34,network_error,netbanking,3,20670.97,0.8923,0.7631,17,4,0
PAY_004005,CUS_0551,5418.99,renewal_failed,card,1,155417.97,0.8613,0.7725,10,2,1
PAY_004006,CUS_0116,52238.51,card_declined,card,1,40079.51,0.7342,0.4762,22,5,0
PAY_004007,CUS_0689,12872.25,expired_method,wallet,2,18515.4,0.7759,0.861,21,4,0
PAY_004008,CUS_0206,21451.6,expired_method,netbanking,1,73179.48,0.8254,0.6965,16,2,1
PAY_004009,CUS_0243,5159.91,insufficient_funds,card,0,72918.08,0.7771,0.885,17,2,1
PAY_004010,CUS_0394,30345.42,card_declined,upi,2,29004.64,0.7912,0.6397,9,2,0
PAY_004011,CUS_0128,6242.7,expired_method,netbanking,1,216079.84,0.7856,0.8402,19,2,0
PAY_004012,CUS_0664,19165.89,card_declined,netbanking,1,157684.22,0.9035,0.5901,10,1,1
PAY_004013,CUS_0110,8018.93,card_declined,upi,3,149915.95,0.6646,0.6717,19,1,0
PAY_004014,CUS_0498,19424.32,renewal_failed,upi,1,300879.53,0.7996,0.6616,5,5,0
PAY_004015,CUS_0069,8617.27,network_error,netbanking,2,217347.22,0.8581,0.5764,16,4,0
PAY_004016,CUS_0087,29675.66,network_error,netbanking,2,275980.5,0.7686,0.6505,17,5,0
PAY_004017,CUS_0104,9769.27,card_declined,card,1,54469.13,0.8583,0.832,8,4,0
PAY_004018,CUS_0370,54557.91,expired_method,netbanking,1,30971.63,0.6474,0.7344,12,0,0
PAY_004019,CUS_0486,17578.16,card_declined,netbanking,3,145061.62,0.8266,0.5909,1,4,0
PAY_004020,CUS_0310,42739.2,renewal_failed,card,1,307865.77,0.8731,0.7361,7,4,0
PAY_004021,CUS_0211,15202.51,card_declined,card,1,316377.4,0.7565,0.7815,17,4,1
PAY_004022,CUS_0033,114589.64,network_error,wallet,1,150638.64,0.948,0.8804,19,6,1
PAY_004023,CUS_0146,26641.56,insufficient_funds,upi,1,47903.94,0.8246,0.5774,11,4,1
PAY_004024,CUS_0616,3988.17,renewal_failed,card,2,96988.15,0.853,0.6347,20,6,0
PAY_004025,CUS_0382,12676.7,insufficient_funds,upi,3,9283.4,0.796,0.9081,10,4,0
PAY_004026,CUS_0359,14359.49,insufficient_funds,card,2,25875.05,0.7353,0.8062,12,6,0
PAY_004027,CUS_0723,25849.68,renewal_failed,netbanking,0,124937.04,0.9194,0.683,8,1,0
PAY_004028,CUS_0361,10987.1,network_error,upi,1,303659.51,0.8636,0.7795,17,5,0
PAY_004029,CUS_0556,20314.43,card_declined,card,1,231103.38,0.8173,0.7331,18,6,0
PAY_004030,CUS_0264,48714.78,expired_method,card,1,173441.55,0.8811,0.7911,23,3,0
PAY_004031,CUS_0243,1917.65,renewal_failed,wallet,1,103507.82,0.9772,0.7831,15,6,0
PAY_004032,CUS_0336,11875.67,renewal_failed,card,2,179971.61,0.9018,0.7267,22,1,0
PAY_004033,CUS_0336,12454.04,renewal_failed,wallet,1,254548.08,0.8774,0.8855,23,6,0
PAY_004034,CUS_0170,28907.1,renewal_failed,wallet,2,257332.59,0.8684,0.3692,7,6,1
PAY_004035,CUS_0535,7900.78,card_declined,card,1,280719.46,0.8598,0.8984,10,6,1
PAY_004036,CUS_0849,2181.74,insufficient_funds,upi,1,194401.07,0.9255,0.9284,15,5,0
PAY_004037,CUS_0039,16901.36,insufficient_funds,netbanking,1,130065.16,0.6826,0.6689,15,6,0
PAY_004038,CUS_0136,9429.47,insufficient_funds,wallet,2,293583.13,0.7526,0.8679,20,5,0
PAY_004039,CUS_0820,17580.13,expired_method,upi,1,12283.57,0.819,0.6883,7,1,0
PAY_004040,CUS_0010,20734.49,insufficient_funds,card,1,308198.67,0.7089,0.8707,8,5,0
PAY_004041,CUS_0136,5723.35,expired_method,wallet,1,177635.58,0.8706,0.9071,22,4,0
PAY_004042,CUS_0268,7347.16,insufficient_funds,upi,2,22591.96,0.9697,0.7808,14,6,1
PAY_004043,CUS_0530,33208.78,renewal_failed,wallet,3,59509.96,0.9148,0.6527,17,4,0
PAY_004044,CUS_0609,16142.14,network_error,card,2,113113.25,0.8453,0.7676,8,1,0
PAY_004045,CUS_0692,3717.63,network_error,wallet,2,288971.63,0.6576,0.7084,7,1,1
PAY_004046,CUS_0441,50348.8,insufficient_funds,card,1,143653.11,0.8872,0.6849,19,4,1
PAY_004047,CUS_0233,12743.38,expired_method,wallet,2,102802.09,0.7767,0.8111,17,6,1
PAY_004048,CUS_0494,10524.33,card_declined,netbanking,1,142048.49,0.8309,0.9557,13,4,1
PAY_004049,CUS_0779,5058.66,insufficient_funds,upi,2,51512.88,0.7207,0.5293,19,0,0
PAY_004050,CUS_0601,25646.48,card_declined,netbanking,1,292300.73,0.7788,0.7461,17,0,0
PAY_004051,CUS_0016,14799.76,expired_method,wallet,0,133023.18,0.8232,0.6789,11,1,0
PAY_004052,CUS_0389,1574.44,network_error,wallet,1,68750.61,0.6039,0.759,16,2,1
PAY_004053,CUS_0820,26041.67,network_error,upi,0,50522.54,0.8723,0.8354,19,0,1
PAY_004054,CUS_0781,8893.8,renewal_failed,upi,1,302572.96,0.755,0.4089,17,0,0
PAY_004055,CUS_0483,18287.19,renewal_failed,card,0,270685.72,0.7645,0.7438,18,3,0
PAY_004056,CUS_0816,18276.9,network_error,netbanking,2,64149.46,0.8198,0.711,10,3,0
PAY_004057,CUS_0367,22985.06,insufficient_funds,upi,2,249470.23,0.83,0.7566,18,3,0
PAY_004058,CUS_0347,40951.52,expired_method,upi,2,98529.95,0.8412,0.6372,17,4,0
PAY_004059,CUS_0005,4590.86,expired_method,netbanking,2,189190.32,0.3648,0.7913,20,1,0
PAY_004060,CUS_0505,9498.45,renewal_failed,wallet,1,228564.73,0.754,0.5865,7,5,0
PAY_004061,CUS_0524,3828.29,renewal_failed,wallet,1,176746.96,0.7636,0.8655,13,6,0
PAY_004062,CUS_0446,12988.84,insufficient_funds,upi,2,200330.84,0.7088,0.7849,20,0,0
PAY_004063,CUS_0385,11126.19,expired_method,netbanking,3,17991.94,0.8164,0.4258,0,4,0
PAY_004064,CUS_0174,7407.66,network_error,card,1,196508.63,0.6715,0.7988,18,3,1
PAY_004065,CUS_0236,22006.0,renewal_failed,wallet,1,310967.44,0.9052,0.6585,8,5,0
PAY_004066,CUS_0082,9939.52,network_error,card,3,310075.69,0.8773,0.7937,16,6,1
PAY_004067,CUS_0470,24309.06,network_error,wallet,1,229311.3,0.7164,0.6589,12,3,0
PAY_004068,CUS_0138,7783.39,network_error,upi,2,256426.15,0.971,0.8596,14,2,0
PAY_004069,CUS_0837,34073.34,expired_method,wallet,1,51408.96,0.8699,0.8146,22,3,1
PAY_004070,CUS_0242,8302.5,network_error,wallet,2,96880.33,0.8727,0.6976,17,1,0
PAY_004071,CUS_0057,6708.21,card_declined,upi,1,39642.48,0.7461,0.5888,17,4,0
PAY_004072,CUS_0601,7069.51,card_declined,wallet,3,177596.51,0.75,0.6679,2,2,1
PAY_004073,CUS_0506,31521.72,renewal_failed,upi,3,238018.86,0.8747,0.6442,12,6,1
PAY_004074,CUS_0667,13776.33,insufficient_funds,card,1,227729.99,0.5035,0.665,15,5,0
PAY_004075,CUS_0710,9122.51,renewal_failed,upi,1,179110.12,0.7582,0.5793,22,6,0
PAY_004076,CUS_0586,12062.04,network_error,wallet,0,275574.8,0.8431,0.5572,10,0,0
PAY_004077,CUS_0088,5554.54,renewal_failed,netbanking,1,308750.12,0.9012,0.7667,12,6,0
PAY_004078,CUS_0712,3792.91,network_error,card,0,268304.47,0.7515,0.8348,17,0,0
PAY_004079,CUS_0804,5680.23,renewal_failed,netbanking,1,219876.78,0.8551,0.8429,16,6,0
PAY_004080,CUS_0606,6558.06,network_error,card,2,308197.91,0.7909,0.6163,18,4,0
PAY_004081,CUS_0750,13324.26,renewal_failed,wallet,1,197071.73,0.9181,0.6015,18,2,1
PAY_004082,CUS_0079,60941.56,network_error,card,3,39370.93,0.839,0.7555,16,1,0
PAY_004083,CUS_0804,25900.51,expired_method,card,0,240565.05,0.8006,0.6654,11,6,0
PAY_004084,CUS_0737,10600.06,renewal_failed,netbanking,1,185240.31,0.9011,0.8209,9,5,0
PAY_004085,CUS_0460,26991.13,card_declined,wallet,2,288074.39,0.6087,0.6722,9,0,1
PAY_004086,CUS_0757,37922.04,expired_method,netbanking,1,159494.2,0.8732,0.8245,14,3,0
PAY_004087,CUS_0269,8579.39,network_error,wallet,1,52260.65,0.8086,0.8915,18,5,0
PAY_004088,CUS_0778,27277.47,expired_method,card,1,205208.73,0.7533,0.6985,18,0,0
PAY_004089,CUS_0383,2861.92,card_declined,card,1,304410.77,0.8417,0.7505,19,5,0
PAY_004090,CUS_0764,77165.34,renewal_failed,netbanking,1,167225.81,0.8397,0.8687,19,2,0
PAY_004091,CUS_0590,3508.49,card_declined,upi,1,41632.17,0.8901,0.734,17,3,0
PAY_004092,CUS_0804,32339.55,expired_method,wallet,0,304875.24,0.8624,0.547,18,3,1
PAY_004093,CUS_0669,4168.7,card_declined,wallet,1,86349.53,0.709,0.4784,6,3,0
PAY_004094,CUS_0222,6275.45,insufficient_funds,card,1,172910.95,0.8165,0.9203,19,4,1
PAY_004095,CUS_0363,10293.46,card_declined,card,1,50526.88,0.7942,0.6213,8,1,0
PAY_004096,CUS_0715,47592.68,network_error,upi,0,9635.78,0.7908,0.4835,5,3,0
PAY_004097,CUS_0156,10259.2,insufficient_funds,upi,1,22641.71,0.6978,0.8989,23,0,1
PAY_004098,CUS_0846,19389.3,insufficient_funds,card,3,297092.72,0.9101,0.7796,17,6,0
PAY_004099,CUS_0384,7335.22,card_declined,card,0,217383.77,0.839,0.863,20,0,0
PAY_004100,CUS_0131,6475.96,renewal_failed,card,1,269786.53,0.9361,0.7691,10,2,1
PAY_004101,CUS_0847,8351.82,renewal_failed,card,1,116916.18,0.9433,0.6033,12,4,0
PAY_004102,CUS_0088,7131.6,network_error,card,2,74676.37,0.9497,0.4929,13,6,0
PAY_004103,CUS_0447,27329.95,insufficient_funds,upi,2,224639.12,0.8463,0.7419,18,5,1
PAY_004104,CUS_0708,13302.44,card_declined,upi,0,40416.11,0.7355,0.7465,8,5,0
PAY_004105,CUS_0303,32159.41,card_declined,wallet,1,16707.03,0.8982,0.7554,16,1,0
PAY_004106,CUS_0388,34899.59,card_declined,card,1,256696.6,0.7678,0.7592,13,4,0
PAY_004107,CUS_0074,31917.01,network_error,netbanking,2,16051.18,0.8298,0.7632,19,0,0
PAY_004108,CUS_0293,3831.06,expired_method,netbanking,1,138551.91,0.8777,0.6165,21,0,0
PAY_004109,CUS_0777,25995.93,renewal_failed,netbanking,0,95110.43,0.7582,0.9066,18,3,1
PAY_004110,CUS_0115,1738.41,network_error,wallet,1,152138.98,0.8613,0.5206,8,6,0
PAY_004111,CUS_0841,16212.71,insufficient_funds,upi,1,46050.12,0.8091,0.4969,2,5,1
PAY_004112,CUS_0586,43373.12,expired_method,wallet,2,255959.82,0.7254,0.7516,17,4,1
PAY_004113,CUS_0034,7748.96,renewal_failed,card,2,242715.36,0.6995,0.7818,15,5,0
PAY_004114,CUS_0206,7471.57,insufficient_funds,card,3,36440.35,0.7909,0.638,11,4,1
PAY_004115,CUS_0072,6071.69,network_error,netbanking,3,86475.55,0.7616,0.7893,19,1,0
PAY_004116,CUS_0349,12483.46,insufficient_funds,upi,2,209899.22,0.8939,0.8915,21,4,1
PAY_004117,CUS_0602,20765.1,network_error,card,1,90467.21,0.7082,0.7059,18,5,0
PAY_004118,CUS_0735,5405.82,insufficient_funds,wallet,2,155372.92,0.8655,0.7183,9,3,0
PAY_004119,CUS_0519,22102.45,network_error,card,1,93317.68,0.8096,0.81,20,0,0
PAY_004120,CUS_0419,32836.76,renewal_failed,netbanking,1,204156.68,0.8267,0.7976,7,0,0
PAY_004121,CUS_0702,42813.46,card_declined,card,1,215384.91,0.8605,0.7037,14,4,0
PAY_004122,CUS_0711,19177.92,expired_method,upi,3,276237.95,0.8889,0.8827,6,6,1
PAY_004123,CUS_0849,2758.0,card_declined,card,2,149866.86,0.8855,0.8298,16,1,0
PAY_004124,CUS_0691,7256.24,insufficient_funds,card,0,222633.79,0.8017,0.5408,14,0,0
PAY_004125,CUS_0113,4851.13,expired_method,upi,0,162428.14,0.7857,0.6838,21,3,0
PAY_004126,CUS_0465,45265.82,network_error,wallet,3,186216.09,0.9262,0.7183,8,5,0
PAY_004127,CUS_0195,25027.96,expired_method,card,1,239090.58,0.9471,0.7132,7,6,0
PAY_004128,CUS_0447,17293.95,card_declined,upi,2,231334.17,0.8819,0.7661,11,2,0
PAY_004129,CUS_0261,74973.75,expired_method,wallet,3,8951.5,0.8294,0.6202,5,1,0
PAY_004130,CUS_0288,18730.19,insufficient_funds,card,1,182450.76,0.8856,0.7116,17,4,1
PAY_004131,CUS_0548,60720.54,insufficient_funds,netbanking,2,303272.41,0.8986,0.6802,18,5,0
PAY_004132,CUS_0356,31770.57,expired_method,card,1,169619.88,0.8479,0.8042,18,2,0
PAY_004133,CUS_0727,28477.35,renewal_failed,upi,1,157018.78,0.6881,0.8649,6,3,1
PAY_004134,CUS_0024,18207.02,card_declined,wallet,1,71556.3,0.7705,0.8602,17,0,0
PAY_004135,CUS_0827,4358.63,network_error,card,3,229944.95,0.5016,0.6565,10,0,0
PAY_004136,CUS_0481,4475.96,renewal_failed,netbanking,0,55573.76,0.6767,0.6934,17,1,0
PAY_004137,CUS_0187,23953.96,insufficient_funds,card,0,192783.46,0.8653,0.8544,18,2,1
PAY_004138,CUS_0653,20105.53,renewal_failed,upi,1,97996.03,0.8765,0.7284,21,3,0
PAY_004139,CUS_0240,10263.33,network_error,upi,1,212930.29,0.8603,0.732,15,5,1
PAY_004140,CUS_0201,8672.94,network_error,card,1,151765.84,0.6841,0.5954,11,0,0
PAY_004141,CUS_0101,12428.41,card_declined,wallet,0,225932.62,0.9087,0.5621,22,4,1
PAY_004142,CUS_0373,10075.29,insufficient_funds,card,2,239820.43,0.9239,0.6826,15,6,0
PAY_004143,CUS_0625,7344.21,card_declined,wallet,1,82232.14,0.7907,0.647,19,0,0
PAY_004144,CUS_0661,9205.91,card_declined,wallet,2,30106.36,0.9158,0.8199,16,6,1
PAY_004145,CUS_0068,91233.15,expired_method,wallet,1,212348.82,0.8323,0.7584,19,6,0
PAY_004146,CUS_0125,14032.33,renewal_failed,card,0,56367.65,0.7435,0.6917,23,4,0
PAY_004147,CUS_0593,25735.35,insufficient_funds,netbanking,1,74710.01,0.864,0.6844,21,5,1
PAY_004148,CUS_0034,16279.61,network_error,card,0,182624.27,0.7659,0.4414,9,4,0
PAY_004149,CUS_0282,11330.44,expired_method,wallet,2,13678.44,0.9138,0.872,15,2,1
PAY_004150,CUS_0270,21263.36,expired_method,upi,1,87467.19,0.9432,0.9263,17,6,0
PAY_004151,CUS_0820,13927.66,network_error,card,1,121507.83,0.8025,0.4736,20,5,0
PAY_004152,CUS_0515,5311.05,insufficient_funds,netbanking,0,230649.21,0.8508,0.7758,10,6,1
PAY_004153,CUS_0733,6303.85,card_declined,wallet,0,313269.67,0.8172,0.5889,12,3,0
PAY_004154,CUS_0673,55247.57,card_declined,wallet,3,57041.9,0.8527,0.7984,20,0,0
PAY_004155,CUS_0532,20388.92,card_declined,card,2,122855.67,0.5936,0.7767,13,4,0
PAY_004156,CUS_0787,27932.75,network_error,card,0,156997.81,0.9418,0.7583,18,1,0
PAY_004157,CUS_0438,19724.69,card_declined,netbanking,1,69314.91,0.9346,0.7769,19,3,0
PAY_004158,CUS_0226,22833.29,renewal_failed,wallet,2,13355.43,0.9044,0.7304,6,2,0
PAY_004159,CUS_0584,6858.98,insufficient_funds,upi,1,168124.49,0.9163,0.9045,19,2,0
PAY_004160,CUS_0535,2958.15,expired_method,netbanking,1,224080.49,0.8973,0.4735,17,2,0
PAY_004161,CUS_0713,11742.57,network_error,upi,1,64463.48,0.832,0.6911,19,6,0
PAY_004162,CUS_0800,12911.78,renewal_failed,upi,0,278900.98,0.8577,0.7918,9,0,0
PAY_004163,CUS_0732,31672.87,card_declined,wallet,2,69731.1,0.8902,0.7081,9,2,0
PAY_004164,CUS_0512,8137.69,insufficient_funds,upi,1,205210.95,0.7807,0.77,14,1,0
PAY_004165,CUS_0701,13818.06,renewal_failed,upi,1,287133.21,0.839,0.867,21,4,1
PAY_004166,CUS_0371,27655.85,network_error,netbanking,0,9840.32,0.8367,0.6586,21,4,0
PAY_004167,CUS_0155,10775.71,expired_method,netbanking,1,199201.84,0.9607,0.8287,18,6,0
PAY_004168,CUS_0260,21197.47,insufficient_funds,upi,1,18012.07,0.6821,0.5433,10,2,0
PAY_004169,CUS_0185,14830.87,insufficient_funds,wallet,2,146921.62,0.8005,0.7675,9,0,1
PAY_004170,CUS_0613,7360.82,network_error,netbanking,0,303786.62,0.7316,0.7841,0,2,0
PAY_004171,CUS_0353,10281.32,renewal_failed,wallet,1,156707.71,0.9032,0.9209,20,5,0
PAY_004172,CUS_0717,3037.6,insufficient_funds,upi,1,241333.44,0.8379,0.7272,6,6,1
PAY_004173,CUS_0216,37065.42,card_declined,upi,1,23692.87,0.7697,0.883,17,1,1
PAY_004174,CUS_0314,21076.99,network_error,netbanking,1,160939.31,0.841,0.7157,7,4,0
PAY_004175,CUS_0533,10940.08,expired_method,card,1,35934.4,0.8368,0.741,17,1,0
PAY_004176,CUS_0742,36221.19,expired_method,card,2,87094.92,0.9192,0.6723,9,3,0
PAY_004177,CUS_0585,54019.28,network_error,upi,2,13292.91,0.8078,0.7387,7,2,0
PAY_004178,CUS_0188,21516.86,card_declined,netbanking,1,112075.45,0.9379,0.7188,18,2,1
PAY_004179,CUS_0591,1800.46,insufficient_funds,card,2,255515.48,0.8344,0.8577,19,4,0
PAY_004180,CUS_0572,33013.96,insufficient_funds,wallet,1,172565.61,0.8543,0.6059,19,2,0
PAY_004181,CUS_0014,2595.48,renewal_failed,wallet,0,140049.75,0.8378,0.5668,17,2,0
PAY_004182,CUS_0154,6866.57,card_declined,netbanking,1,133299.36,0.7954,0.7753,21,6,0
PAY_004183,CUS_0390,17173.59,card_declined,card,2,234550.84,0.8034,0.8062,11,3,0
PAY_004184,CUS_0796,12301.88,network_error,wallet,0,96529.25,0.7629,0.6609,8,1,0
PAY_004185,CUS_0306,17519.79,card_declined,upi,1,233538.98,0.7972,0.8893,19,3,0
PAY_004186,CUS_0274,15110.6,network_error,netbanking,3,178491.24,0.7528,0.6614,16,6,1
PAY_004187,CUS_0059,13056.88,insufficient_funds,card,1,37659.92,0.741,0.7258,6,2,0
PAY_004188,CUS_0707,6795.54,card_declined,wallet,2,166811.79,0.7378,0.7472,6,3,0
PAY_004189,CUS_0232,11162.85,card_declined,upi,0,136116.91,0.8919,0.7368,12,5,0
PAY_004190,CUS_0606,22425.99,card_declined,card,2,306954.16,0.8672,0.5698,10,6,0
PAY_004191,CUS_0529,9196.76,network_error,netbanking,0,278023.5,0.8502,0.4942,15,0,1
PAY_004192,CUS_0407,34742.65,insufficient_funds,upi,2,154028.57,0.8967,0.9316,17,1,0
PAY_004193,CUS_0497,10289.71,network_error,wallet,2,248585.49,0.7605,0.5002,9,3,0
PAY_004194,CUS_0230,23794.28,renewal_failed,netbanking,1,32290.36,0.8306,0.8546,21,4,0
PAY_004195,CUS_0543,9712.68,network_error,upi,0,137958.49,0.8738,0.3459,13,0,0
PAY_004196,CUS_0686,5268.78,card_declined,upi,1,78857.93,0.9576,0.8732,17,3,0
PAY_004197,CUS_0074,6698.51,renewal_failed,wallet,2,86089.17,0.9231,0.9039,16,5,0
PAY_004198,CUS_0548,16509.83,network_error,wallet,2,208360.94,0.632,0.7267,20,2,0
PAY_004199,CUS_0322,3168.49,insufficient_funds,upi,2,27777.68,0.9024,0.6014,14,1,0
PAY_004200,CUS_0308,30825.72,expired_method,wallet,1,220521.98,0.8668,0.787,9,6,0
PAY_004201,CUS_0225,18067.63,card_declined,card,1,35961.7,0.9007,0.7478,14,3,0
PAY_004202,CUS_0370,7617.17,insufficient_funds,upi,1,224321.59,0.5624,0.575,15,6,0
PAY_004203,CUS_0396,65395.81,renewal_failed,card,1,93832.95,0.8863,0.8776,14,6,0
PAY_004204,CUS_0812,9899.28,insufficient_funds,wallet,1,170225.24,0.7298,0.6889,19,1,0
PAY_004205,CUS_0841,9479.07,network_error,upi,1,90535.82,0.9102,0.6678,15,3,1
PAY_004206,CUS_0706,42221.05,insufficient_funds,wallet,1,58028.28,0.7613,0.8361,19,3,0
PAY_004207,CUS_0538,12558.13,network_error,wallet,1,215401.6,0.8983,0.592,8,3,0
PAY_004208,CUS_0369,25688.87,renewal_failed,wallet,3,280953.94,0.8034,0.4612,14,5,0
PAY_004209,CUS_0206,18129.2,renewal_failed,upi,3,162583.27,0.8493,0.7475,7,0,1
PAY_004210,CUS_0545,10356.15,renewal_failed,card,3,199464.11,0.8358,0.848,4,6,1
PAY_004211,CUS_0126,22354.31,card_declined,upi,3,129666.01,0.6408,0.97,19,5,0
PAY_004212,CUS_0291,56519.83,card_declined,card,1,61650.38,0.9096,0.8593,8,4,0
PAY_004213,CUS_0743,16159.38,expired_method,wallet,2,35728.45,0.8782,0.7796,5,5,1
PAY_004214,CUS_0842,51426.32,renewal_failed,netbanking,2,163914.29,0.7772,0.8083,7,4,1
PAY_004215,CUS_0055,9523.91,network_error,card,0,23628.72,0.8013,0.8686,6,5,0
PAY_004216,CUS_0040,11027.68,expired_method,wallet,2,163047.85,0.8522,0.6076,11,5,0
PAY_004217,CUS_0343,13980.68,network_error,netbanking,1,32211.17,0.759,0.6706,14,5,0
PAY_004218,CUS_0168,7005.0,expired_method,upi,3,48256.57,0.7372,0.6177,10,4,0
PAY_004219,CUS_0788,30357.17,expired_method,card,1,47076.84,0.8728,0.8184,20,6,0
PAY_004220,CUS_0551,6363.95,renewal_failed,card,1,203288.06,0.8653,0.7653,5,2,0
PAY_004221,CUS_0710,32835.24,insufficient_funds,wallet,1,307155.6,0.8641,0.8297,16,0,0
PAY_004222,CUS_0625,19268.51,network_error,upi,3,308779.84,0.7898,0.5396,9,4,0
PAY_004223,CUS_0049,30199.94,renewal_failed,upi,1,167395.97,0.8566,0.9188,21,3,0
PAY_004224,CUS_0800,26940.65,card_declined,wallet,2,184763.06,0.6548,0.6809,17,0,0
PAY_004225,CUS_0446,64761.62,insufficient_funds,netbanking,1,230641.54,0.7938,0.7569,7,0,0
PAY_004226,CUS_0750,22593.23,expired_method,netbanking,0,154868.37,0.8086,0.7218,7,0,1
PAY_004227,CUS_0453,26533.74,insufficient_funds,card,1,118274.83,0.8579,0.8291,18,5,0
PAY_004228,CUS_0202,12856.99,insufficient_funds,upi,1,123889.86,0.9173,0.8637,19,1,0
PAY_004229,CUS_0211,14031.64,expired_method,upi,1,49217.98,0.8536,0.6247,22,3,1
PAY_004230,CUS_0241,7893.35,expired_method,card,3,148167.04,0.9502,0.6762,20,4,0
PAY_004231,CUS_0395,23124.75,insufficient_funds,netbanking,0,38681.96,0.7433,0.6732,16,2,0
PAY_004232,CUS_0016,13063.96,renewal_failed,upi,2,41927.83,0.692,0.7721,6,0,0
PAY_004233,CUS_0748,13793.29,expired_method,wallet,1,206295.75,0.8367,0.8036,10,6,0
PAY_004234,CUS_0085,33829.11,card_declined,netbanking,1,292586.09,0.8271,0.6026,9,0,0
PAY_004235,CUS_0078,31733.29,network_error,netbanking,1,303385.43,0.9118,0.6441,18,6,1
PAY_004236,CUS_0684,1726.54,card_declined,wallet,1,271043.24,0.7379,0.8351,18,1,1
PAY_004237,CUS_0782,10509.14,expired_method,wallet,2,251594.99,0.7043,0.6571,6,4,0
PAY_004238,CUS_0086,25781.59,network_error,netbanking,2,133263.63,0.7816,0.8192,15,6,0
PAY_004239,CUS_0342,43432.64,insufficient_funds,wallet,2,180600.93,0.7924,0.8795,18,5,0
PAY_004240,CUS_0091,3417.35,expired_method,wallet,1,167459.58,0.8407,0.8577,8,0,0
PAY_004241,CUS_0604,8140.38,insufficient_funds,upi,1,197208.71,0.8067,0.467,18,2,1
PAY_004242,CUS_0143,66894.0,network_error,netbanking,1,223874.78,0.8268,0.6726,17,6,0
PAY_004243,CUS_0465,7409.83,expired_method,wallet,0,302591.63,0.9423,0.8271,20,0,1
PAY_004244,CUS_0384,36354.74,card_declined,card,0,9418.94,0.8445,0.5449,8,3,1
PAY_004245,CUS_0822,5630.63,card_declined,card,2,272100.15,0.6277,0.6757,17,2,0
PAY_004246,CUS_0704,7327.4,expired_method,upi,2,249214.26,0.7987,0.8155,17,0,0
PAY_004247,CUS_0629,6913.66,card_declined,card,3,189751.47,0.7979,0.5226,15,6,0
PAY_004248,CUS_0391,2410.43,card_declined,card,0,141547.41,0.67,0.7534,11,0,1
PAY_004249,CUS_0510,5696.81,expired_method,wallet,1,195223.51,0.7497,0.4752,22,6,0
PAY_004250,CUS_0216,19815.13,network_error,upi,2,215559.31,0.8944,0.6658,19,4,0
PAY_004251,CUS_0073,23754.63,insufficient_funds,card,1,120687.73,0.7534,0.8151,19,5,1
PAY_004252,CUS_0252,23201.05,card_declined,wallet,1,252256.16,0.9588,0.8134,15,5,0
PAY_004253,CUS_0173,14257.71,card_declined,card,0,137724.05,0.8233,0.466,15,3,0
PAY_004254,CUS_0156,75627.51,insufficient_funds,card,1,223235.22,0.5327,0.787,21,3,0
PAY_004255,CUS_0004,10967.43,renewal_failed,wallet,1,207633.9,0.8613,0.7124,20,1,0
PAY_004256,CUS_0281,14203.99,network_error,wallet,1,56004.99,0.6133,0.856,9,3,0
PAY_004257,CUS_0071,29173.77,card_declined,wallet,1,218668.39,0.7105,0.6219,18,4,0
PAY_004258,CUS_0368,4377.83,renewal_failed,upi,1,266908.61,0.5231,0.6022,9,0,0
PAY_004259,CUS_0539,10173.89,renewal_failed,upi,1,268497.44,0.7326,0.5067,16,5,1
PAY_004260,CUS_0536,19057.08,insufficient_funds,upi,1,132655.12,0.7403,0.8157,6,3,0
PAY_004261,CUS_0109,9287.54,insufficient_funds,wallet,1,271649.26,0.6787,0.4764,18,3,0
PAY_004262,CUS_0607,11220.83,renewal_failed,card,0,224017.2,0.7146,0.8464,16,3,0
PAY_004263,CUS_0462,36750.54,expired_method,card,0,130882.91,0.6853,0.6272,15,6,0
PAY_004264,CUS_0682,34854.08,insufficient_funds,upi,1,265567.19,0.7405,0.8187,18,6,0
PAY_004265,CUS_0093,18610.75,network_error,netbanking,2,148672.95,0.9449,0.9212,17,4,0
PAY_004266,CUS_0736,14171.29,insufficient_funds,card,3,242799.12,0.7844,0.7902,8,5,0
PAY_004267,CUS_0267,37115.48,insufficient_funds,netbanking,1,74071.83,0.4506,0.5644,18,6,0
PAY_004268,CUS_0404,11070.45,insufficient_funds,netbanking,0,264933.92,0.6052,0.8931,18,1,0
PAY_004269,CUS_0024,11203.86,card_declined,wallet,1,125307.25,0.8099,0.81,17,6,1
PAY_004270,CUS_0627,13913.83,insufficient_funds,upi,1,72763.24,0.7593,0.6644,20,3,1
PAY_004271,CUS_0376,12972.72,renewal_failed,wallet,3,277704.73,0.9153,0.8923,1,0,1
PAY_004272,CUS_0240,25073.68,network_error,card,2,91538.16,0.909,0.7137,11,2,0
PAY_004273,CUS_0763,10874.78,expired_method,card,1,226303.07,0.7357,0.9176,15,6,0
PAY_004274,CUS_0051,4715.61,card_declined,card,2,239645.03,0.8458,0.5312,11,3,1
PAY_004275,CUS_0840,8812.64,renewal_failed,upi,1,117700.47,0.7606,0.828,9,2,0
PAY_004276,CUS_0841,17564.22,expired_method,wallet,1,163091.39,0.8557,0.778,10,2,1
PAY_004277,CUS_0190,9180.36,expired_method,netbanking,0,20321.44,0.8931,0.5884,9,3,0
PAY_004278,CUS_0342,29693.15,card_declined,netbanking,2,184135.59,0.7739,0.9397,15,5,0
PAY_004279,CUS_0108,12681.25,network_error,upi,3,248164.6,0.9213,0.7716,20,1,0
PAY_004280,CUS_0581,13040.23,network_error,netbanking,1,241175.47,0.9074,0.8972,9,2,0
PAY_004281,CUS_0783,13699.79,expired_method,netbanking,1,57598.26,0.9072,0.6316,16,2,0
PAY_004282,CUS_0486,4852.25,card_declined,netbanking,0,186081.58,0.7937,0.8934,19,0,1
PAY_004283,CUS_0553,7672.46,renewal_failed,wallet,1,307672.49,0.9106,0.5725,10,5,0
PAY_004284,CUS_0368,8994.55,expired_method,upi,0,160172.1,0.9737,0.8365,17,5,0
PAY_004285,CUS_0076,5183.16,insufficient_funds,netbanking,0,134356.83,0.9501,0.7653,19,4,0
PAY_004286,CUS_0534,15375.4,insufficient_funds,card,1,192398.15,0.9327,0.7825,18,3,1
PAY_004287,CUS_0696,8913.23,insufficient_funds,wallet,0,25385.37,0.9311,0.5958,9,1,0
PAY_004288,CUS_0717,13008.88,network_error,upi,1,129405.69,0.9136,0.5268,8,5,1
PAY_004289,CUS_0585,12636.8,expired_method,netbanking,1,280418.46,0.7644,0.5942,18,2,1
PAY_004290,CUS_0415,7533.26,insufficient_funds,card,1,72544.18,0.8646,0.7311,17,6,0
PAY_004291,CUS_0830,26846.93,expired_method,netbanking,1,285344.88,0.8188,0.8681,15,6,0
PAY_004292,CUS_0280,6707.34,expired_method,netbanking,1,33063.82,0.8907,0.8789,17,6,1
PAY_004293,CUS_0035,24799.85,network_error,card,2,135705.61,0.8576,0.7314,0,4,0
PAY_004294,CUS_0642,40887.89,expired_method,upi,1,270155.39,0.918,0.8716,22,3,0
PAY_004295,CUS_0307,14478.02,renewal_failed,card,1,116461.74,0.9663,0.7855,12,2,0
PAY_004296,CUS_0264,22657.39,insufficient_funds,card,1,43806.01,0.9492,0.9172,17,0,0
PAY_004297,CUS_0186,18916.97,card_declined,card,2,299543.4,0.857,0.9287,1,1,0
PAY_004298,CUS_0041,29674.22,expired_method,wallet,2,223023.38,0.857,0.8538,13,4,0
PAY_004299,CUS_0763,4906.22,insufficient_funds,wallet,1,119114.94,0.6789,0.5343,7,3,0
PAY_004300,CUS_0615,24060.23,renewal_failed,card,1,161856.49,0.9133,0.5637,14,2,0
PAY_004301,CUS_0252,12706.89,insufficient_funds,netbanking,1,41025.14,0.9228,0.7398,8,5,0
PAY_004302,CUS_0781,7035.87,insufficient_funds,card,1,76053.86,0.82,0.8096,9,0,0
PAY_004303,CUS_0607,12228.85,renewal_failed,netbanking,1,160949.14,0.8912,0.8068,7,2,0
PAY_004304,CUS_0050,11521.21,expired_method,card,2,279366.05,0.8104,0.7199,3,0,0
PAY_004305,CUS_0687,9307.58,card_declined,upi,1,185120.86,0.8857,0.6278,18,1,1
PAY_004306,CUS_0582,22910.74,insufficient_funds,wallet,1,127908.03,0.7593,0.7779,9,0,0
PAY_004307,CUS_0347,78163.5,card_declined,upi,1,310921.75,0.7449,0.8705,15,3,1
PAY_004308,CUS_0167,31166.48,network_error,wallet,2,246804.43,0.8778,0.6822,4,2,1
PAY_004309,CUS_0679,8159.1,renewal_failed,wallet,2,245284.43,0.871,0.8306,8,2,0
PAY_004310,CUS_0156,13802.81,card_declined,wallet,2,228688.53,0.9385,0.7608,16,4,0
PAY_004311,CUS_0103,42814.02,network_error,wallet,1,221586.95,0.6046,0.948,18,4,0
PAY_004312,CUS_0402,5111.45,expired_method,card,1,14074.48,0.8981,0.5881,7,0,1
PAY_004313,CUS_0850,13298.61,renewal_failed,upi,2,304484.02,0.9373,0.7023,16,5,0
PAY_004314,CUS_0837,1252.89,renewal_failed,card,1,211912.39,0.8619,0.6891,10,4,0
PAY_004315,CUS_0243,22512.36,renewal_failed,netbanking,0,41784.0,0.945,0.7247,15,4,0
PAY_004316,CUS_0110,8565.86,network_error,netbanking,1,123059.1,0.76,0.6476,19,6,0
PAY_004317,CUS_0234,4687.57,card_declined,upi,0,291222.83,0.7963,0.6297,7,5,1
PAY_004318,CUS_0775,34503.83,insufficient_funds,upi,0,296754.78,0.8759,0.5836,16,1,0
PAY_004319,CUS_0846,18852.3,expired_method,upi,1,203782.36,0.8154,0.5168,20,4,0
PAY_004320,CUS_0452,20322.69,expired_method,card,3,10387.32,0.7649,0.6839,18,4,0
PAY_004321,CUS_0550,9190.66,renewal_failed,wallet,1,300336.41,0.9002,0.7778,23,3,0
PAY_004322,CUS_0300,13230.8,insufficient_funds,wallet,1,236437.31,0.8738,0.8788,15,4,0
PAY_004323,CUS_0305,3522.27,insufficient_funds,wallet,0,26152.46,0.5701,0.8076,22,5,1
PAY_004324,CUS_0835,4604.1,card_declined,upi,1,87473.62,0.8444,0.8607,18,0,1
PAY_004325,CUS_0269,22551.34,card_declined,wallet,1,297785.1,0.8688,0.9158,13,6,0
PAY_004326,CUS_0509,22098.26,insufficient_funds,wallet,1,110266.12,0.7106,0.7319,7,2,1
PAY_004327,CUS_0227,4636.35,network_error,netbanking,3,93010.36,0.6493,0.8363,21,4,0
PAY_004328,CUS_0631,34092.91,insufficient_funds,card,1,166894.63,0.837,0.8453,19,5,0
PAY_004329,CUS_0160,26661.02,renewal_failed,upi,2,27220.98,0.7343,0.4231,9,6,1
PAY_004330,CUS_0246,5047.15,insufficient_funds,upi,1,157280.88,0.8643,0.6554,15,5,0
PAY_004331,CUS_0779,3254.63,insufficient_funds,wallet,1,182047.93,0.9058,0.6559,15,0,0
PAY_004332,CUS_0035,10902.05,insufficient_funds,card,0,228475.52,0.9067,0.8089,9,2,1
PAY_004333,CUS_0609,19819.83,network_error,netbanking,2,121038.35,0.8501,0.8995,16,5,0
PAY_004334,CUS_0494,19561.38,network_error,upi,1,274147.26,0.9692,0.7815,17,3,0
PAY_004335,CUS_0458,22702.31,insufficient_funds,wallet,1,23467.08,0.8647,0.7703,15,3,1
PAY_004336,CUS_0389,4884.12,card_declined,wallet,2,118867.21,0.7117,0.8226,6,1,0
PAY_004337,CUS_0673,25232.24,card_declined,wallet,1,134083.07,0.9281,0.7185,18,1,0
PAY_004338,CUS_0602,9125.09,renewal_failed,wallet,1,185464.98,0.8746,0.5423,10,3,0
PAY_004339,CUS_0020,5002.34,expired_method,wallet,0,234163.93,0.8415,0.8049,17,6,0
PAY_004340,CUS_0659,17359.36,renewal_failed,upi,1,109777.09,0.7982,0.7139,8,6,0
PAY_004341,CUS_0430,5119.14,renewal_failed,netbanking,3,107542.27,0.835,0.8919,18,2,0
PAY_004342,CUS_0847,7196.42,renewal_failed,wallet,1,237140.07,0.9046,0.8243,10,3,0
PAY_004343,CUS_0360,40324.81,network_error,upi,1,276156.76,0.868,0.6248,19,4,0
PAY_004344,CUS_0056,8425.08,card_declined,wallet,1,109577.13,0.7721,0.7416,7,6,0
PAY_004345,CUS_0366,2947.59,network_error,upi,2,155683.32,0.6788,0.6007,17,0,0
PAY_004346,CUS_0363,5301.88,expired_method,upi,1,210952.38,0.629,0.8528,8,6,0
PAY_004347,CUS_0814,8922.52,renewal_failed,upi,0,131337.03,0.8533,0.6733,15,1,0
PAY_004348,CUS_0656,3231.17,expired_method,wallet,1,188118.07,0.7819,0.8623,19,3,0
PAY_004349,CUS_0495,15026.12,network_error,card,0,281125.6,0.7877,0.7223,11,6,0
PAY_004350,CUS_0078,9572.99,renewal_failed,upi,1,229577.38,0.8095,0.7192,16,2,1
PAY_004351,CUS_0243,6055.1,expired_method,upi,1,79519.07,0.855,0.7832,19,0,0
PAY_004352,CUS_0229,13590.51,renewal_failed,upi,1,278770.57,0.8501,0.8754,8,2,0
PAY_004353,CUS_0561,14745.4,insufficient_funds,upi,1,127501.94,0.896,0.8459,7,6,1
PAY_004354,CUS_0342,10759.18,insufficient_funds,upi,0,290983.89,0.7996,0.9097,10,1,1
PAY_004355,CUS_0313,12466.65,renewal_failed,card,0,157369.67,0.6044,0.5866,15,6,1
PAY_004356,CUS_0051,11251.89,card_declined,netbanking,1,305201.65,0.6881,0.6606,14,6,0
PAY_004357,CUS_0540,10857.91,card_declined,wallet,1,178322.29,0.7134,0.5997,15,1,0
PAY_004358,CUS_0800,8719.83,expired_method,upi,1,270856.29,0.7525,0.3347,18,4,0
PAY_004359,CUS_0405,9937.25,insufficient_funds,upi,0,59046.72,0.9152,0.7346,14,4,0
PAY_004360,CUS_0333,8278.18,network_error,wallet,1,92578.17,0.69,0.8458,19,4,0
PAY_004361,CUS_0553,9401.09,expired_method,wallet,1,47084.07,0.8302,0.5267,7,0,1
PAY_004362,CUS_0662,2072.85,expired_method,card,2,195824.74,0.8087,0.6099,19,4,0
PAY_004363,CUS_0540,13929.16,insufficient_funds,upi,1,178626.34,0.7726,0.8716,6,1,1
PAY_004364,CUS_0524,2492.32,renewal_failed,netbanking,2,235450.24,0.9199,0.7523,16,1,0
PAY_004365,CUS_0787,11190.78,expired_method,netbanking,1,102555.91,0.9527,0.5855,17,4,0
PAY_004366,CUS_0216,52019.54,insufficient_funds,upi,1,141032.78,0.7448,0.8555,18,0,0
PAY_004367,CUS_0792,19210.78,card_declined,card,0,204571.43,0.5195,0.647,5,0,0
PAY_004368,CUS_0563,6677.62,insufficient_funds,upi,2,162613.11,0.8173,0.6461,18,1,0
PAY_004369,CUS_0666,17444.7,network_error,upi,2,107115.86,0.7429,0.9236,20,0,0
PAY_004370,CUS_0643,45790.08,insufficient_funds,upi,0,298188.01,0.7678,0.8519,18,2,0
PAY_004371,CUS_0351,2060.9,insufficient_funds,netbanking,1,11012.73,0.7705,0.8229,20,1,0
PAY_004372,CUS_0193,15924.32,expired_method,card,3,219630.78,0.663,0.6732,8,4,0
PAY_004373,CUS_0009,13233.25,expired_method,upi,3,95237.33,0.8937,0.6393,19,1,1
PAY_004374,CUS_0405,10341.89,renewal_failed,wallet,1,231692.01,0.7379,0.768,19,0,0
PAY_004375,CUS_0800,15287.64,renewal_failed,upi,0,254597.83,0.7214,0.7744,5,0,0
PAY_004376,CUS_0629,13024.75,renewal_failed,wallet,0,55637.08,0.8275,0.8965,20,0,1
PAY_004377,CUS_0795,27489.46,card_declined,card,1,248365.6,0.8262,0.6684,20,0,0
PAY_004378,CUS_0506,57203.67,renewal_failed,wallet,1,285217.05,0.8968,0.67,19,0,0
PAY_004379,CUS_0587,3263.14,insufficient_funds,card,2,25267.71,0.9384,0.7807,6,0,0
PAY_004380,CUS_0751,12948.39,card_declined,upi,2,123316.64,0.8127,0.5462,10,6,0
PAY_004381,CUS_0407,6869.02,card_declined,card,1,88417.54,0.8507,0.7681,23,3,1
PAY_004382,CUS_0271,11006.94,expired_method,card,0,39015.33,0.8064,0.5941,20,0,0
PAY_004383,CUS_0481,7820.78,expired_method,card,0,105148.48,0.7356,0.715,20,4,1
PAY_004384,CUS_0347,13082.69,expired_method,wallet,2,274401.62,0.8046,0.6436,16,1,0
PAY_004385,CUS_0216,18725.09,renewal_failed,upi,1,297016.87,0.7924,0.7431,20,6,0
PAY_004386,CUS_0403,81742.27,insufficient_funds,wallet,0,103498.48,0.7966,0.6833,20,3,1
PAY_004387,CUS_0032,86778.67,renewal_failed,netbanking,1,35099.25,0.9438,0.584,20,2,0
PAY_004388,CUS_0533,80884.97,insufficient_funds,upi,1,173169.23,0.8612,0.6501,22,4,0
PAY_004389,CUS_0301,56002.75,network_error,card,0,37675.13,0.8966,0.8849,1,2,1
PAY_004390,CUS_0222,7137.64,renewal_failed,wallet,2,131971.45,0.8531,0.8338,9,3,0
PAY_004391,CUS_0833,7415.62,network_error,netbanking,1,165177.09,0.8538,0.7926,18,1,1
PAY_004392,CUS_0776,21652.28,insufficient_funds,wallet,1,14091.27,0.9258,0.9146,14,0,0
PAY_004393,CUS_0228,12015.24,renewal_failed,card,1,151036.26,0.8555,0.7842,7,2,0
PAY_004394,CUS_0742,3153.67,network_error,wallet,3,111920.27,0.9246,0.7298,17,5,0
PAY_004395,CUS_0402,20760.5,network_error,netbanking,1,88564.97,0.9611,0.8901,18,2,1
PAY_004396,CUS_0203,40273.54,network_error,wallet,2,88113.19,0.9242,0.7734,13,0,1
PAY_004397,CUS_0292,23922.66,network_error,wallet,3,243835.27,0.824,0.8235,21,4,0
PAY_004398,CUS_0428,4789.66,card_declined,netbanking,2,145539.97,0.843,0.7862,6,6,0
PAY_004399,CUS_0074,12944.1,network_error,card,3,162344.19,0.7878,0.6945,17,3,0
PAY_004400,CUS_0208,24760.64,card_declined,card,0,68215.73,0.8174,0.7922,18,5,1
PAY_004401,CUS_0434,10473.7,expired_method,wallet,0,115816.53,0.8267,0.5336,19,0,0
PAY_004402,CUS_0715,17152.64,expired_method,upi,1,211646.63,0.9249,0.7212,19,3,0
PAY_004403,CUS_0232,14470.35,network_error,netbanking,2,254522.17,0.7453,0.8509,18,4,0
PAY_004404,CUS_0569,10612.9,insufficient_funds,card,1,309921.1,0.8495,0.5702,20,2,0
PAY_004405,CUS_0199,11253.46,insufficient_funds,upi,1,72109.22,0.9129,0.7097,13,5,1
PAY_004406,CUS_0300,7939.82,network_error,wallet,0,90515.6,0.8941,0.5592,17,6,0
PAY_004407,CUS_0385,17810.72,network_error,upi,1,108004.06,0.7578,0.7312,19,3,0
PAY_004408,CUS_0675,7267.72,renewal_failed,card,3,120157.37,0.762,0.7629,17,4,0
PAY_004409,CUS_0531,8176.99,card_declined,upi,1,58759.84,0.8032,0.6806,9,4,0
PAY_004410,CUS_0140,5979.41,network_error,upi,2,170470.84,0.6495,0.9546,20,4,0
PAY_004411,CUS_0703,10448.0,expired_method,netbanking,1,55474.91,0.7927,0.6618,20,4,0
PAY_004412,CUS_0176,32115.5,expired_method,netbanking,1,236062.71,0.8053,0.8554,13,2,0
PAY_004413,CUS_0725,13163.94,insufficient_funds,upi,3,70902.75,0.6974,0.7776,18,0,0
PAY_004414,CUS_0065,44581.59,card_declined,netbanking,0,45952.08,0.8131,0.8913,20,5,0
PAY_004415,CUS_0208,13912.82,renewal_failed,netbanking,2,110015.36,0.9454,0.8017,14,0,0
PAY_004416,CUS_0539,2563.75,card_declined,upi,1,11185.27,0.6627,0.7793,17,6,0
PAY_004417,CUS_0424,6375.3,network_error,card,1,110484.24,0.722,0.6935,10,3,0
PAY_004418,CUS_0021,19318.31,insufficient_funds,upi,1,281242.33,0.8159,0.6561,16,0,1
PAY_004419,CUS_0229,48290.53,expired_method,upi,1,232531.04,0.7213,0.8148,9,5,1
PAY_004420,CUS_0063,20849.43,renewal_failed,upi,1,122925.58,0.8957,0.7308,17,3,0
PAY_004421,CUS_0523,10425.1,expired_method,card,0,148289.3,0.9116,0.8414,19,0,0
PAY_004422,CUS_0072,4505.35,expired_method,netbanking,1,172608.91,0.8922,0.5477,8,0,0
PAY_004423,CUS_0563,9684.1,insufficient_funds,wallet,0,307815.9,0.8695,0.7227,4,5,0
PAY_004424,CUS_0143,6286.65,network_error,card,1,182751.91,0.8094,0.7588,5,3,0
PAY_004425,CUS_0709,9412.76,renewal_failed,card,3,220015.52,0.8465,0.6944,8,6,0
PAY_004426,CUS_0233,6549.88,expired_method,netbanking,1,305462.86,0.815,0.9204,9,0,0
PAY_004427,CUS_0797,5544.04,card_declined,netbanking,1,29816.04,0.9482,0.5063,12,2,0
PAY_004428,CUS_0528,8032.63,renewal_failed,wallet,2,90776.63,0.8092,0.8473,18,1,0
PAY_004429,CUS_0250,7329.69,expired_method,wallet,2,76647.56,0.6214,0.7367,19,0,0
PAY_004430,CUS_0829,10745.67,card_declined,netbanking,2,19155.56,0.8016,0.4374,23,5,0
PAY_004431,CUS_0221,11457.89,renewal_failed,upi,1,193311.22,0.8222,0.7107,1,4,1
PAY_004432,CUS_0225,13956.84,renewal_failed,netbanking,2,256705.16,0.8628,0.867,5,0,0
PAY_004433,CUS_0118,6157.78,renewal_failed,upi,0,123054.05,0.8526,0.7629,11,5,0
PAY_004434,CUS_0136,5152.14,card_declined,upi,3,136061.69,0.5932,0.8564,18,5,0
PAY_004435,CUS_0632,21616.08,network_error,card,3,155988.9,0.9251,0.8425,10,4,0
PAY_004436,CUS_0215,4866.14,network_error,netbanking,1,136239.61,0.8663,0.9101,6,0,0
PAY_004437,CUS_0516,4249.62,insufficient_funds,wallet,1,75412.48,0.8422,0.6772,17,4,0
PAY_004438,CUS_0774,26390.74,network_error,netbanking,1,172292.26,0.8487,0.6107,17,5,0
PAY_004439,CUS_0406,12686.0,network_error,netbanking,2,307302.22,0.8055,0.8403,15,6,1
PAY_004440,CUS_0381,11005.98,insufficient_funds,netbanking,1,319040.38,0.8246,0.8621,19,5,1
PAY_004441,CUS_0152,45213.17,network_error,wallet,1,104347.69,0.8421,0.7829,16,2,0
PAY_004442,CUS_0097,14168.1,network_error,wallet,3,18196.53,0.8308,0.625,17,3,0
PAY_004443,CUS_0226,28759.57,network_error,upi,1,254511.71,0.796,0.6589,20,1,1
PAY_004444,CUS_0726,2641.71,renewal_failed,netbanking,1,63708.75,0.7019,0.8225,17,3,1
PAY_004445,CUS_0642,20971.65,expired_method,wallet,1,188067.27,0.7856,0.8689,20,1,0
PAY_004446,CUS_0194,23627.97,insufficient_funds,card,0,153254.06,0.7934,0.4661,7,3,0
PAY_004447,CUS_0220,55177.15,expired_method,wallet,1,125870.54,0.8317,0.8195,9,1,0
PAY_004448,CUS_0726,19264.38,expired_method,upi,1,83563.82,0.9494,0.5886,8,1,0
PAY_004449,CUS_0379,13172.37,insufficient_funds,wallet,3,56069.61,0.7758,0.5747,18,2,0
PAY_004450,CUS_0475,22979.51,network_error,netbanking,0,162659.14,0.8727,0.5387,13,4,0
PAY_004451,CUS_0663,149872.43,card_declined,netbanking,1,69134.07,0.8064,0.7361,17,3,0
PAY_004452,CUS_0426,8210.82,card_declined,netbanking,2,305303.36,0.838,0.4252,3,5,0
PAY_004453,CUS_0795,18289.45,card_declined,netbanking,1,32855.72,0.8958,0.6534,20,3,1
PAY_004454,CUS_0251,21213.82,network_error,netbanking,1,216939.29,0.9135,0.7651,20,5,0
PAY_004455,CUS_0530,18563.23,insufficient_funds,wallet,2,205548.15,0.8299,0.641,20,4,0
PAY_004456,CUS_0770,19256.27,network_error,card,1,284759.23,0.9735,0.7281,17,6,0
PAY_004457,CUS_0282,9350.5,renewal_failed,upi,2,196063.26,0.8908,0.5905,14,2,0
PAY_004458,CUS_0671,6154.72,network_error,netbanking,2,77209.04,0.7586,0.9262,6,2,0
PAY_004459,CUS_0375,6311.1,network_error,card,2,62509.65,0.887,0.7774,21,5,0
PAY_004460,CUS_0131,16200.84,insufficient_funds,card,1,231904.26,0.644,0.6535,19,5,0
PAY_004461,CUS_0629,5327.31,network_error,wallet,2,157997.33,0.8105,0.6002,6,2,0
PAY_004462,CUS_0540,7245.82,renewal_failed,upi,1,229969.97,0.8767,0.6522,16,0,0
PAY_004463,CUS_0801,6250.87,network_error,netbanking,0,260957.15,0.799,0.6868,2,3,0
PAY_004464,CUS_0350,4026.34,renewal_failed,upi,0,311940.14,0.888,0.5949,7,2,0
PAY_004465,CUS_0089,12924.91,insufficient_funds,card,0,161629.15,0.7635,0.8074,21,3,1
PAY_004466,CUS_0534,1071.53,card_declined,upi,1,237474.32,0.7796,0.6823,17,2,0
PAY_004467,CUS_0732,6807.88,insufficient_funds,wallet,2,57873.53,0.6893,0.5906,18,5,1
PAY_004468,CUS_0608,25502.81,renewal_failed,upi,2,170972.31,0.8318,0.6218,18,3,0
PAY_004469,CUS_0685,12271.78,insufficient_funds,wallet,2,212514.23,0.8039,0.5731,13,0,1
PAY_004470,CUS_0177,25275.94,renewal_failed,card,2,277165.66,0.8287,0.8366,7,1,0
PAY_004471,CUS_0529,13001.38,expired_method,card,0,48881.43,0.8486,0.7089,21,4,1
PAY_004472,CUS_0321,9149.05,expired_method,upi,0,232195.74,0.8785,0.7057,8,3,1
PAY_004473,CUS_0739,17461.19,expired_method,upi,1,279126.06,0.7907,0.6408,20,5,0
PAY_004474,CUS_0770,11982.55,renewal_failed,upi,2,171376.96,0.8018,0.9124,10,0,1
PAY_004475,CUS_0057,25634.99,network_error,netbanking,1,192727.07,0.7387,0.6782,11,2,0
PAY_004476,CUS_0602,51680.75,renewal_failed,upi,1,122781.99,0.9127,0.9141,17,4,1
PAY_004477,CUS_0830,2601.53,insufficient_funds,upi,1,83891.44,0.7277,0.8075,15,6,0
PAY_004478,CUS_0558,1630.4,network_error,upi,1,99978.31,0.8916,0.6244,16,6,1
PAY_004479,CUS_0341,13218.98,expired_method,wallet,1,68987.36,0.8159,0.6361,16,1,0
PAY_004480,CUS_0826,12866.93,expired_method,wallet,1,293533.35,0.7982,0.4285,3,6,0
PAY_004481,CUS_0763,10889.54,card_declined,card,2,304467.12,0.6438,0.8771,17,6,0
PAY_004482,CUS_0798,53023.64,network_error,netbanking,0,173165.92,0.8535,0.785,14,5,0
PAY_004483,CUS_0776,8863.56,insufficient_funds,wallet,1,95924.29,0.8265,0.5694,20,6,0
PAY_004484,CUS_0570,70233.87,network_error,netbanking,1,38677.73,0.8665,0.4346,12,1,0
PAY_004485,CUS_0543,12772.39,renewal_failed,netbanking,1,87936.78,0.8261,0.7154,5,6,0
PAY_004486,CUS_0031,19057.45,insufficient_funds,card,1,200505.2,0.9009,0.9449,14,1,1
PAY_004487,CUS_0719,35369.1,expired_method,card,0,185317.82,0.8704,0.8964,13,6,1
PAY_004488,CUS_0590,16031.97,card_declined,card,2,257395.31,0.8308,0.5934,18,4,0
PAY_004489,CUS_0260,14800.02,expired_method,upi,0,27049.09,0.727,0.7781,17,5,0
PAY_004490,CUS_0341,19633.36,expired_method,wallet,3,153789.15,0.8166,0.8557,7,5,0
PAY_004491,CUS_0039,27993.28,card_declined,card,2,166067.3,0.9343,0.5329,8,4,1
PAY_004492,CUS_0356,52630.16,expired_method,netbanking,3,169222.02,0.8456,0.8909,20,3,0
PAY_004493,CUS_0116,5767.5,insufficient_funds,card,1,110946.4,0.8419,0.8457,11,4,1
PAY_004494,CUS_0686,32482.2,insufficient_funds,upi,2,165350.33,0.8293,0.7904,9,2,1
PAY_004495,CUS_0155,6585.05,insufficient_funds,netbanking,2,184187.53,0.8755,0.8849,14,2,0
PAY_004496,CUS_0343,20964.0,renewal_failed,card,1,174077.54,0.9336,0.6912,8,0,0
PAY_004497,CUS_0205,1613.69,renewal_failed,netbanking,2,191589.5,0.8637,0.7569,14,2,0
PAY_004498,CUS_0823,14178.24,insufficient_funds,card,0,56514.92,0.9717,0.833,9,5,0
PAY_004499,CUS_0807,7967.17,card_declined,netbanking,2,20161.28,0.9306,0.392,1,0,1
PAY_004500,CUS_0259,5947.73,renewal_failed,upi,3,172958.47,0.9272,0.8505,10,3,0
PAY_004501,CUS_0365,9130.97,card_declined,upi,1,88278.83,0.8012,0.8138,2,2,0
PAY_004502,CUS_0697,6778.59,expired_method,card,1,96539.55,0.7813,0.6426,0,3,0
PAY_004503,CUS_0593,18873.47,expired_method,card,1,43992.54,0.739,0.5485,6,2,0
PAY_004504,CUS_0829,3424.88,expired_method,netbanking,0,198784.31,0.8581,0.6215,17,3,0
PAY_004505,CUS_0677,4069.0,insufficient_funds,card,1,226498.39,0.9143,0.731,21,6,0
PAY_004506,CUS_0530,61023.24,network_error,netbanking,0,307761.84,0.9022,0.5847,2,2,1
PAY_004507,CUS_0016,23428.55,renewal_failed,wallet,0,216867.75,0.6557,0.5149,20,5,0
PAY_004508,CUS_0449,5015.68,network_error,netbanking,0,107376.1,0.8949,0.7263,18,3,1
PAY_004509,CUS_0165,7347.25,network_error,upi,1,170658.29,0.9003,0.6223,18,6,1
PAY_004510,CUS_0765,8540.87,card_declined,netbanking,3,152769.44,0.8574,0.6275,7,2,0
PAY_004511,CUS_0103,94406.7,expired_method,wallet,2,82988.57,0.8603,0.6684,11,1,0
PAY_004512,CUS_0689,28585.52,card_declined,card,1,112424.36,0.9526,0.7764,9,6,0
PAY_004513,CUS_0149,11458.42,card_declined,wallet,3,304284.23,0.7567,0.4948,10,1,1
PAY_004514,CUS_0012,3101.99,expired_method,card,0,36767.8,0.9302,0.4247,18,3,1
PAY_004515,CUS_0435,5802.43,renewal_failed,wallet,1,216371.13,0.7504,0.6586,7,1,0
PAY_004516,CUS_0837,86104.47,expired_method,upi,2,240982.24,0.8496,0.8961,19,5,0
PAY_004517,CUS_0034,34805.39,expired_method,upi,1,141936.62,0.9067,0.5811,18,2,0
PAY_004518,CUS_0734,33207.94,insufficient_funds,netbanking,1,106880.68,0.6885,0.8573,18,3,0
PAY_004519,CUS_0711,8054.37,renewal_failed,card,1,287529.29,0.8884,0.7958,22,5,0
PAY_004520,CUS_0457,14903.57,card_declined,netbanking,1,45666.52,0.7819,0.5153,0,6,0
PAY_004521,CUS_0593,6670.8,expired_method,netbanking,1,289054.52,0.9127,0.7675,21,3,0
PAY_004522,CUS_0702,11603.83,network_error,upi,2,307916.09,0.8573,0.8929,15,4,0
PAY_004523,CUS_0587,14193.49,expired_method,netbanking,1,227114.93,0.8896,0.9217,9,4,1
PAY_004524,CUS_0260,9981.77,network_error,wallet,2,282356.37,0.8079,0.6161,20,4,0
PAY_004525,CUS_0433,11502.97,expired_method,card,0,26363.14,0.8568,0.7045,19,5,0
PAY_004526,CUS_0119,16981.29,renewal_failed,netbanking,0,115850.17,0.6172,0.6989,20,6,0
PAY_004527,CUS_0171,6724.04,expired_method,upi,1,21582.8,0.7208,0.8945,1,6,0
PAY_004528,CUS_0308,5918.54,expired_method,wallet,1,308869.37,0.915,0.797,20,5,1
PAY_004529,CUS_0788,5217.11,renewal_failed,upi,2,87725.64,0.9181,0.7455,19,4,0
PAY_004530,CUS_0692,63808.68,insufficient_funds,card,1,115555.53,0.7021,0.7183,18,0,1
PAY_004531,CUS_0607,33028.05,card_declined,card,3,226405.76,0.9587,0.7261,17,5,0
PAY_004532,CUS_0013,30531.7,renewal_failed,card,1,144557.39,0.7884,0.7394,6,1,1
PAY_004533,CUS_0345,12657.08,card_declined,wallet,0,16797.24,0.8383,0.6105,19,3,1
PAY_004534,CUS_0390,16568.04,renewal_failed,upi,3,282481.92,0.8407,0.6422,16,1,1
PAY_004535,CUS_0438,25258.8,insufficient_funds,card,2,163095.32,0.8108,0.8782,9,2,0
PAY_004536,CUS_0448,41984.81,network_error,netbanking,3,167027.85,0.8837,0.6431,11,6,0
PAY_004537,CUS_0605,6091.03,card_declined,card,0,159666.73,0.8231,0.7884,14,1,0
PAY_004538,CUS_0774,28865.69,insufficient_funds,netbanking,1,144107.91,0.982,0.5544,9,1,0
PAY_004539,CUS_0109,11303.77,renewal_failed,wallet,0,203902.28,0.6134,0.6146,9,4,1
PAY_004540,CUS_0661,8365.08,insufficient_funds,upi,1,161956.98,0.7943,0.7845,8,4,0
PAY_004541,CUS_0160,21081.04,card_declined,upi,1,140256.12,0.7581,0.5671,12,5,1
PAY_004542,CUS_0528,9322.63,renewal_failed,netbanking,2,230256.72,0.846,0.8111,19,5,0
PAY_004543,CUS_0070,11499.58,network_error,upi,3,143209.75,0.6575,0.5002,14,2,1
PAY_004544,CUS_0351,7355.2,expired_method,netbanking,1,296291.77,0.6449,0.9105,5,1,0
PAY_004545,CUS_0576,9818.38,network_error,card,3,84869.14,0.9227,0.8747,3,2,1
PAY_004546,CUS_0214,2135.2,card_declined,card,1,164560.89,0.7838,0.6561,12,4,0
PAY_004547,CUS_0223,18904.43,renewal_failed,upi,1,236934.99,0.8706,0.8101,11,2,0
PAY_004548,CUS_0457,18446.34,network_error,upi,2,151830.93,0.8874,0.8544,10,0,0
PAY_004549,CUS_0246,21152.46,insufficient_funds,netbanking,1,171653.26,0.6273,0.773,7,5,0
PAY_004550,CUS_0415,2893.96,card_declined,netbanking,2,305924.8,0.8651,0.8156,23,6,0
PAY_004551,CUS_0026,7067.93,card_declined,upi,2,281227.27,0.7961,0.751,5,0,0
PAY_004552,CUS_0040,29705.24,card_declined,upi,3,218510.33,0.8616,0.7088,14,5,0
PAY_004553,CUS_0671,16605.2,network_error,upi,2,17156.12,0.8385,0.8674,18,0,0
PAY_004554,CUS_0378,4718.51,expired_method,netbanking,0,160529.41,0.8418,0.7204,16,1,1
PAY_004555,CUS_0428,5168.53,renewal_failed,upi,1,214807.62,0.866,0.8732,16,1,0
PAY_004556,CUS_0035,13223.34,card_declined,upi,1,127436.02,0.8105,0.9218,9,5,0
PAY_004557,CUS_0104,13668.87,network_error,card,1,157302.54,0.9427,0.4164,7,6,1
PAY_004558,CUS_0342,12030.83,expired_method,card,1,141103.2,0.9082,0.5968,18,5,0
PAY_004559,CUS_0479,28726.65,card_declined,card,3,236282.3,0.7133,0.7104,21,6,0
PAY_004560,CUS_0440,10679.54,card_declined,wallet,1,85280.97,0.7434,0.7404,9,2,0
PAY_004561,CUS_0129,14973.73,network_error,wallet,1,242609.69,0.9024,0.7072,9,6,0
PAY_004562,CUS_0154,7839.49,expired_method,upi,1,37821.74,0.9029,0.898,8,6,0
PAY_004563,CUS_0366,7111.55,renewal_failed,upi,1,217317.56,0.7872,0.7787,20,4,0
PAY_004564,CUS_0734,13262.26,renewal_failed,wallet,0,247227.72,0.7095,0.6617,7,4,1
PAY_004565,CUS_0477,101630.5,insufficient_funds,card,1,207452.55,0.9028,0.7599,8,5,0
PAY_004566,CUS_0453,15291.82,expired_method,upi,1,266000.21,0.8199,0.699,20,3,0
PAY_004567,CUS_0654,5760.37,renewal_failed,wallet,2,84506.98,0.8455,0.7306,15,5,0
PAY_004568,CUS_0590,10706.53,card_declined,card,1,220430.95,0.8082,0.7937,18,0,1
PAY_004569,CUS_0579,15217.43,network_error,netbanking,1,197431.36,0.8683,0.7359,3,5,1
PAY_004570,CUS_0108,31556.61,expired_method,upi,1,233251.91,0.8409,0.7928,16,3,0
PAY_004571,CUS_0533,20163.19,card_declined,wallet,0,102567.38,0.903,0.8209,20,4,0
PAY_004572,CUS_0838,45635.18,card_declined,netbanking,0,215384.16,0.8322,0.9045,9,3,0
PAY_004573,CUS_0693,9372.03,network_error,upi,2,144318.09,0.8688,0.8391,16,2,0
PAY_004574,CUS_0591,20130.4,network_error,card,1,150916.29,0.9117,0.7154,22,3,1
PAY_004575,CUS_0058,15764.27,insufficient_funds,netbanking,2,30374.25,0.9301,0.6607,21,0,1
PAY_004576,CUS_0446,25677.59,card_declined,upi,2,39183.05,0.7676,0.8073,1,2,0
PAY_004577,CUS_0627,17685.73,network_error,wallet,1,100251.01,0.921,0.9073,8,6,0
PAY_004578,CUS_0576,14427.05,network_error,wallet,1,25993.15,0.8725,0.8053,5,0,1
PAY_004579,CUS_0228,13816.02,insufficient_funds,card,1,105028.86,0.7701,0.5576,12,3,0
PAY_004580,CUS_0409,8730.14,expired_method,wallet,2,219721.31,0.8647,0.8397,13,3,1
PAY_004581,CUS_0274,25808.05,card_declined,wallet,1,248150.53,0.6701,0.6694,10,6,0
PAY_004582,CUS_0259,8162.45,card_declined,wallet,2,278246.08,0.7858,0.7629,19,4,0
PAY_004583,CUS_0047,8953.43,renewal_failed,upi,1,298447.74,0.8756,0.847,17,2,1
PAY_004584,CUS_0480,10513.38,expired_method,card,2,162819.44,0.8298,0.7339,11,4,0
PAY_004585,CUS_0641,12032.55,card_declined,wallet,1,82662.54,0.6389,0.5772,16,3,0
PAY_004586,CUS_0006,8264.93,card_declined,card,0,237358.36,0.8753,0.906,19,5,1
PAY_004587,CUS_0751,39239.29,expired_method,netbanking,1,17267.51,0.8136,0.9117,10,1,0
PAY_004588,CUS_0800,10233.22,network_error,card,2,166632.3,0.7932,0.7584,1,2,0
PAY_004589,CUS_0097,44038.01,card_declined,wallet,3,193913.75,0.811,0.7947,18,6,0
PAY_004590,CUS_0481,6368.84,renewal_failed,card,1,117540.21,0.6224,0.8781,14,2,0
PAY_004591,CUS_0838,11438.04,insufficient_funds,upi,0,82461.96,0.9144,0.7518,10,0,0
PAY_004592,CUS_0018,16856.54,renewal_failed,netbanking,3,100763.57,0.6509,0.5877,16,5,0
PAY_004593,CUS_0156,30886.94,expired_method,card,1,68943.62,0.7227,0.8691,9,6,0
PAY_004594,CUS_0195,13572.99,network_error,wallet,1,311040.68,0.8419,0.5783,2,6,0
PAY_004595,CUS_0487,33452.94,renewal_failed,wallet,1,303939.95,0.9467,0.7639,19,4,1
PAY_004596,CUS_0573,5596.39,card_declined,upi,1,280608.42,0.6751,0.796,17,3,1
PAY_004597,CUS_0538,3520.13,expired_method,card,2,12239.58,0.7426,0.9674,7,0,0
PAY_004598,CUS_0183,12168.63,insufficient_funds,card,3,166855.46,0.8467,0.8694,7,0,0
PAY_004599,CUS_0566,10488.53,expired_method,netbanking,1,176890.65,0.7326,0.6437,19,1,0
PAY_004600,CUS_0823,23714.1,card_declined,upi,3,250092.85,0.6795,0.7695,18,6,0
PAY_004601,CUS_0301,17932.38,expired_method,wallet,2,169396.85,0.94,0.7719,17,4,1
PAY_004602,CUS_0067,14610.36,renewal_failed,upi,0,20197.12,0.8178,0.7341,16,1,1
PAY_004603,CUS_0782,13153.04,expired_method,wallet,1,157777.21,0.8249,0.9124,6,4,1
PAY_004604,CUS_0404,39896.5,card_declined,upi,1,291377.57,0.83,0.8775,19,1,0
PAY_004605,CUS_0170,5684.39,card_declined,upi,1,194831.29,0.725,0.8533,18,3,0
PAY_004606,CUS_0557,8709.53,card_declined,card,1,302816.77,0.937,0.5609,19,4,0
PAY_004607,CUS_0529,17902.15,renewal_failed,netbanking,2,188746.86,0.8304,0.8147,8,4,1
PAY_004608,CUS_0169,8775.44,insufficient_funds,netbanking,0,241339.04,0.7453,0.7655,17,6,0
PAY_004609,CUS_0118,3889.01,network_error,wallet,1,23950.29,0.782,0.7124,17,3,0
PAY_004610,CUS_0498,5597.44,network_error,upi,3,28920.07,0.9224,0.736,5,5,0
PAY_004611,CUS_0679,32526.59,network_error,card,1,143253.35,0.838,0.779,18,3,1
PAY_004612,CUS_0415,27888.43,card_declined,card,2,183026.6,0.9527,0.7084,14,2,1
PAY_004613,CUS_0040,28039.08,card_declined,netbanking,2,66323.78,0.9573,0.7718,16,2,1
PAY_004614,CUS_0470,33440.72,network_error,netbanking,1,303683.26,0.8513,0.6622,16,0,0
PAY_004615,CUS_0529,11149.37,card_declined,card,1,49576.58,0.8113,0.8492,16,3,1
PAY_004616,CUS_0740,6456.93,card_declined,wallet,1,305619.76,0.7681,0.5806,4,1,1
PAY_004617,CUS_0668,4776.45,renewal_failed,card,2,32382.14,0.7983,0.6542,18,5,0
PAY_004618,CUS_0167,2133.68,expired_method,card,3,64760.07,0.9277,0.7396,14,0,0
PAY_004619,CUS_0325,14164.71,expired_method,wallet,1,196706.69,0.8542,0.8542,8,1,0
PAY_004620,CUS_0763,20169.38,network_error,upi,2,299331.48,0.9233,0.648,8,2,1
PAY_004621,CUS_0161,27493.32,card_declined,wallet,1,292231.21,0.9559,0.708,9,2,0
PAY_004622,CUS_0088,39669.64,renewal_failed,wallet,2,259470.36,0.9074,0.6849,9,2,0
PAY_004623,CUS_0654,10606.67,expired_method,netbanking,2,39859.75,0.8757,0.4579,5,2,1
PAY_004624,CUS_0376,13997.3,card_declined,wallet,1,71531.51,0.7329,0.743,13,3,0
PAY_004625,CUS_0370,11703.17,card_declined,wallet,2,213436.43,0.8891,0.7113,18,3,0
PAY_004626,CUS_0613,2392.33,renewal_failed,netbanking,2,281695.17,0.9074,0.6817,7,2,0
PAY_004627,CUS_0463,18988.51,renewal_failed,netbanking,1,130433.34,0.8066,0.801,11,2,0
PAY_004628,CUS_0646,11776.84,card_declined,wallet,0,121563.78,0.6964,0.7202,21,3,1
PAY_004629,CUS_0007,5118.84,renewal_failed,netbanking,2,159632.85,0.8529,0.6751,9,6,0
PAY_004630,CUS_0236,11672.92,card_declined,wallet,0,294156.19,0.9741,0.9043,11,5,0
PAY_004631,CUS_0614,20391.92,network_error,netbanking,2,21147.65,0.7656,0.8978,16,0,0
PAY_004632,CUS_0030,3546.78,expired_method,netbanking,2,243736.74,0.8395,0.8105,10,2,1
PAY_004633,CUS_0692,12227.95,network_error,wallet,0,8529.58,0.9223,0.7665,8,3,0
PAY_004634,CUS_0316,4935.31,expired_method,netbanking,2,169300.06,0.6998,0.8075,19,1,0
PAY_004635,CUS_0032,3972.04,renewal_failed,netbanking,2,279734.6,0.944,0.7284,19,4,0
PAY_004636,CUS_0516,18459.87,expired_method,wallet,1,120154.97,0.8742,0.53,13,1,0
PAY_004637,CUS_0391,83107.5,insufficient_funds,upi,1,25108.16,0.8018,0.8016,18,5,0
PAY_004638,CUS_0752,12514.58,insufficient_funds,wallet,1,308537.27,0.8105,0.6719,22,5,1
PAY_004639,CUS_0167,5583.51,expired_method,card,1,116631.5,0.7811,0.6264,19,6,0
PAY_004640,CUS_0194,6403.58,expired_method,card,2,205388.84,0.6915,0.7068,7,5,1
PAY_004641,CUS_0117,25469.34,renewal_failed,netbanking,1,309308.3,0.7992,0.6967,5,6,0
PAY_004642,CUS_0700,5718.38,renewal_failed,wallet,1,132658.13,0.8372,0.7715,0,0,1
PAY_004643,CUS_0455,24170.99,network_error,card,1,158649.37,0.8995,0.4549,12,0,0
PAY_004644,CUS_0527,10524.27,network_error,upi,0,316792.12,0.8,0.8257,6,1,0
PAY_004645,CUS_0087,14461.93,renewal_failed,card,1,196694.62,0.7215,0.6477,7,0,0
PAY_004646,CUS_0019,18782.84,renewal_failed,wallet,2,23892.45,0.669,0.6001,11,1,0
PAY_004647,CUS_0258,22041.4,renewal_failed,card,1,117100.17,0.8718,0.6164,8,3,0
PAY_004648,CUS_0511,5633.49,expired_method,netbanking,2,19326.34,0.8924,0.6231,14,3,1
PAY_004649,CUS_0009,44148.13,expired_method,card,3,212741.25,0.7456,0.508,7,1,0
PAY_004650,CUS_0371,6528.33,insufficient_funds,wallet,1,139713.69,0.5721,0.5861,18,6,0
PAY_004651,CUS_0384,23510.15,insufficient_funds,upi,1,202745.85,0.7849,0.403,17,6,0
PAY_004652,CUS_0315,4646.1,insufficient_funds,wallet,3,129696.81,0.9601,0.734,19,0,0
PAY_004653,CUS_0458,10102.5,card_declined,upi,1,208129.75,0.8957,0.7372,9,1,1
PAY_004654,CUS_0030,10424.2,expired_method,netbanking,0,100812.9,0.7856,0.583,7,2,0
PAY_004655,CUS_0016,12882.18,renewal_failed,netbanking,0,210090.06,0.6974,0.4737,6,5,0
PAY_004656,CUS_0136,10044.45,expired_method,card,0,53874.81,0.8372,0.8755,13,0,1
PAY_004657,CUS_0704,13652.21,network_error,card,1,208226.55,0.8284,0.5751,3,4,0
PAY_004658,CUS_0699,12332.79,expired_method,netbanking,2,53351.08,0.9437,0.8573,9,0,1
PAY_004659,CUS_0494,8557.94,expired_method,wallet,2,150156.05,0.8358,0.747,0,6,0
PAY_004660,CUS_0559,10580.12,expired_method,card,2,32930.42,0.9009,0.8412,12,5,0
PAY_004661,CUS_0356,33050.33,renewal_failed,upi,1,287530.08,0.7864,0.6166,8,5,0
PAY_004662,CUS_0228,7725.96,expired_method,upi,3,90200.42,0.8589,0.6455,21,0,0
PAY_004663,CUS_0197,5250.87,insufficient_funds,netbanking,0,283327.81,0.9024,0.6846,10,4,1
PAY_004664,CUS_0242,13591.04,insufficient_funds,card,1,75080.16,0.7897,0.7936,11,6,0
PAY_004665,CUS_0178,23558.38,insufficient_funds,upi,0,69297.61,0.8312,0.8301,20,1,0
PAY_004666,CUS_0671,13729.44,insufficient_funds,upi,3,280076.5,0.842,0.7623,18,2,0
PAY_004667,CUS_0768,17643.02,network_error,upi,1,21381.22,0.9768,0.6061,17,5,1
PAY_004668,CUS_0182,4820.16,card_declined,upi,1,17801.52,0.8682,0.6658,18,6,1
PAY_004669,CUS_0206,11661.85,insufficient_funds,card,0,268171.4,0.89,0.865,19,1,1
PAY_004670,CUS_0016,40634.84,expired_method,card,1,153446.53,0.8048,0.6693,10,1,1
PAY_004671,CUS_0288,25878.6,card_declined,upi,0,317037.76,0.7397,0.8741,20,5,1
PAY_004672,CUS_0727,5978.03,network_error,wallet,1,42911.86,0.8012,0.6686,15,6,0
PAY_004673,CUS_0782,33397.04,network_error,card,0,312041.83,0.7518,0.2831,18,2,0
PAY_004674,CUS_0439,12981.02,expired_method,netbanking,3,93881.03,0.7532,0.7649,12,3,1
PAY_004675,CUS_0848,4506.42,expired_method,netbanking,1,317979.62,0.7988,0.4676,8,5,0
PAY_004676,CUS_0068,4753.5,expired_method,netbanking,1,19075.28,0.8797,0.8538,19,5,0
PAY_004677,CUS_0727,65244.66,renewal_failed,card,1,20138.65,0.8923,0.6328,21,0,0
PAY_004678,CUS_0783,13616.98,insufficient_funds,upi,1,29393.81,0.8618,0.7949,9,0,0
PAY_004679,CUS_0839,3392.06,card_declined,upi,2,298010.4,0.9195,0.751,20,1,0
PAY_004680,CUS_0200,5451.63,network_error,wallet,2,231631.3,0.9316,0.6652,16,5,1
PAY_004681,CUS_0200,15404.0,network_error,wallet,2,284573.35,0.8808,0.6884,7,4,0
PAY_004682,CUS_0624,14772.1,renewal_failed,card,1,76018.69,0.8816,0.7957,16,4,0
PAY_004683,CUS_0261,7302.6,card_declined,upi,0,242826.1,0.7765,0.4335,16,3,0
PAY_004684,CUS_0466,14866.87,expired_method,wallet,1,243761.56,0.796,0.798,14,2,1
PAY_004685,CUS_0051,20765.53,card_declined,upi,3,262662.37,0.9274,0.5266,12,3,0
PAY_004686,CUS_0709,7620.58,network_error,upi,1,205376.79,0.7639,0.7797,21,2,0
PAY_004687,CUS_0036,5187.86,card_declined,upi,0,196849.05,0.8296,0.5848,1,2,1
PAY_004688,CUS_0240,17483.47,expired_method,wallet,1,44644.15,0.8998,0.7671,17,1,1
PAY_004689,CUS_0051,13744.74,network_error,wallet,1,89285.63,0.9066,0.7701,14,2,1
PAY_004690,CUS_0593,42934.6,card_declined,card,0,229893.11,0.8016,0.6202,19,1,1
PAY_004691,CUS_0396,4527.74,expired_method,netbanking,2,285598.73,0.9624,0.7557,8,6,1
PAY_004692,CUS_0465,13143.51,insufficient_funds,wallet,1,263611.36,0.8065,0.5588,13,1,1
PAY_004693,CUS_0718,43067.55,insufficient_funds,wallet,0,113980.97,0.8542,0.902,18,5,1
PAY_004694,CUS_0599,2546.65,card_declined,card,1,274172.65,0.9142,0.8012,16,4,1
PAY_004695,CUS_0518,9051.36,expired_method,netbanking,1,236189.65,0.7209,0.8786,10,0,0
PAY_004696,CUS_0310,3954.3,expired_method,upi,3,253780.72,0.9238,0.8755,21,1,1
PAY_004697,CUS_0569,13774.93,network_error,netbanking,2,211548.52,0.8744,0.9197,17,4,1
PAY_004698,CUS_0265,17858.6,renewal_failed,netbanking,3,29949.44,0.9075,0.7519,17,5,0
PAY_004699,CUS_0280,35613.68,insufficient_funds,wallet,3,39796.6,0.7683,0.7324,6,1,0
PAY_004700,CUS_0598,12870.66,expired_method,card,0,319684.02,0.8911,0.8546,9,2,0
PAY_004701,CUS_0331,17759.0,insufficient_funds,card,1,134520.45,0.6276,0.4686,14,5,0
PAY_004702,CUS_0454,5146.37,network_error,card,0,306779.19,0.7044,0.914,17,0,0
PAY_004703,CUS_0518,61493.4,insufficient_funds,card,2,286350.91,0.7165,0.9435,21,5,0
PAY_004704,CUS_0142,24139.2,network_error,upi,2,72653.95,0.8703,0.7385,16,2,0
PAY_004705,CUS_0583,14909.94,insufficient_funds,card,2,227318.35,0.968,0.7253,20,4,0
PAY_004706,CUS_0336,15796.11,renewal_failed,wallet,1,157440.23,0.9042,0.7914,15,6,0
PAY_004707,CUS_0446,19765.25,network_error,card,2,197768.47,0.9234,0.8231,10,5,0
PAY_004708,CUS_0531,6446.06,network_error,upi,2,99714.53,0.5595,0.7815,10,1,0
PAY_004709,CUS_0225,12925.36,expired_method,card,1,11823.94,0.8766,0.8478,18,0,1
PAY_004710,CUS_0527,1732.83,network_error,upi,0,27060.08,0.701,0.5684,6,4,1
PAY_004711,CUS_0757,7352.15,renewal_failed,netbanking,2,303349.92,0.8253,0.5323,19,1,1
PAY_004712,CUS_0458,16122.83,insufficient_funds,wallet,1,72126.86,0.7856,0.8822,15,6,0
PAY_004713,CUS_0092,5706.59,card_declined,netbanking,1,228308.03,0.7621,0.7205,14,1,1
PAY_004714,CUS_0780,21477.88,insufficient_funds,netbanking,0,94977.94,0.8347,0.5996,6,0,1
PAY_004715,CUS_0166,6307.55,network_error,netbanking,1,45750.15,0.8547,0.4233,21,0,0
PAY_004716,CUS_0094,24490.64,renewal_failed,wallet,1,58047.63,0.8985,0.7813,17,5,1
PAY_004717,CUS_0396,21270.68,card_declined,upi,1,91491.57,0.7703,0.7616,20,3,1
PAY_004718,CUS_0351,10240.4,card_declined,wallet,1,282457.38,0.8623,0.9116,20,1,0
PAY_004719,CUS_0441,51418.31,renewal_failed,wallet,0,80857.77,0.7887,0.8763,18,2,0
PAY_004720,CUS_0124,33061.33,renewal_failed,netbanking,1,83435.76,0.8753,0.7387,14,5,1
PAY_004721,CUS_0265,38667.68,expired_method,wallet,2,27994.15,0.8478,0.4285,12,0,1
PAY_004722,CUS_0076,18868.56,card_declined,card,3,197438.33,0.8352,0.5587,10,1,0
PAY_004723,CUS_0847,82923.13,network_error,card,0,79336.25,0.8242,0.8228,10,6,0
PAY_004724,CUS_0598,34851.44,card_declined,netbanking,1,155693.2,0.8469,0.8397,11,6,1
PAY_004725,CUS_0141,8229.13,network_error,upi,2,180054.54,0.881,0.5889,20,4,0
PAY_004726,CUS_0825,7459.94,renewal_failed,netbanking,1,255857.99,0.5192,0.7893,20,6,0
PAY_004727,CUS_0752,4954.72,network_error,wallet,2,304078.33,0.7613,0.5348,10,3,0
PAY_004728,CUS_0436,9970.11,renewal_failed,netbanking,2,201153.51,0.913,0.7254,16,3,0
PAY_004729,CUS_0643,6643.07,renewal_failed,card,0,100398.17,0.8461,0.7513,8,2,1
PAY_004730,CUS_0663,17604.71,card_declined,netbanking,1,135413.7,0.7799,0.6584,9,1,0
PAY_004731,CUS_0690,9975.33,insufficient_funds,netbanking,3,231292.98,0.8499,0.8792,16,2,1
PAY_004732,CUS_0233,31627.17,network_error,upi,1,11238.99,0.78,0.7176,9,2,0
PAY_004733,CUS_0315,28173.96,network_error,netbanking,1,97216.51,0.9522,0.6249,7,0,1
PAY_004734,CUS_0019,19913.2,insufficient_funds,upi,1,197615.48,0.9266,0.5817,8,0,0
PAY_004735,CUS_0608,6796.89,expired_method,wallet,1,179094.76,0.7247,0.7755,17,6,0
PAY_004736,CUS_0424,28020.34,card_declined,card,1,316348.8,0.8487,0.6651,17,1,0
PAY_004737,CUS_0101,24635.93,renewal_failed,wallet,1,187920.93,0.7953,0.5213,8,6,0
PAY_004738,CUS_0109,41169.08,network_error,card,0,54672.56,0.8252,0.8227,20,4,0
PAY_004739,CUS_0545,22899.38,network_error,card,1,100086.75,0.8932,0.8673,20,1,0
PAY_004740,CUS_0503,11332.87,card_declined,card,1,267886.56,0.9295,0.9159,8,5,0
PAY_004741,CUS_0751,13853.01,renewal_failed,upi,2,27085.83,0.6978,0.6178,10,2,0
PAY_004742,CUS_0619,15175.97,renewal_failed,upi,1,260525.52,0.9656,0.7974,13,0,0
PAY_004743,CUS_0454,5495.23,renewal_failed,card,1,227220.03,0.8431,0.5484,12,0,0
PAY_004744,CUS_0427,133241.23,expired_method,wallet,1,302067.99,0.9603,0.7485,5,2,0
PAY_004745,CUS_0035,7204.16,network_error,wallet,1,68397.74,0.6984,0.9021,9,3,0
PAY_004746,CUS_0711,17809.69,insufficient_funds,upi,1,290093.95,0.8238,0.6527,9,6,0
PAY_004747,CUS_0519,25024.64,renewal_failed,netbanking,0,113905.78,0.8651,0.8037,21,0,0
PAY_004748,CUS_0238,14270.42,expired_method,card,3,272576.97,0.8854,0.8065,18,0,0
PAY_004749,CUS_0431,11895.67,expired_method,netbanking,2,281367.66,0.9411,0.7167,9,2,0
PAY_004750,CUS_0712,10399.72,network_error,netbanking,1,319030.64,0.7697,0.9106,18,6,0
PAY_004751,CUS_0565,57035.32,network_error,card,2,131416.35,0.722,0.7682,14,4,0
PAY_004752,CUS_0354,24095.48,insufficient_funds,netbanking,1,20428.95,0.6624,0.7315,14,6,0
PAY_004753,CUS_0783,11333.09,network_error,netbanking,3,131648.08,0.7981,0.7036,7,5,0
PAY_004754,CUS_0550,8664.47,network_error,upi,2,131194.73,0.871,0.8092,14,1,0
PAY_004755,CUS_0786,4178.08,insufficient_funds,card,1,27857.59,0.8308,0.6774,19,1,0
PAY_004756,CUS_0085,5354.1,network_error,card,2,250371.11,0.6781,0.888,8,0,0
PAY_004757,CUS_0368,28644.61,renewal_failed,wallet,1,243072.11,0.8863,0.8072,18,6,0
PAY_004758,CUS_0091,7042.85,renewal_failed,upi,1,313577.4,0.9701,0.6847,18,0,1
PAY_004759,CUS_0175,8044.1,card_declined,wallet,0,208827.47,0.7438,0.8709,14,6,0
PAY_004760,CUS_0653,4634.66,insufficient_funds,wallet,0,31195.04,0.6737,0.9533,15,5,1
PAY_004761,CUS_0384,10033.51,expired_method,wallet,0,70789.83,0.8463,0.682,8,2,0
PAY_004762,CUS_0597,10420.67,expired_method,wallet,1,226153.41,0.8619,0.7443,15,0,0
PAY_004763,CUS_0522,3854.33,insufficient_funds,wallet,1,72863.71,0.822,0.6555,7,0,0
PAY_004764,CUS_0543,59813.6,expired_method,card,3,186984.4,0.9133,0.5381,6,3,0
PAY_004765,CUS_0696,15380.22,network_error,wallet,1,144647.28,0.8507,0.5526,20,6,0
PAY_004766,CUS_0493,5127.83,renewal_failed,wallet,2,101944.78,0.8126,0.8961,20,0,0
PAY_004767,CUS_0450,6760.7,renewal_failed,card,1,262243.69,0.9175,0.7099,7,1,1
PAY_004768,CUS_0805,23938.33,card_declined,upi,0,140286.68,0.911,0.3197,23,0,1
PAY_004769,CUS_0347,28545.73,card_declined,netbanking,3,276527.65,0.8805,0.8166,17,1,1
PAY_004770,CUS_0014,9387.48,card_declined,netbanking,0,74825.04,0.9038,0.7897,11,2,0
PAY_004771,CUS_0478,25305.07,expired_method,card,1,26932.71,0.6474,0.7355,6,3,1
PAY_004772,CUS_0592,5887.79,card_declined,card,2,252923.06,0.7738,0.818,6,6,0
PAY_004773,CUS_0455,33149.39,expired_method,upi,1,262414.74,0.8703,0.4848,19,0,1
PAY_004774,CUS_0582,4671.36,card_declined,upi,2,208462.59,0.7797,0.7508,7,1,0
PAY_004775,CUS_0414,12481.11,renewal_failed,netbanking,2,37779.82,0.6812,0.6735,21,4,0
PAY_004776,CUS_0455,34090.14,expired_method,netbanking,2,143969.13,0.8798,0.4795,8,4,0
PAY_004777,CUS_0524,49071.72,card_declined,wallet,2,29777.56,0.7958,0.8349,4,0,0
PAY_004778,CUS_0098,9889.1,expired_method,wallet,0,14500.82,0.9554,0.747,11,4,0
PAY_004779,CUS_0735,20004.99,expired_method,netbanking,2,67212.36,0.7131,0.7509,14,0,0
PAY_004780,CUS_0041,42494.04,network_error,upi,0,273555.77,0.864,0.6588,14,1,0
PAY_004781,CUS_0163,10573.43,card_declined,card,2,238902.15,0.8452,0.6824,16,5,1
PAY_004782,CUS_0408,13897.77,insufficient_funds,netbanking,3,236238.31,0.864,0.4917,20,2,0
PAY_004783,CUS_0578,9927.97,network_error,wallet,1,263491.32,0.9006,0.7136,16,0,0
PAY_004784,CUS_0185,12247.1,network_error,card,1,41199.61,0.7823,0.7053,17,2,0
PAY_004785,CUS_0607,34831.55,insufficient_funds,card,0,46036.43,0.7206,0.6743,9,0,0
PAY_004786,CUS_0022,9130.11,insufficient_funds,wallet,2,311748.74,0.7719,0.661,19,2,0
PAY_004787,CUS_0043,19613.41,network_error,card,1,306863.62,0.8969,0.8151,6,2,0
PAY_004788,CUS_0585,14023.05,card_declined,card,2,120971.26,0.7032,0.7554,9,3,0
PAY_004789,CUS_0030,7635.92,insufficient_funds,wallet,1,271506.85,0.8749,0.5827,18,1,0
PAY_004790,CUS_0253,10667.48,card_declined,wallet,1,299677.82,0.9425,0.5641,17,6,0
PAY_004791,CUS_0122,22684.85,insufficient_funds,wallet,1,156741.99,0.9077,0.672,20,1,1
PAY_004792,CUS_0513,4441.82,network_error,wallet,1,281143.18,0.8691,0.7565,21,4,0
PAY_004793,CUS_0462,10956.29,network_error,netbanking,1,319619.53,0.8255,0.5088,9,3,0
PAY_004794,CUS_0726,6369.25,expired_method,wallet,2,16995.82,0.9315,0.7511,19,3,0
PAY_004795,CUS_0850,9678.85,insufficient_funds,netbanking,1,307326.77,0.8663,0.8998,16,3,0
PAY_004796,CUS_0299,13362.88,network_error,wallet,1,271640.96,0.5506,0.7639,19,1,0
PAY_004797,CUS_0212,16970.42,network_error,netbanking,1,24788.69,0.908,0.7288,23,0,0
PAY_004798,CUS_0805,91511.82,renewal_failed,wallet,2,263441.76,0.8677,0.7241,7,3,0
PAY_004799,CUS_0340,10857.87,expired_method,card,1,214704.51,0.8538,0.6934,5,2,1
PAY_004800,CUS_0351,2171.14,expired_method,upi,1,306017.5,0.8658,0.7479,9,0,0
PAY_004801,CUS_0446,15327.95,expired_method,netbanking,2,283150.72,0.9304,0.6875,5,2,0
PAY_004802,CUS_0451,74736.34,insufficient_funds,netbanking,2,11116.06,0.8797,0.7914,17,2,0
PAY_004803,CUS_0439,4532.66,renewal_failed,netbanking,1,113540.17,0.802,0.5594,7,5,0
PAY_004804,CUS_0687,11307.7,card_declined,wallet,1,178558.91,0.961,0.717,21,2,0
PAY_004805,CUS_0532,35672.22,card_declined,card,2,25812.64,0.9635,0.6036,22,2,0
PAY_004806,CUS_0082,81258.48,expired_method,upi,2,232404.15,0.9137,0.6985,9,3,0
PAY_004807,CUS_0501,45917.34,card_declined,netbanking,1,38575.49,0.8844,0.8258,19,4,1
PAY_004808,CUS_0508,6307.85,renewal_failed,wallet,2,19941.35,0.9061,0.565,17,2,0
PAY_004809,CUS_0089,7940.69,card_declined,card,0,284214.05,0.9356,0.6907,14,4,1
PAY_004810,CUS_0665,3039.6,card_declined,wallet,1,208740.81,0.7865,0.6935,22,3,0
PAY_004811,CUS_0142,2807.58,insufficient_funds,upi,1,83310.54,0.919,0.7773,16,2,1
PAY_004812,CUS_0042,11119.45,card_declined,upi,1,120947.89,0.861,0.7539,10,1,0
PAY_004813,CUS_0662,11315.76,card_declined,wallet,2,18359.4,0.9729,0.7234,2,5,0
PAY_004814,CUS_0532,7554.42,expired_method,upi,0,245754.51,0.9116,0.7027,19,4,0
PAY_004815,CUS_0595,22792.33,network_error,wallet,1,253580.64,0.7003,0.925,16,3,1
PAY_004816,CUS_0496,16703.92,renewal_failed,wallet,2,26513.26,0.8599,0.742,23,1,0
PAY_004817,CUS_0372,20233.72,renewal_failed,card,0,66741.32,0.8968,0.7086,19,5,0
PAY_004818,CUS_0442,10708.84,network_error,card,1,160140.38,0.7117,0.6443,17,5,0
PAY_004819,CUS_0790,21195.03,renewal_failed,wallet,1,241832.24,0.8936,0.6889,19,6,0
PAY_004820,CUS_0151,13055.06,card_declined,netbanking,3,78244.23,0.7054,0.6139,19,1,1
PAY_004821,CUS_0434,42072.5,network_error,card,1,256030.36,0.7229,0.8429,19,1,1
PAY_004822,CUS_0021,52937.37,renewal_failed,upi,1,69319.46,0.8265,0.6845,21,4,0
PAY_004823,CUS_0392,10733.62,renewal_failed,wallet,0,41741.64,0.9377,0.7238,18,2,0
PAY_004824,CUS_0138,8145.79,card_declined,card,3,193836.75,0.6502,0.6586,16,1,0
PAY_004825,CUS_0148,40354.17,card_declined,upi,2,285782.5,0.9382,0.5956,16,0,1
PAY_004826,CUS_0068,6211.59,network_error,netbanking,1,197172.51,0.8395,0.8104,22,2,1
PAY_004827,CUS_0552,9042.8,expired_method,netbanking,1,151041.25,0.9355,0.7253,12,1,1
PAY_004828,CUS_0559,17329.45,card_declined,card,1,58953.41,0.781,0.5174,12,0,0
PAY_004829,CUS_0006,24877.33,renewal_failed,upi,1,155160.61,0.7039,0.6614,22,4,0
PAY_004830,CUS_0192,48067.66,network_error,wallet,2,105626.12,0.8757,0.7775,12,6,0
PAY_004831,CUS_0471,12436.34,insufficient_funds,netbanking,0,205398.46,0.7958,0.5955,7,4,1
PAY_004832,CUS_0242,26428.06,expired_method,wallet,1,52143.42,0.9125,0.9196,0,6,1
PAY_004833,CUS_0783,11431.77,card_declined,card,1,19903.14,0.8091,0.758,12,4,0
PAY_004834,CUS_0180,39377.39,insufficient_funds,netbanking,1,56074.98,0.8854,0.7005,22,5,0
PAY_004835,CUS_0179,29343.79,expired_method,upi,1,239158.13,0.8045,0.552,14,3,0
PAY_004836,CUS_0177,5464.26,renewal_failed,card,3,19334.4,0.8003,0.7494,15,6,0
PAY_004837,CUS_0577,15757.68,renewal_failed,upi,0,237431.76,0.7453,0.632,5,1,0
PAY_004838,CUS_0156,28163.9,renewal_failed,card,2,72193.71,0.8004,0.6981,9,4,1
PAY_004839,CUS_0338,4012.81,renewal_failed,card,1,36969.71,0.7918,0.8444,6,1,0
PAY_004840,CUS_0406,13179.52,expired_method,card,3,150421.07,0.9446,0.6292,22,4,1
PAY_004841,CUS_0442,7185.01,renewal_failed,netbanking,0,154976.2,0.9178,0.7482,8,0,1
PAY_004842,CUS_0334,72156.52,network_error,netbanking,1,189800.59,0.8987,0.6249,18,2,0
PAY_004843,CUS_0356,8025.68,renewal_failed,wallet,1,157749.31,0.6787,0.6082,15,4,0
PAY_004844,CUS_0278,21707.25,insufficient_funds,wallet,1,211434.01,0.8208,0.8482,8,6,0
PAY_004845,CUS_0439,30804.91,insufficient_funds,card,3,120243.71,0.7961,0.8478,3,3,1
PAY_004846,CUS_0669,2104.34,card_declined,wallet,1,293842.54,0.7466,0.5037,18,1,1
PAY_004847,CUS_0074,23991.88,network_error,card,0,219660.9,0.6109,0.7656,7,6,0
PAY_004848,CUS_0147,15368.68,network_error,wallet,1,90839.0,0.919,0.5384,21,0,0
PAY_004849,CUS_0305,19118.87,insufficient_funds,card,1,38966.76,0.9273,0.8599,15,2,1
PAY_004850,CUS_0049,4843.48,insufficient_funds,wallet,1,130380.97,0.8351,0.5722,13,4,0
PAY_004851,CUS_0292,6825.24,expired_method,upi,2,124805.07,0.8825,0.7152,5,3,1
PAY_004852,CUS_0117,10571.62,insufficient_funds,netbanking,2,191964.55,0.8217,0.8859,10,0,0
PAY_004853,CUS_0752,27562.27,renewal_failed,card,1,180945.12,0.7404,0.6245,19,1,1
PAY_004854,CUS_0414,13065.4,network_error,card,1,156772.99,0.8701,0.7802,19,1,0
PAY_004855,CUS_0316,42657.77,renewal_failed,wallet,0,49301.93,0.8552,0.6762,7,6,0
PAY_004856,CUS_0491,3213.36,expired_method,netbanking,2,190715.67,0.8533,0.8073,20,3,0
PAY_004857,CUS_0588,10908.6,insufficient_funds,card,1,118873.79,0.8238,0.4782,18,1,0
PAY_004858,CUS_0666,5930.09,expired_method,upi,2,239728.36,0.7145,0.9137,19,4,0
PAY_004859,CUS_0559,14239.77,expired_method,card,3,200582.59,0.7677,0.8313,19,1,0
PAY_004860,CUS_0209,19171.39,insufficient_funds,netbanking,0,171378.61,0.7664,0.7588,7,4,1
PAY_004861,CUS_0667,27865.81,renewal_failed,card,1,266211.71,0.8522,0.5532,9,2,0
PAY_004862,CUS_0175,11546.6,card_declined,card,1,252510.07,0.9081,0.8257,9,1,1
PAY_004863,CUS_0199,38828.8,card_declined,wallet,2,311702.26,0.6526,0.4529,13,0,0
PAY_004864,CUS_0368,7383.39,network_error,card,2,255179.26,0.6478,0.7111,19,1,0
PAY_004865,CUS_0321,5528.91,network_error,netbanking,1,8178.09,0.9622,0.7332,12,2,1
PAY_004866,CUS_0624,39649.33,renewal_failed,netbanking,2,120037.3,0.8734,0.4119,15,4,0
PAY_004867,CUS_0069,3904.59,renewal_failed,netbanking,2,25991.48,0.9368,0.8081,12,0,0
PAY_004868,CUS_0084,39059.23,network_error,card,0,207511.22,0.9403,0.8409,21,3,0
PAY_004869,CUS_0549,13849.25,renewal_failed,card,1,187178.37,0.837,0.7385,17,4,1
PAY_004870,CUS_0297,8095.39,insufficient_funds,card,0,144069.87,0.69,0.9117,6,2,1
PAY_004871,CUS_0002,9897.67,insufficient_funds,wallet,1,271848.4,0.8716,0.9227,9,4,1
PAY_004872,CUS_0668,5876.44,network_error,upi,1,308198.84,0.834,0.5222,17,6,0
PAY_004873,CUS_0354,14608.21,expired_method,wallet,2,267796.95,0.8203,0.7605,19,2,0
PAY_004874,CUS_0101,5206.61,insufficient_funds,card,0,117420.43,0.9288,0.7226,8,2,0
PAY_004875,CUS_0622,20259.24,card_declined,card,1,207898.56,0.7149,0.8473,15,1,0
PAY_004876,CUS_0801,11845.29,insufficient_funds,card,2,17815.89,0.6931,0.7319,18,6,1
PAY_004877,CUS_0543,14802.26,expired_method,card,1,284268.38,0.7811,0.8416,10,3,0
PAY_004878,CUS_0814,23772.45,renewal_failed,card,1,147434.53,0.9258,0.8163,19,4,0
PAY_004879,CUS_0676,51549.67,network_error,upi,1,243391.9,0.8988,0.5014,9,4,0
PAY_004880,CUS_0179,8780.35,card_declined,netbanking,2,119119.94,0.8677,0.4877,9,6,1
PAY_004881,CUS_0606,11430.44,network_error,netbanking,1,19203.88,0.6404,0.6462,8,4,0
PAY_004882,CUS_0414,6004.05,card_declined,upi,3,63823.92,0.9288,0.8869,8,1,1
PAY_004883,CUS_0807,22256.26,network_error,card,1,249669.64,0.8815,0.8406,16,6,0
PAY_004884,CUS_0046,33813.02,renewal_failed,netbanking,1,241784.68,0.9123,0.8337,20,4,0
PAY_004885,CUS_0313,8090.58,network_error,upi,2,236749.67,0.8891,0.8366,16,4,0
PAY_004886,CUS_0816,11601.07,expired_method,card,2,42475.93,0.7598,0.7451,20,4,0
PAY_004887,CUS_0321,5838.45,network_error,card,0,227333.84,0.672,0.7593,9,5,0
PAY_004888,CUS_0346,16531.09,card_declined,netbanking,2,127352.93,0.8308,0.8017,19,4,0
PAY_004889,CUS_0095,5382.86,card_declined,netbanking,1,285171.1,0.7569,0.7245,18,0,0
PAY_004890,CUS_0730,24875.12,insufficient_funds,upi,0,205207.06,0.8723,0.7832,22,1,0
PAY_004891,CUS_0274,19242.56,insufficient_funds,wallet,1,246256.22,0.8672,0.6878,18,6,0
PAY_004892,CUS_0458,7968.97,renewal_failed,netbanking,1,158820.72,0.7502,0.9272,15,5,0
PAY_004893,CUS_0228,10864.71,insufficient_funds,upi,1,192504.67,0.8473,0.8728,7,3,1
PAY_004894,CUS_0562,3225.58,insufficient_funds,wallet,1,287409.51,0.7525,0.7173,19,4,0
PAY_004895,CUS_0445,48453.82,renewal_failed,upi,1,59684.03,0.7275,0.5128,11,6,0
PAY_004896,CUS_0113,19425.09,expired_method,card,3,147149.42,0.8824,0.8273,19,0,1
PAY_004897,CUS_0618,17376.05,renewal_failed,upi,2,280673.25,0.9316,0.8142,7,3,1
PAY_004898,CUS_0450,14445.64,card_declined,card,2,100265.96,0.7564,0.8204,15,1,0
PAY_004899,CUS_0069,16809.8,expired_method,wallet,1,226803.69,0.8902,0.7039,10,0,0
PAY_004900,CUS_0767,6913.07,insufficient_funds,upi,3,222153.74,0.7732,0.5325,19,2,0
PAY_004901,CUS_0572,35778.02,renewal_failed,card,2,26587.91,0.8058,0.8188,20,2,0
PAY_004902,CUS_0031,45154.88,network_error,wallet,1,69500.69,0.6005,0.5326,18,0,0
PAY_004903,CUS_0414,13886.04,renewal_failed,upi,1,254268.18,0.8769,0.5349,16,0,0
PAY_004904,CUS_0702,9146.72,insufficient_funds,upi,1,8543.85,0.7833,0.6142,17,3,0
PAY_004905,CUS_0146,9241.38,renewal_failed,netbanking,1,192929.58,0.9223,0.8124,17,4,0
PAY_004906,CUS_0220,18478.51,expired_method,upi,0,45449.53,0.7856,0.7108,10,3,0
PAY_004907,CUS_0832,26064.82,insufficient_funds,netbanking,1,212044.74,0.8437,0.7028,17,6,0
PAY_004908,CUS_0102,19431.91,network_error,netbanking,0,18834.79,0.883,0.7054,16,4,1
PAY_004909,CUS_0536,33573.22,renewal_failed,upi,1,40902.9,0.8154,0.8432,18,4,1
PAY_004910,CUS_0662,6352.94,expired_method,upi,0,299613.44,0.8601,0.7351,15,3,0
PAY_004911,CUS_0525,25206.36,network_error,card,2,106227.92,0.6739,0.7785,19,2,0
PAY_004912,CUS_0843,3569.95,card_declined,netbanking,0,268837.27,0.9377,0.5786,17,0,0
PAY_004913,CUS_0805,4777.11,network_error,netbanking,0,215158.08,0.9384,0.513,8,2,1
PAY_004914,CUS_0634,36639.02,renewal_failed,netbanking,2,314308.0,0.8013,0.8731,18,0,0
PAY_004915,CUS_0312,59128.56,renewal_failed,card,1,294943.61,0.9601,0.8327,1,0,0
PAY_004916,CUS_0789,8945.23,insufficient_funds,upi,1,199408.7,0.7825,0.709,19,6,0
PAY_004917,CUS_0199,13788.68,network_error,netbanking,0,66369.5,0.8491,0.7786,18,4,0
PAY_004918,CUS_0838,17195.48,insufficient_funds,upi,3,58451.21,0.8087,0.9046,16,5,0
PAY_004919,CUS_0452,6698.63,network_error,upi,0,191790.35,0.8249,0.6519,14,1,1
PAY_004920,CUS_0829,13856.41,network_error,netbanking,1,239819.16,0.8899,0.7666,9,3,0
PAY_004921,CUS_0057,10258.03,expired_method,netbanking,1,36201.18,0.8382,0.9077,14,2,0
PAY_004922,CUS_0454,16305.69,insufficient_funds,card,1,116769.22,0.7271,0.6962,8,6,0
PAY_004923,CUS_0335,9303.39,renewal_failed,netbanking,1,137920.37,0.8476,0.7132,20,2,0
PAY_004924,CUS_0418,49456.93,renewal_failed,card,2,281855.4,0.7882,0.7784,16,1,0
PAY_004925,CUS_0461,14252.56,expired_method,netbanking,2,140271.13,0.9214,0.5126,17,6,0
PAY_004926,CUS_0749,23410.11,card_declined,card,0,207644.64,0.7376,0.6706,21,5,0
PAY_004927,CUS_0745,10448.36,renewal_failed,netbanking,1,31314.4,0.8486,0.8624,17,5,0
PAY_004928,CUS_0463,6997.1,card_declined,wallet,1,19377.09,0.8442,0.7464,21,2,1
PAY_004929,CUS_0236,16874.62,renewal_failed,card,1,68232.42,0.8926,0.6861,8,0,0
PAY_004930,CUS_0574,41281.43,expired_method,upi,1,317345.28,0.8822,0.7571,20,0,1
PAY_004931,CUS_0767,6915.16,renewal_failed,wallet,0,147180.97,0.8433,0.8796,23,2,0
PAY_004932,CUS_0575,19609.54,network_error,upi,2,215975.91,0.8124,0.8965,7,3,0
PAY_004933,CUS_0769,8238.67,insufficient_funds,netbanking,1,294578.23,0.8495,0.8942,19,0,1
PAY_004934,CUS_0807,10664.03,renewal_failed,card,3,239795.18,0.8371,0.7985,16,5,0
PAY_004935,CUS_0847,6535.7,insufficient_funds,wallet,1,73778.9,0.8651,0.5449,16,0,0
PAY_004936,CUS_0540,2719.93,insufficient_funds,card,0,283929.9,0.935,0.8031,10,5,0
PAY_004937,CUS_0559,5571.92,network_error,upi,1,65904.57,0.6686,0.8155,15,6,0
PAY_004938,CUS_0272,6755.44,card_declined,wallet,1,47947.44,0.7252,0.81,9,0,0
PAY_004939,CUS_0619,4349.55,card_declined,upi,2,92359.93,0.7302,0.5488,19,6,0
PAY_004940,CUS_0465,12546.13,card_declined,upi,1,89462.61,0.9265,0.6735,14,1,1
PAY_004941,CUS_0199,20698.4,card_declined,card,0,85397.43,0.8369,0.7951,10,2,0
PAY_004942,CUS_0262,5686.66,renewal_failed,netbanking,2,298428.94,0.8739,0.7914,7,5,0
PAY_004943,CUS_0200,9544.32,expired_method,netbanking,1,58064.94,0.8863,0.945,14,6,0
PAY_004944,CUS_0805,15110.41,card_declined,netbanking,1,252610.04,0.7824,0.7293,17,6,1
PAY_004945,CUS_0761,14110.37,insufficient_funds,card,1,231823.65,0.7888,0.5351,18,6,1
PAY_004946,CUS_0408,8850.33,renewal_failed,card,2,136780.2,0.8086,0.7331,16,3,0
PAY_004947,CUS_0401,6801.82,network_error,card,1,162300.22,0.9372,0.8605,13,4,0
PAY_004948,CUS_0229,39630.18,network_error,upi,2,79581.28,0.8438,0.7589,20,3,0
PAY_004949,CUS_0503,19510.84,renewal_failed,upi,2,209364.57,0.7117,0.7651,8,0,1
PAY_004950,CUS_0216,2952.77,network_error,upi,2,32866.74,0.8092,0.7418,8,6,1
PAY_004951,CUS_0826,37831.48,expired_method,upi,0,153724.41,0.8681,0.8833,16,5,1
PAY_004952,CUS_0058,8136.43,renewal_failed,netbanking,0,314325.1,0.8956,0.8808,18,2,0
PAY_004953,CUS_0082,16015.66,renewal_failed,netbanking,1,32392.2,0.9543,0.8436,16,5,0
PAY_004954,CUS_0820,8191.47,card_declined,upi,1,250281.99,0.7841,0.8138,8,3,0
PAY_004955,CUS_0231,16930.47,card_declined,wallet,2,313866.89,0.7514,0.8094,14,6,0
PAY_004956,CUS_0695,7046.36,card_declined,upi,3,228245.39,0.9039,0.7115,1,1,0
PAY_004957,CUS_0367,10765.93,insufficient_funds,card,2,232906.72,0.7926,0.8121,20,6,0
PAY_004958,CUS_0035,2497.92,expired_method,card,2,76702.25,0.8473,0.8452,3,0,1
PAY_004959,CUS_0725,1827.82,expired_method,upi,1,251379.55,0.909,0.7309,10,3,0
PAY_004960,CUS_0804,11155.18,renewal_failed,card,1,185039.63,0.673,0.8344,18,5,1
PAY_004961,CUS_0061,12781.8,renewal_failed,card,1,62667.1,0.9255,0.8852,19,5,1
PAY_004962,CUS_0427,8805.88,renewal_failed,wallet,1,205106.86,0.8426,0.7772,8,2,0
PAY_004963,CUS_0542,18588.59,expired_method,wallet,1,134813.97,0.7897,0.8619,20,5,1
PAY_004964,CUS_0609,11990.72,card_declined,netbanking,0,303064.97,0.8641,0.7977,13,1,1
PAY_004965,CUS_0821,13926.12,network_error,upi,0,221236.0,0.8021,0.7618,20,3,1
PAY_004966,CUS_0089,13106.68,card_declined,card,1,265148.37,0.8936,0.6013,19,2,1
PAY_004967,CUS_0291,12248.93,renewal_failed,upi,2,135004.23,0.6412,0.7671,10,0,0
PAY_004968,CUS_0364,19949.83,card_declined,upi,1,115382.84,0.8446,0.5225,13,3,0
PAY_004969,CUS_0556,30343.11,insufficient_funds,upi,1,182978.91,0.7989,0.9068,15,5,0
PAY_004970,CUS_0576,2903.15,insufficient_funds,wallet,2,182555.64,0.828,0.8283,13,1,0
PAY_004971,CUS_0683,11942.02,expired_method,wallet,1,48979.02,0.8248,0.7931,21,4,0
PAY_004972,CUS_0407,18348.97,network_error,upi,0,76058.6,0.9007,0.852,17,6,1
PAY_004973,CUS_0294,6850.34,card_declined,card,2,196910.32,0.8415,0.8389,19,1,1
PAY_004974,CUS_0307,55764.72,renewal_failed,wallet,1,207594.96,0.7959,0.7006,14,5,1
PAY_004975,CUS_0710,18711.47,card_declined,wallet,3,60590.53,0.6665,0.7787,19,5,0
PAY_004976,CUS_0282,33898.17,expired_method,netbanking,3,78974.95,0.785,0.5731,10,5,0
PAY_004977,CUS_0813,1979.76,network_error,upi,1,110235.65,0.8357,0.8684,20,2,0
PAY_004978,CUS_0467,22420.95,insufficient_funds,wallet,1,38960.71,0.8514,0.8148,10,2,1
PAY_004979,CUS_0802,17347.19,expired_method,wallet,1,249630.14,0.9164,0.8229,17,1,0
PAY_004980,CUS_0687,20298.3,renewal_failed,netbanking,2,203311.19,0.7959,0.6341,15,4,1
PAY_004981,CUS_0318,9896.33,card_declined,card,0,190990.58,0.8664,0.7932,12,3,1
PAY_004982,CUS_0515,9455.17,insufficient_funds,netbanking,1,133834.98,0.89,0.8801,19,3,1
PAY_004983,CUS_0513,9200.24,expired_method,upi,0,287464.23,0.8484,0.5279,8,6,1
PAY_004984,CUS_0050,15563.53,renewal_failed,wallet,1,315754.46,0.5484,0.8544,22,6,0
PAY_004985,CUS_0694,52277.0,renewal_failed,upi,1,52561.54,0.9169,0.7505,6,3,0
PAY_004986,CUS_0242,8367.68,expired_method,wallet,1,30592.18,0.9583,0.6002,0,3,1
PAY_004987,CUS_0737,4096.43,network_error,card,2,84230.5,0.8141,0.853,22,3,0
PAY_004988,CUS_0292,15667.55,renewal_failed,wallet,0,82681.3,0.873,0.6155,17,1,0
PAY_004989,CUS_0047,20654.61,card_declined,wallet,0,94330.6,0.8325,0.6914,11,0,0
PAY_004990,CUS_0471,7013.27,card_declined,upi,1,94953.5,0.8229,0.6615,6,1,0
PAY_004991,CUS_0208,17209.41,card_declined,wallet,1,300010.95,0.8025,0.7804,16,4,0
PAY_004992,CUS_0438,9178.74,card_declined,netbanking,1,83897.08,0.8761,0.6176,14,1,0
PAY_004993,CUS_0224,6443.19,card_declined,netbanking,1,147169.51,0.7485,0.806,14,3,0
PAY_004994,CUS_0555,3029.93,network_error,card,1,97869.53,0.8118,0.5454,16,4,0
PAY_004995,CUS_0139,32145.57,expired_method,upi,2,246347.2,0.8042,0.6035,17,0,1
PAY_004996,CUS_0632,15083.68,expired_method,wallet,1,181172.98,0.664,0.693,20,1,0
PAY_004997,CUS_0827,15293.19,expired_method,card,0,60433.77,0.6783,0.8764,16,2,0
PAY_004998,CUS_0360,6953.54,card_declined,netbanking,1,275039.94,0.8541,0.822,19,6,1
PAY_004999,CUS_0805,7849.47,expired_method,card,1,275698.5,0.9009,0.7528,12,3,1
PAY_005000,CUS_0083,9996.23,network_error,card,2,110929.43,0.7303,0.7787,18,4,1
